CustomerID,LastInvoiceDate,Recency,Frequency,Monetary,Weekend_Ratio,Night_Shopper,Basket_Diversity,Return_Rate,ClusterID,ClusterName
12346,2011-01-18 10:01:00,326.0,12.0,77556.46,0.0,0.0,27.0,0.2941176470588235,5,High Returns
12347,2011-12-07 15:52:00,2.0,8.0,5633.32,0.125,0.0,126.0,0.0,1,High Recency • High Frequency
12348,2011-09-25 13:13:00,75.0,5.0,2019.4,0.2,0.0,25.0,0.0,1,High Recency • High Frequency
12349,2011-11-21 09:51:00,19.0,4.0,4428.69,0.0,0.0,138.0,0.2,5,High Returns
12350,2011-02-02 16:01:00,310.0,1.0,334.4,0.0,0.0,17.0,0.0,1,High Recency • High Frequency
12351,2010-11-29 15:23:00,375.0,1.0,300.93,0.0,0.0,21.0,0.0,1,High Recency • High Frequency
12352,2011-11-03 14:37:00,36.0,10.0,2849.84,0.0,0.0,70.0,0.2307692307692307,5,High Returns
12353,2011-05-19 17:47:00,204.0,2.0,406.76,0.0,0.0,23.0,0.0,1,High Recency • High Frequency
12354,2011-04-21 13:11:00,232.0,1.0,1079.4,0.0,0.0,58.0,0.0,1,High Recency • High Frequency
12355,2011-05-09 13:49:00,214.0,2.0,947.61,0.0,0.0,35.0,0.0,1,High Recency • High Frequency
12356,2011-11-17 08:40:00,23.0,6.0,6373.68,0.0,0.0,104.0,0.0,1,High Recency • High Frequency
12357,2011-11-06 16:07:00,33.0,3.0,18287.66,0.3333333333333333,0.0,261.0,0.0,3,Diverse Basket • Frequent
12358,2011-12-08 10:26:00,2.0,5.0,3887.07,0.0,0.0,56.0,0.0,1,High Recency • High Frequency
12359,2011-10-13 12:47:00,58.0,10.0,8935.939999999999,0.2,0.0,305.0,0.2857142857142857,3,Diverse Basket • Frequent
12360,2011-10-18 15:22:00,52.0,8.0,4252.889999999999,0.0,0.0,160.0,0.1111111111111111,3,Diverse Basket • Frequent
12361,2011-02-25 13:51:00,287.0,4.0,511.25,0.25,0.0,18.0,0.0,1,High Recency • High Frequency
12362,2011-12-06 15:40:00,3.0,11.0,5356.23,0.0,0.0,201.0,0.2142857142857142,3,Diverse Basket • Frequent
12363,2011-08-22 10:18:00,110.0,2.0,552.0,0.0,0.0,23.0,0.0,1,High Recency • High Frequency
12364,2011-12-02 10:22:00,8.0,4.0,1313.1,0.25,0.0,70.0,0.0,1,High Recency • High Frequency
12365,2011-02-21 14:04:00,291.0,2.0,641.38,0.0,0.0,22.0,0.3333333333333333,5,High Returns
12366,2010-03-16 10:28:00,634.0,1.0,500.24,0.0,0.0,3.0,0.0,1,High Recency • High Frequency
12367,2011-12-05 16:48:00,4.0,1.0,168.9,0.0,0.0,11.0,0.0,1,High Recency • High Frequency
12368,2010-03-21 15:56:00,628.0,1.0,917.7,1.0,0.0,18.0,0.0,4,Weekend Shoppers
12369,2010-10-22 13:13:00,413.0,3.0,1791.15,0.0,0.0,90.0,0.0,1,High Recency • High Frequency
12370,2011-10-19 14:51:00,51.0,7.0,4320.31,0.0,0.0,168.0,0.0,1,High Recency • High Frequency
12371,2011-10-26 10:16:00,45.0,5.0,4067.38,0.0,0.0,134.0,0.0,1,High Recency • High Frequency
12372,2011-09-29 12:12:00,72.0,3.0,1298.04,0.0,0.0,34.0,0.0,1,High Recency • High Frequency
12373,2011-02-01 13:10:00,311.0,3.0,1127.65,0.0,0.0,36.0,0.0,1,High Recency • High Frequency
12374,2011-11-14 15:37:00,25.0,4.0,2989.2200000000003,0.0,0.0,79.0,0.0,1,High Recency • High Frequency
12375,2011-11-29 10:36:00,11.0,2.0,457.5,0.0,0.0,14.0,0.3333333333333333,5,High Returns
12376,2010-11-15 12:15:00,390.0,2.0,503.15,0.0,0.0,11.0,0.0,1,High Recency • High Frequency
12377,2011-01-28 15:45:00,315.0,4.0,3426.32,0.0,0.0,129.0,0.0,1,High Recency • High Frequency
12378,2011-08-02 10:34:00,130.0,2.0,5416.32,0.0,0.0,281.0,0.0,3,Diverse Basket • Frequent
12379,2011-09-19 10:09:00,82.0,4.0,1620.22,0.0,0.0,58.0,0.2,5,High Returns
12380,2011-11-18 11:27:00,22.0,11.0,9676.3,0.0,0.0,156.0,0.2666666666666666,3,Diverse Basket • Frequent
12381,2011-12-05 12:44:00,5.0,5.0,1845.31,0.2,0.0,70.0,0.1666666666666666,1,High Recency • High Frequency
12383,2011-06-08 08:02:00,185.0,5.0,1850.56,0.0,0.0,84.0,0.1666666666666666,1,High Recency • High Frequency
12384,2011-11-11 08:39:00,29.0,2.0,585.27,0.0,0.0,26.0,0.3333333333333333,5,High Returns
12385,2010-11-25 15:14:00,379.0,1.0,1938.4,0.0,0.0,65.0,0.5,5,High Returns
12386,2011-01-06 12:37:00,338.0,2.0,660.8,0.0,0.0,10.0,0.0,1,High Recency • High Frequency
12387,2010-10-20 16:27:00,415.0,1.0,143.94,0.0,0.0,9.0,0.0,1,High Recency • High Frequency
12388,2011-11-24 12:30:00,16.0,8.0,3901.11,0.125,0.0,83.0,0.0,1,High Recency • High Frequency
12389,2010-11-02 11:52:00,403.0,3.0,1433.33,0.0,0.0,41.0,0.0,1,High Recency • High Frequency
12390,2011-09-21 09:33:00,80.0,1.0,549.84,0.0,0.0,32.0,0.0,1,High Recency • High Frequency
12391,2011-11-18 12:07:00,22.0,6.0,2773.42,0.0,0.0,241.0,0.1428571428571428,3,Diverse Basket • Frequent
12392,2010-04-27 14:04:00,591.0,1.0,234.75000000000003,0.0,0.0,7.0,0.0,1,High Recency • High Frequency
12393,2011-09-28 15:41:00,72.0,6.0,2399.45,0.0,0.0,63.0,0.1428571428571428,1,High Recency • High Frequency
12394,2011-10-07 08:08:00,64.0,2.0,1272.48,0.0,0.0,26.0,0.0,1,High Recency • High Frequency
12395,2011-11-20 15:21:00,19.0,15.0,5067.27,0.0666666666666666,0.0,145.0,0.1666666666666666,3,Diverse Basket • Frequent
12396,2010-02-03 13:22:00,674.0,1.0,931.43,0.0,0.0,65.0,0.0,1,High Recency • High Frequency
12397,2011-11-04 09:52:00,36.0,2.0,2409.9,0.0,0.0,110.0,0.0,1,High Recency • High Frequency
12398,2011-10-25 10:27:00,46.0,1.0,1635.66,0.0,0.0,85.0,0.0,1,High Recency • High Frequency
12399,2011-08-12 13:15:00,119.0,7.0,1962.3,0.0,0.0,67.0,0.0,1,High Recency • High Frequency
12400,2010-10-21 13:45:00,414.0,1.0,205.25,0.0,0.0,11.0,0.0,1,High Recency • High Frequency
12401,2011-02-09 13:50:00,303.0,1.0,84.3,0.0,0.0,5.0,0.0,1,High Recency • High Frequency
12402,2011-01-20 13:49:00,323.0,6.0,1256.9,0.3333333333333333,0.0,43.0,0.1428571428571428,1,High Recency • High Frequency
12403,2011-10-21 10:51:00,50.0,2.0,1019.36,0.0,0.0,5.0,0.3333333333333333,5,High Returns
12404,2010-01-26 16:25:00,682.0,1.0,63.24,0.0,0.0,1.0,0.0,1,High Recency • High Frequency
12405,2011-07-14 08:52:00,149.0,1.0,1710.39,0.0,0.0,54.0,0.0,1,High Recency • High Frequency
12406,2011-11-17 19:22:00,22.0,5.0,6390.360000000001,0.0,0.0,114.0,0.2857142857142857,5,High Returns
12407,2011-10-21 10:11:00,50.0,5.0,1708.12,0.2,0.0,57.0,0.0,1,High Recency • High Frequency
12408,2011-11-07 12:27:00,33.0,8.0,4340.77,0.0,0.0,104.0,0.4285714285714285,5,High Returns
12409,2011-09-22 10:38:00,79.0,7.0,23419.29,0.1428571428571428,0.0,177.0,0.4615384615384615,5,High Returns
12410,2011-02-04 10:39:00,309.0,3.0,1013.71,0.3333333333333333,0.0,36.0,0.25,5,High Returns
12411,2010-10-26 09:25:00,410.0,1.0,346.9,0.0,0.0,22.0,0.0,1,High Recency • High Frequency
12412,2011-09-26 10:16:00,75.0,6.0,2596.93,0.0,0.0,82.0,0.25,5,High Returns
12413,2011-10-04 09:00:00,67.0,4.0,999.45,0.25,0.0,41.0,0.3333333333333333,5,High Returns
12414,2011-05-06 14:51:00,217.0,6.0,952.41,0.0,0.0,21.0,0.25,5,High Returns
12415,2011-11-15 14:22:00,24.0,28.0,144458.37,0.0,0.0,498.0,0.1515151515151515,3,Diverse Basket • Frequent
12416,2010-02-21 10:19:00,657.0,1.0,202.56,1.0,0.0,11.0,0.0,4,Weekend Shoppers
12417,2011-12-06 14:52:00,3.0,20.0,6816.91,0.1,0.0,270.0,0.2592592592592592,3,Diverse Basket • Frequent
12418,2011-08-19 11:08:00,113.0,4.0,2021.2,0.0,0.0,90.0,0.2,5,High Returns
12419,2010-11-19 10:04:00,386.0,2.0,503.01,0.0,0.0,23.0,0.0,1,High Recency • High Frequency
12420,2011-10-07 08:55:00,64.0,1.0,600.39,0.0,0.0,29.0,0.0,1,High Recency • High Frequency
12421,2011-11-24 09:07:00,16.0,6.0,1098.6,0.1666666666666666,0.0,44.0,0.25,5,High Returns
12422,2011-09-05 09:48:00,96.0,17.0,5231.8,0.1176470588235294,0.0,137.0,0.1904761904761904,3,Diverse Basket • Frequent
12423,2011-12-09 10:10:00,1.0,10.0,2622.39,0.0,0.0,128.0,0.0909090909090909,3,Diverse Basket • Frequent
12424,2011-06-30 12:06:00,163.0,4.0,3340.03,0.0,0.0,78.0,0.4285714285714285,5,High Returns
12425,2011-09-22 17:31:00,78.0,2.0,1741.41,0.0,0.0,87.0,0.3333333333333333,5,High Returns
12426,2011-05-29 12:26:00,195.0,2.0,1345.21,0.5,0.0,73.0,0.3333333333333333,5,High Returns
12427,2011-11-18 08:56:00,22.0,3.0,1129.3,0.0,0.0,26.0,0.4,5,High Returns
12428,2011-11-14 08:22:00,26.0,9.0,7956.46,0.1111111111111111,0.0,258.0,0.25,3,Diverse Basket • Frequent
12429,2011-11-30 17:22:00,9.0,8.0,7485.91,0.0,0.0,124.0,0.1111111111111111,3,Diverse Basket • Frequent
12430,2011-10-27 15:09:00,43.0,1.0,256.4,0.0,0.0,11.0,0.0,1,High Recency • High Frequency
12431,2011-11-04 11:55:00,36.0,27.0,10857.97,0.074074074074074,0.0,244.0,0.1818181818181818,3,Diverse Basket • Frequent
12432,2011-10-28 11:43:00,43.0,5.0,5059.32,0.0,0.0,107.0,0.0,1,High Recency • High Frequency
12433,2011-12-09 10:02:00,1.0,10.0,20581.26,0.0,0.0,285.0,0.0909090909090909,3,Diverse Basket • Frequent
12434,2011-09-16 12:38:00,85.0,3.0,1103.43,0.0,0.0,62.0,0.4,5,High Returns
12435,2011-09-21 09:06:00,80.0,6.0,13925.93,0.0,0.0,88.0,0.0,1,High Recency • High Frequency
12436,2011-09-01 12:09:00,100.0,1.0,509.01,0.0,0.0,16.0,0.0,1,High Recency • High Frequency
12437,2011-12-08 11:35:00,2.0,39.0,12683.4,0.0512820512820512,0.0,273.0,0.1702127659574468,3,Diverse Basket • Frequent
12438,2011-11-25 13:28:00,14.0,2.0,2906.85,0.0,0.0,84.0,0.0,1,High Recency • High Frequency
12439,2010-01-26 12:11:00,683.0,2.0,1158.18,0.0,0.0,69.0,0.3333333333333333,5,High Returns
12440,2010-09-03 13:11:00,462.0,2.0,859.2,0.0,0.0,21.0,0.3333333333333333,5,High Returns
12441,2010-12-08 10:45:00,367.0,1.0,347.1,0.0,0.0,11.0,0.0,1,High Recency • High Frequency
12442,2011-12-06 14:22:00,3.0,1.0,172.06,0.0,0.0,12.0,0.0,1,High Recency • High Frequency
12443,2009-12-07 15:42:00,732.0,1.0,485.31,0.0,0.0,21.0,0.0,1,High Recency • High Frequency
12444,2011-11-18 13:23:00,21.0,5.0,5005.46,0.0,0.0,138.0,0.0,1,High Recency • High Frequency
12445,2011-11-17 18:43:00,22.0,2.0,434.98,0.0,0.0,24.0,0.3333333333333333,5,High Returns
12446,2011-10-13 12:50:00,58.0,1.0,1002.31,0.0,0.0,57.0,0.0,1,High Recency • High Frequency
12447,2011-04-10 13:25:00,243.0,1.0,476.49,1.0,0.0,26.0,0.0,4,Weekend Shoppers
12448,2011-10-26 13:46:00,44.0,1.0,449.45,0.0,0.0,22.0,0.0,1,High Recency • High Frequency
12449,2011-11-17 13:46:00,22.0,6.0,4835.89,0.1666666666666666,0.0,125.0,0.0,1,High Recency • High Frequency
12450,2011-07-06 14:41:00,156.0,5.0,688.2,0.4,0.0,31.0,0.2857142857142857,5,High Returns
12451,2011-11-29 08:40:00,11.0,8.0,12669.88,0.0,0.0,352.0,0.2,3,Diverse Basket • Frequent
12452,2011-11-23 10:28:00,17.0,2.0,430.57,0.0,0.0,21.0,0.3333333333333333,5,High Returns
12453,2011-07-28 14:08:00,134.0,1.0,707.09,0.0,0.0,43.0,0.0,1,High Recency • High Frequency
12454,2011-10-14 17:13:00,56.0,5.0,16679.78,0.0,0.0,24.0,0.4444444444444444,5,High Returns
12455,2011-09-27 15:31:00,73.0,10.0,5879.95,0.0,0.0,199.0,0.0,3,Diverse Basket • Frequent
12456,2011-10-26 14:41:00,44.0,3.0,3181.04,0.3333333333333333,0.0,105.0,0.25,5,High Returns
12457,2011-10-04 13:13:00,66.0,8.0,2995.91,0.0,0.0,63.0,0.4285714285714285,5,High Returns
12458,2011-09-29 15:25:00,71.0,4.0,1777.49,0.0,0.0,71.0,0.0,1,High Recency • High Frequency
12459,2010-04-13 14:53:00,605.0,1.0,454.36,0.0,0.0,23.0,0.0,1,High Recency • High Frequency
12460,2010-09-09 13:51:00,456.0,1.0,326.65,0.0,0.0,18.0,0.0,1,High Recency • High Frequency
12461,2011-09-06 16:57:00,94.0,2.0,826.88,0.0,0.0,35.0,0.0,1,High Recency • High Frequency
12462,2011-11-21 09:11:00,19.0,2.0,1189.59,0.0,0.0,51.0,0.5,5,High Returns
12463,2011-10-17 13:44:00,53.0,4.0,1344.78,0.0,0.0,65.0,0.4285714285714285,5,High Returns
12464,2011-11-29 13:33:00,10.0,8.0,1212.05,0.0,0.0,6.0,0.0,1,High Recency • High Frequency
12465,2011-11-22 16:34:00,17.0,2.0,742.19,0.0,0.0,46.0,0.3333333333333333,5,High Returns
12466,2010-01-26 16:26:00,682.0,1.0,56.73,0.0,0.0,1.0,0.0,1,High Recency • High Frequency
12467,2010-10-12 15:41:00,423.0,1.0,132.8,0.0,0.0,9.0,0.5,5,High Returns
12468,2011-06-05 11:36:00,188.0,5.0,3670.74,0.2,0.0,127.0,0.5,5,High Returns
12469,2010-07-05 12:40:00,523.0,2.0,3070.54,0.0,0.0,76.0,0.0,1,High Recency • High Frequency
12470,2010-01-19 11:01:00,690.0,1.0,211.95,0.0,0.0,23.0,0.0,1,High Recency • High Frequency
12471,2011-12-07 15:43:00,2.0,79.0,39963.79,0.0379746835443038,0.0,255.0,0.3875968992248062,3,Diverse Basket • Frequent
12472,2011-11-07 14:01:00,32.0,19.0,17880.59,0.1052631578947368,0.0,397.0,0.4864864864864865,3,Diverse Basket • Frequent
12473,2011-11-10 13:46:00,29.0,5.0,3938.55,0.0,0.0,140.0,0.4444444444444444,5,High Returns
12474,2011-11-22 14:39:00,17.0,31.0,12424.45,0.0967741935483871,0.0,369.0,0.4259259259259259,3,Diverse Basket • Frequent
12475,2011-10-17 10:10:00,54.0,2.0,1149.64,0.0,0.0,54.0,0.0,1,High Recency • High Frequency
12476,2011-11-24 12:40:00,16.0,23.0,14115.41,0.0434782608695652,0.0,358.0,0.3947368421052631,3,Diverse Basket • Frequent
12477,2011-11-17 09:51:00,23.0,9.0,20276.37,0.0,0.0,295.0,0.25,3,Diverse Basket • Frequent
12478,2011-12-06 09:56:00,4.0,1.0,680.99,0.0,0.0,36.0,0.0,1,High Recency • High Frequency
12479,2011-11-28 13:26:00,11.0,1.0,527.2,0.0,0.0,31.0,0.6666666666666666,5,High Returns
12480,2011-11-11 14:52:00,28.0,7.0,5464.85,0.0,0.0,177.0,0.125,3,Diverse Basket • Frequent
12481,2011-11-17 08:29:00,23.0,15.0,12361.39,0.1333333333333333,0.0,248.0,0.1666666666666666,3,Diverse Basket • Frequent
12482,2010-05-12 16:51:00,576.0,29.0,23691.4,0.1724137931034483,0.0,42.0,0.09375,1,High Recency • High Frequency
12483,2011-11-22 17:02:00,17.0,19.0,5120.58,0.1052631578947368,0.0,68.0,0.2962962962962963,5,High Returns
12484,2011-11-07 11:37:00,33.0,12.0,6370.150000000001,0.1666666666666666,0.0,329.0,0.25,3,Diverse Basket • Frequent
12485,2010-06-28 15:22:00,529.0,1.0,708.1,0.0,0.0,34.0,0.0,1,High Recency • High Frequency
12486,2010-10-04 12:14:00,432.0,1.0,1037.28,0.0,0.0,49.0,0.0,1,High Recency • High Frequency
12487,2009-12-09 11:36:00,731.0,1.0,285.29999999999995,0.0,0.0,2.0,0.5,5,High Returns
12488,2011-11-30 08:50:00,10.0,3.0,1298.66,0.3333333333333333,0.0,46.0,0.0,1,High Recency • High Frequency
12489,2011-01-07 13:13:00,336.0,1.0,334.93,0.0,0.0,15.0,0.0,1,High Recency • High Frequency
12490,2011-12-04 16:07:00,5.0,21.0,9823.64,0.1904761904761904,0.0,195.0,0.0454545454545454,3,Diverse Basket • Frequent
12491,2011-11-01 12:18:00,39.0,1.0,460.4,0.0,0.0,25.0,0.0,1,High Recency • High Frequency
12492,2011-10-07 15:15:00,63.0,3.0,715.21,0.0,0.0,38.0,0.0,1,High Recency • High Frequency
12493,2011-06-27 10:17:00,166.0,2.0,433.74,0.0,0.0,20.0,0.3333333333333333,5,High Returns
12494,2011-11-24 09:34:00,16.0,9.0,1872.87,0.2222222222222222,0.0,83.0,0.4705882352941176,5,High Returns
12495,2010-03-09 10:53:00,641.0,1.0,357.4,0.0,0.0,17.0,0.5,5,High Returns
12496,2010-03-29 14:06:00,620.0,2.0,54.09,0.0,0.0,10.0,0.0,1,High Recency • High Frequency
12497,2011-09-19 12:29:00,82.0,3.0,6248.5,0.0,0.0,41.0,0.25,5,High Returns
12498,2011-11-18 12:53:00,21.0,3.0,403.7,0.0,0.0,21.0,0.0,1,High Recency • High Frequency
12499,2010-05-28 15:12:00,560.0,1.0,393.72,0.0,0.0,27.0,0.0,1,High Recency • High Frequency
12500,2011-11-16 16:20:00,23.0,19.0,5955.21,0.0526315789473684,0.0,88.0,0.24,3,Diverse Basket • Frequent
12501,2011-01-07 12:28:00,337.0,1.0,2169.39,0.0,0.0,149.0,0.5,5,High Returns
12502,2011-09-05 11:52:00,96.0,5.0,3723.87,0.0,0.0,102.0,0.0,1,High Recency • High Frequency
12503,2010-05-04 13:59:00,584.0,1.0,1126.0,0.0,0.0,2.0,0.5,5,High Returns
12504,2011-11-21 16:02:00,18.0,4.0,779.05,0.0,0.0,11.0,0.3333333333333333,5,High Returns
12505,2010-10-27 09:18:00,409.0,1.0,955.2,0.0,0.0,42.0,0.6666666666666666,5,High Returns
12506,2011-04-21 08:54:00,233.0,1.0,73.5,0.0,0.0,23.0,0.0,1,High Recency • High Frequency
12507,2011-07-28 17:09:00,134.0,4.0,1844.06,0.0,0.0,46.0,0.2,1,High Recency • High Frequency
12508,2011-11-13 15:37:00,26.0,2.0,398.27,0.5,0.0,57.0,0.0,4,Weekend Shoppers
12509,2011-02-28 14:45:00,284.0,1.0,176.5,0.0,0.0,7.0,0.0,1,High Recency • High Frequency
12510,2011-07-20 10:15:00,143.0,9.0,5178.02,0.0,0.0,94.0,0.4375,5,High Returns
12511,2010-10-07 10:39:00,429.0,1.0,3084.02,0.0,0.0,190.0,0.5,5,High Returns
12512,2011-10-04 14:55:00,66.0,2.0,138.03,0.0,0.0,31.0,0.0,1,High Recency • High Frequency
12513,2011-08-19 10:51:00,113.0,1.0,612.29,0.0,0.0,35.0,0.5,5,High Returns
12514,2011-03-17 16:38:00,267.0,2.0,1597.76,0.0,0.0,76.0,0.0,1,High Recency • High Frequency
12515,2010-12-21 15:43:00,353.0,1.0,383.7,0.0,0.0,16.0,0.0,1,High Recency • High Frequency
12516,2011-09-23 09:13:00,78.0,4.0,2648.62,0.25,0.0,49.0,0.0,1,High Recency • High Frequency
12517,2011-11-11 14:04:00,28.0,5.0,2502.84,0.0,0.0,232.0,0.1666666666666666,3,Diverse Basket • Frequent
12518,2011-12-09 10:13:00,1.0,5.0,2056.89,0.2,0.0,84.0,0.0,1,High Recency • High Frequency
12519,2011-10-07 09:26:00,64.0,2.0,726.54,0.0,0.0,34.0,0.3333333333333333,5,High Returns
12520,2011-09-21 15:23:00,79.0,5.0,2634.26,0.0,0.0,121.0,0.1666666666666666,1,High Recency • High Frequency
12521,2011-07-20 10:51:00,143.0,1.0,599.68,0.0,0.0,38.0,0.0,1,High Recency • High Frequency
12522,2011-10-31 15:30:00,39.0,2.0,192.72,0.0,0.0,11.0,0.0,1,High Recency • High Frequency
12523,2011-11-20 12:55:00,19.0,23.0,4372.15,0.1304347826086956,0.0,176.0,0.2333333333333333,3,Diverse Basket • Frequent
12524,2011-11-30 15:31:00,9.0,17.0,11126.11,0.0588235294117647,0.0,157.0,0.0555555555555555,3,Diverse Basket • Frequent
12525,2010-07-29 16:08:00,498.0,3.0,973.73,0.0,0.0,56.0,0.625,5,High Returns
12526,2011-12-09 12:09:00,1.0,3.0,1316.66,0.0,0.0,64.0,0.0,1,High Recency • High Frequency
12527,2011-09-19 11:55:00,82.0,5.0,735.51,0.0,0.0,26.0,0.0,1,High Recency • High Frequency
12528,2011-11-30 14:40:00,9.0,6.0,1933.48,0.0,0.0,50.0,0.25,5,High Returns
12529,2010-06-29 13:10:00,528.0,1.0,316.48,0.0,0.0,21.0,0.5,5,High Returns
12530,2011-10-11 12:34:00,60.0,9.0,3759.26,0.1111111111111111,0.0,94.0,0.25,5,High Returns
12531,2011-11-25 11:12:00,15.0,2.0,1933.2,0.0,0.0,126.0,0.3333333333333333,5,High Returns
12532,2011-11-09 13:47:00,30.0,1.0,349.83000000000004,0.0,0.0,16.0,0.0,1,High Recency • High Frequency
12533,2010-03-22 10:56:00,628.0,2.0,1367.89,0.0,0.0,63.0,0.6666666666666666,5,High Returns
12534,2011-08-01 10:26:00,131.0,1.0,1089.18,0.0,0.0,63.0,0.0,1,High Recency • High Frequency
12535,2011-09-09 08:48:00,92.0,2.0,716.3499999999999,0.0,0.0,28.0,0.0,1,High Recency • High Frequency
12536,2011-10-27 14:20:00,43.0,3.0,12601.830000000002,0.0,0.0,260.0,0.4,3,Diverse Basket • Frequent
12537,2010-10-27 08:36:00,409.0,1.0,732.94,0.0,0.0,43.0,0.0,1,High Recency • High Frequency
12538,2011-11-10 17:16:00,29.0,2.0,640.45,0.0,0.0,33.0,0.0,1,High Recency • High Frequency
12539,2011-11-17 13:30:00,22.0,7.0,11214.75,0.0,0.0,276.0,0.125,3,Diverse Basket • Frequent
12540,2011-11-20 11:31:00,20.0,33.0,22254.49,0.0606060606060606,0.0,354.0,0.0833333333333333,3,Diverse Basket • Frequent
12541,2011-11-10 10:40:00,30.0,3.0,981.18,0.3333333333333333,0.0,46.0,0.0,1,High Recency • High Frequency
12542,2010-08-12 19:12:00,484.0,2.0,481.88,0.0,0.0,39.0,0.5,5,High Returns
12543,2010-09-17 15:51:00,448.0,1.0,980.25,0.0,0.0,43.0,0.0,1,High Recency • High Frequency
12544,2011-11-03 16:15:00,36.0,1.0,372.7,0.0,0.0,19.0,0.5,5,High Returns
12545,2011-09-25 13:39:00,75.0,2.0,1000.39,0.5,0.0,42.0,0.0,4,Weekend Shoppers
12546,2011-10-24 12:09:00,47.0,2.0,1161.5,0.0,0.0,59.0,0.3333333333333333,5,High Returns
12547,2011-05-26 12:38:00,198.0,3.0,383.58,0.0,0.0,13.0,0.0,1,High Recency • High Frequency
12548,2011-06-26 15:35:00,166.0,1.0,95.2,1.0,0.0,5.0,0.0,4,Weekend Shoppers
12549,2010-05-13 12:05:00,576.0,6.0,1575.68,0.0,0.0,38.0,0.0,1,High Recency • High Frequency
12550,2011-09-21 14:35:00,79.0,1.0,964.83,0.0,0.0,57.0,0.0,1,High Recency • High Frequency
12551,2010-12-17 11:23:00,358.0,1.0,168.0,0.0,0.0,10.0,0.0,1,High Recency • High Frequency
12552,2011-11-01 10:02:00,39.0,2.0,437.82,0.0,0.0,20.0,0.0,1,High Recency • High Frequency
12553,2011-12-01 16:38:00,8.0,12.0,4608.75,0.0833333333333333,0.0,109.0,0.2941176470588235,5,High Returns
12554,2010-09-17 12:29:00,449.0,1.0,468.5,0.0,0.0,26.0,0.0,1,High Recency • High Frequency
12555,2010-01-26 16:26:00,682.0,1.0,129.23,0.0,0.0,1.0,0.0,1,High Recency • High Frequency
12556,2011-10-20 13:06:00,50.0,2.0,603.71,0.0,0.0,100.0,0.0,1,High Recency • High Frequency
12557,2011-11-23 16:59:00,16.0,8.0,18716.14,0.125,0.0,15.0,0.0,1,High Recency • High Frequency
12558,2011-12-02 10:41:00,8.0,1.0,269.96,0.0,0.0,11.0,0.5,5,High Returns
12559,2011-02-02 09:49:00,311.0,2.0,561.71,0.0,0.0,21.0,0.3333333333333333,5,High Returns
12560,2011-12-04 13:54:00,5.0,3.0,2134.01,0.3333333333333333,0.0,91.0,0.25,5,High Returns
12561,2011-02-10 11:39:00,303.0,1.0,238.85,0.0,0.0,16.0,0.0,1,High Recency • High Frequency
12562,2011-12-01 17:20:00,8.0,9.0,4966.92,0.0,0.0,113.0,0.0,1,High Recency • High Frequency
12563,2010-10-27 09:52:00,409.0,1.0,249.24,0.0,0.0,13.0,0.0,1,High Recency • High Frequency
12564,2011-03-23 14:55:00,261.0,1.0,456.9,0.0,0.0,21.0,0.0,1,High Recency • High Frequency
12565,2011-02-24 10:34:00,289.0,1.0,145.92,0.0,0.0,9.0,0.5,5,High Returns
12566,2011-09-14 14:30:00,86.0,1.0,351.65,0.0,0.0,19.0,0.5,5,High Returns
12567,2011-11-17 11:02:00,23.0,15.0,13709.86,0.2,0.0,365.0,0.1176470588235294,3,Diverse Basket • Frequent
12568,2010-03-05 09:15:00,645.0,1.0,70.0,0.0,0.0,5.0,0.0,1,High Recency • High Frequency
12569,2011-12-07 16:24:00,2.0,32.0,4124.6900000000005,0.0625,0.0,92.0,0.0857142857142857,3,Diverse Basket • Frequent
12570,2010-01-26 17:28:00,682.0,1.0,77.52,0.0,0.0,1.0,0.0,1,High Recency • High Frequency
12571,2011-10-31 10:19:00,40.0,2.0,519.61,0.0,0.0,31.0,0.0,1,High Recency • High Frequency
12572,2011-12-01 09:20:00,9.0,2.0,1020.42,0.0,0.0,53.0,0.3333333333333333,5,High Returns
12573,2011-04-26 15:52:00,227.0,5.0,717.4100000000001,0.2,0.0,107.0,0.0,1,High Recency • High Frequency
12574,2011-01-28 09:20:00,316.0,1.0,218.45,0.0,0.0,11.0,0.0,1,High Recency • High Frequency
12575,2010-09-08 13:09:00,457.0,2.0,622.8199999999999,0.0,0.0,34.0,0.0,1,High Recency • High Frequency
12576,2011-11-04 10:11:00,36.0,8.0,2142.72,0.0,0.0,114.0,0.2727272727272727,5,High Returns
12577,2011-11-04 13:24:00,35.0,8.0,1653.75,0.0,0.0,259.0,0.1111111111111111,3,Diverse Basket • Frequent
12578,2011-11-18 13:30:00,21.0,4.0,4642.45,0.0,0.0,149.0,0.4285714285714285,5,High Returns
12579,2011-09-22 17:15:00,78.0,1.0,440.42,0.0,0.0,29.0,0.6666666666666666,5,High Returns
12580,2011-04-07 10:24:00,247.0,2.0,1052.9,0.0,0.0,52.0,0.0,1,High Recency • High Frequency
12581,2011-10-31 08:56:00,40.0,1.0,197.71,0.0,0.0,15.0,0.0,1,High Recency • High Frequency
12582,2011-04-15 08:45:00,239.0,4.0,1980.4,0.0,0.0,88.0,0.0,1,High Recency • High Frequency
12583,2011-12-07 08:07:00,3.0,27.0,14447.44,0.1481481481481481,0.0,141.0,0.1290322580645161,3,Diverse Basket • Frequent
12584,2011-12-06 09:35:00,4.0,9.0,2338.15,0.1111111111111111,0.0,44.0,0.5,5,High Returns
12585,2011-04-19 13:39:00,234.0,2.0,2040.1,0.0,0.0,77.0,0.5,5,High Returns
12586,2011-11-22 16:24:00,17.0,4.0,2062.67,0.0,0.0,82.0,0.2,5,High Returns
12587,2011-12-02 12:47:00,8.0,1.0,144.0,0.0,0.0,4.0,0.0,1,High Recency • High Frequency
12588,2011-10-31 15:01:00,39.0,4.0,958.78,0.0,0.0,31.0,0.2,5,High Returns
12589,2011-11-11 10:19:00,29.0,8.0,4695.66,0.0,0.0,121.0,0.2727272727272727,5,High Returns
12590,2011-05-12 14:52:00,211.0,2.0,9864.26,0.0,0.0,68.0,0.6,5,High Returns
12591,2011-01-26 14:35:00,317.0,3.0,1352.15,0.3333333333333333,0.0,63.0,0.0,1,High Recency • High Frequency
12592,2011-09-08 15:04:00,92.0,5.0,2582.66,0.0,0.0,42.0,0.375,5,High Returns
12593,2011-08-23 12:43:00,109.0,3.0,418.1,0.0,0.0,14.0,0.0,1,High Recency • High Frequency
12594,2011-11-02 12:20:00,38.0,15.0,5090.110000000001,0.0,0.0,78.0,0.1176470588235294,1,High Recency • High Frequency
12595,2010-07-23 09:10:00,505.0,1.0,299.02,0.0,0.0,19.0,0.0,1,High Recency • High Frequency
12596,2011-10-19 13:02:00,51.0,2.0,618.27,0.0,0.0,25.0,0.0,1,High Recency • High Frequency
12597,2011-11-20 13:33:00,19.0,4.0,3811.22,0.5,0.0,184.0,0.2,3,Diverse Basket • Frequent
12598,2011-11-30 12:18:00,10.0,11.0,4534.09,0.0909090909090909,0.0,130.0,0.2666666666666666,3,Diverse Basket • Frequent
12599,2011-11-10 13:34:00,29.0,13.0,2296.7200000000003,0.2307692307692307,0.0,47.0,0.0,1,High Recency • High Frequency
12600,2011-11-11 10:29:00,29.0,21.0,5043.92,0.1904761904761904,0.0,53.0,0.1923076923076923,3,Diverse Basket • Frequent
12601,2011-06-03 10:17:00,190.0,6.0,681.26,0.1666666666666666,0.0,24.0,0.1428571428571428,1,High Recency • High Frequency
12602,2011-10-12 11:22:00,59.0,1.0,153.12,0.0,0.0,12.0,0.0,1,High Recency • High Frequency
12603,2011-11-18 10:42:00,22.0,1.0,739.1999999999999,0.0,0.0,2.0,0.0,1,High Recency • High Frequency
12604,2011-09-21 14:08:00,79.0,2.0,254.18,0.0,0.0,15.0,0.0,1,High Recency • High Frequency
12605,2010-11-28 14:18:00,376.0,4.0,1232.95,0.25,0.0,63.0,0.2,1,High Recency • High Frequency
12606,2010-01-26 16:23:00,682.0,1.0,21.0,0.0,0.0,1.0,0.0,1,High Recency • High Frequency
12607,2011-10-10 16:06:00,60.0,1.0,1579.51,0.0,0.0,101.0,0.5,5,High Returns
12608,2010-10-31 10:49:00,405.0,1.0,415.79,1.0,0.0,16.0,0.0,4,Weekend Shoppers
12609,2011-09-22 16:34:00,78.0,9.0,3435.86,0.1111111111111111,0.0,129.0,0.1,1,High Recency • High Frequency
12610,2011-11-17 09:34:00,23.0,5.0,2099.54,0.0,0.0,85.0,0.2857142857142857,5,High Returns
12611,2011-10-18 13:12:00,52.0,1.0,1193.32,0.0,0.0,65.0,0.0,1,High Recency • High Frequency
12612,2011-09-26 15:35:00,74.0,1.0,704.0400000000001,0.0,0.0,19.0,0.5,5,High Returns
12613,2011-10-13 14:59:00,57.0,10.0,6835.07,0.0,0.0,218.0,0.2307692307692307,3,Diverse Basket • Frequent
12614,2011-03-07 10:22:00,278.0,1.0,315.6,0.0,0.0,20.0,0.0,1,High Recency • High Frequency
12615,2011-12-07 15:02:00,2.0,8.0,5740.9800000000005,0.0,0.0,198.0,0.2727272727272727,3,Diverse Basket • Frequent
12616,2011-09-05 15:17:00,95.0,3.0,1131.1,0.0,0.0,32.0,0.5714285714285714,5,High Returns
12617,2011-11-10 14:39:00,29.0,1.0,355.53,0.0,0.0,39.0,0.0,1,High Recency • High Frequency
12618,2011-11-18 11:10:00,22.0,1.0,177.31,0.0,0.0,11.0,0.0,1,High Recency • High Frequency
12619,2011-11-23 14:52:00,16.0,10.0,3781.38,0.1,0.0,55.0,0.2857142857142857,5,High Returns
12620,2011-11-25 10:20:00,15.0,3.0,1339.41,0.0,0.0,89.0,0.0,1,High Recency • High Frequency
12621,2011-12-08 11:25:00,2.0,35.0,24775.81,0.0857142857142857,0.0,344.0,0.2045454545454545,3,Diverse Basket • Frequent
12622,2011-04-21 16:39:00,232.0,1.0,180.1,0.0,0.0,11.0,0.0,1,High Recency • High Frequency
12623,2011-03-08 13:50:00,276.0,7.0,3747.84,0.1428571428571428,0.0,112.0,0.2222222222222222,5,High Returns
12624,2011-08-25 15:04:00,106.0,2.0,641.13,0.0,0.0,36.0,0.0,1,High Recency • High Frequency
12625,2011-05-12 09:54:00,212.0,4.0,5164.88,0.25,0.0,144.0,0.2,5,High Returns
12626,2011-11-16 16:06:00,23.0,9.0,6620.48,0.0,0.0,232.0,0.3076923076923077,3,Diverse Basket • Frequent
12627,2011-11-29 12:07:00,11.0,7.0,4478.53,0.1428571428571428,0.0,162.0,0.0,3,Diverse Basket • Frequent
12628,2011-12-05 13:15:00,4.0,3.0,786.46,0.3333333333333333,0.0,34.0,0.25,5,High Returns
12629,2010-11-19 09:18:00,386.0,2.0,1558.22,0.0,0.0,40.0,0.0,1,High Recency • High Frequency
12630,2011-11-30 10:48:00,10.0,2.0,1270.88,0.0,0.0,60.0,0.0,1,High Recency • High Frequency
12631,2011-10-13 13:53:00,57.0,6.0,3481.57,0.1666666666666666,0.0,131.0,0.1428571428571428,1,High Recency • High Frequency
12632,2010-07-07 09:39:00,521.0,2.0,804.88,0.0,0.0,32.0,0.5,5,High Returns
12633,2011-10-12 11:40:00,59.0,7.0,5678.16,0.0,0.0,220.0,0.3,3,Diverse Basket • Frequent
12634,2010-06-22 10:05:00,536.0,2.0,490.0,0.0,0.0,20.0,0.0,1,High Recency • High Frequency
12635,2011-09-11 11:04:00,90.0,4.0,2930.41,0.25,0.0,159.0,0.0,1,High Recency • High Frequency
12636,2009-12-01 09:55:00,739.0,1.0,141.0,0.0,0.0,1.0,0.0,1,High Recency • High Frequency
12637,2011-10-03 13:46:00,67.0,12.0,8340.31,0.0,0.0,295.0,0.1428571428571428,3,Diverse Basket • Frequent
12638,2011-11-06 13:11:00,33.0,2.0,921.49,0.5,0.0,47.0,0.0,4,Weekend Shoppers
12639,2011-04-15 12:48:00,239.0,3.0,1312.37,0.0,0.0,58.0,0.0,1,High Recency • High Frequency
12640,2011-11-16 11:52:00,24.0,3.0,1174.5800000000002,0.0,0.0,47.0,0.0,1,High Recency • High Frequency
12641,2011-08-16 13:26:00,115.0,1.0,185.9,0.0,0.0,10.0,0.0,1,High Recency • High Frequency
12642,2011-11-14 15:03:00,25.0,3.0,1013.26,0.0,0.0,39.0,0.0,1,High Recency • High Frequency
12643,2011-08-03 12:56:00,128.0,12.0,8350.42,0.0,0.0,14.0,0.1428571428571428,1,High Recency • High Frequency
12644,2011-08-02 10:33:00,130.0,4.0,1918.49,0.25,0.0,106.0,0.3333333333333333,5,High Returns
12645,2011-11-06 12:38:00,34.0,8.0,3539.3,0.125,0.0,111.0,0.2,5,High Returns
12646,2011-12-05 10:14:00,5.0,2.0,1346.9699999999998,0.0,0.0,43.0,0.0,1,High Recency • High Frequency
12647,2011-11-17 12:56:00,22.0,36.0,17924.35,0.1111111111111111,0.0,240.0,0.2,3,Diverse Basket • Frequent
12648,2011-07-08 11:55:00,155.0,4.0,1112.0,0.0,0.0,38.0,0.2,1,High Recency • High Frequency
12649,2011-08-24 14:41:00,107.0,8.0,2294.65,0.0,0.0,94.0,0.2,5,High Returns
12650,2011-12-06 16:34:00,3.0,1.0,314.44,0.0,0.0,20.0,0.0,1,High Recency • High Frequency
12651,2011-01-09 12:46:00,335.0,4.0,377.75,0.25,0.0,30.0,0.2,1,High Recency • High Frequency
12652,2011-01-12 15:00:00,331.0,2.0,1017.03,0.0,0.0,51.0,0.3333333333333333,5,High Returns
12653,2011-07-14 10:41:00,149.0,3.0,4160.83,0.0,0.0,76.0,0.0,1,High Recency • High Frequency
12654,2011-11-29 10:10:00,11.0,5.0,601.98,0.0,0.0,31.0,0.0,1,High Recency • High Frequency
12655,2010-10-12 09:17:00,424.0,1.0,261.35,0.0,0.0,16.0,0.0,1,High Recency • High Frequency
12656,2011-11-22 13:42:00,17.0,8.0,6407.83,0.125,0.0,174.0,0.3333333333333333,3,Diverse Basket • Frequent
12657,2011-11-28 15:47:00,11.0,4.0,1643.18,0.0,0.0,35.0,0.2,5,High Returns
12658,2011-11-21 10:22:00,19.0,1.0,686.05,0.0,0.0,36.0,0.0,1,High Recency • High Frequency
12659,2011-11-10 11:53:00,30.0,1.0,91.68,0.0,0.0,5.0,0.0,1,High Recency • High Frequency
12660,2011-11-28 13:26:00,11.0,1.0,245.1,0.0,0.0,13.0,0.0,1,High Recency • High Frequency
12661,2010-09-29 16:46:00,436.0,1.0,162.0,0.0,0.0,11.0,0.0,1,High Recency • High Frequency
12662,2011-12-09 11:59:00,1.0,20.0,6988.02,0.1,0.0,163.0,0.0909090909090909,3,Diverse Basket • Frequent
12663,2010-03-25 09:40:00,625.0,2.0,239.4,0.0,0.0,9.0,0.3333333333333333,5,High Returns
12664,2011-12-01 17:07:00,8.0,11.0,6070.04,0.0909090909090909,0.0,10.0,0.0833333333333333,1,High Recency • High Frequency
12665,2011-01-19 08:34:00,325.0,3.0,313.6,0.0,0.0,13.0,0.4,5,High Returns
12666,2010-11-10 16:40:00,394.0,1.0,1248.42,0.0,0.0,31.0,0.5,5,High Returns
12667,2011-10-12 17:00:00,58.0,1.0,620.13,0.0,0.0,33.0,0.0,1,High Recency • High Frequency
12668,2011-11-28 10:56:00,12.0,10.0,11444.68,0.3,0.0,263.0,0.1666666666666666,3,Diverse Basket • Frequent
12669,2011-07-12 09:54:00,151.0,3.0,2744.03,0.0,0.0,98.0,0.25,5,High Returns
12670,2011-11-29 15:23:00,10.0,7.0,3760.29,0.0,0.0,71.0,0.125,1,High Recency • High Frequency
12671,2010-04-12 16:30:00,606.0,1.0,2622.481,0.0,0.0,45.0,0.0,1,High Recency • High Frequency
12672,2011-01-14 09:20:00,330.0,2.0,437.05,0.0,0.0,22.0,0.3333333333333333,5,High Returns
12673,2011-12-04 13:55:00,5.0,3.0,1230.02,0.3333333333333333,0.0,68.0,0.0,1,High Recency • High Frequency
12674,2011-11-01 12:12:00,39.0,4.0,1970.6,0.0,0.0,52.0,0.4285714285714285,5,High Returns
12675,2010-06-04 09:49:00,554.0,2.0,958.5,0.0,0.0,111.0,0.5,5,High Returns
12676,2011-11-15 12:25:00,25.0,11.0,2843.09,0.0909090909090909,0.0,67.0,0.0833333333333333,1,High Recency • High Frequency
12677,2010-06-02 14:30:00,555.0,2.0,395.1,0.0,0.0,13.0,0.3333333333333333,5,High Returns
12678,2011-10-28 13:04:00,42.0,21.0,34281.18,0.0476190476190476,0.0,199.0,0.0869565217391304,3,Diverse Basket • Frequent
12679,2011-10-12 12:30:00,59.0,4.0,1113.02,0.0,0.0,43.0,0.5555555555555556,5,High Returns
12680,2011-12-09 12:50:00,1.0,4.0,880.81,0.25,0.0,33.0,0.0,1,High Recency • High Frequency
12681,2011-11-25 11:33:00,15.0,45.0,30868.28,0.1111111111111111,0.0,459.0,0.1964285714285714,3,Diverse Basket • Frequent
12682,2011-12-06 10:00:00,4.0,52.0,24033.91,0.0384615384615384,0.0,327.0,0.0188679245283018,3,Diverse Basket • Frequent
12683,2011-12-05 16:31:00,4.0,21.0,12696.78,0.0952380952380952,0.0,236.0,0.2222222222222222,3,Diverse Basket • Frequent
12684,2011-12-02 09:53:00,8.0,7.0,2283.63,0.0,0.0,61.0,0.0,1,High Recency • High Frequency
12685,2011-11-11 13:46:00,28.0,6.0,2863.08,0.1666666666666666,0.0,117.0,0.0,1,High Recency • High Frequency
12686,2010-12-03 09:51:00,372.0,1.0,178.28,0.0,0.0,7.0,0.0,1,High Recency • High Frequency
12687,2010-08-16 12:12:00,481.0,2.0,2138.91,0.0,0.0,126.0,0.0,1,High Recency • High Frequency
12688,2011-08-18 08:49:00,114.0,1.0,4873.81,0.0,0.0,171.0,0.0,1,High Recency • High Frequency
12689,2011-11-14 08:31:00,26.0,2.0,1247.61,0.0,0.0,57.0,0.0,1,High Recency • High Frequency
12690,2011-05-18 09:09:00,206.0,1.0,389.01,0.0,0.0,16.0,0.0,1,High Recency • High Frequency
12691,2011-11-11 16:49:00,28.0,7.0,1170.4,0.1428571428571428,0.0,24.0,0.0,1,High Recency • High Frequency
12692,2010-03-12 14:02:00,637.0,1.0,110.95,0.0,0.0,13.0,0.0,1,High Recency • High Frequency
12693,2011-08-04 17:51:00,127.0,7.0,1703.02,0.1428571428571428,0.0,63.0,0.3636363636363636,5,High Returns
12694,2011-09-30 13:06:00,70.0,3.0,1843.35,0.0,0.0,69.0,0.25,5,High Returns
12695,2011-12-02 13:22:00,7.0,7.0,1407.12,0.0,0.0,46.0,0.0,1,High Recency • High Frequency
12696,2010-10-01 10:43:00,435.0,2.0,851.91,0.0,0.0,43.0,0.3333333333333333,5,High Returns
12697,2011-11-11 08:47:00,29.0,3.0,957.59,0.3333333333333333,0.0,37.0,0.4,5,High Returns
12698,2010-04-28 15:51:00,590.0,1.0,339.75,0.0,0.0,16.0,0.0,1,High Recency • High Frequency
12699,2010-10-18 12:07:00,418.0,1.0,638.11,0.0,0.0,41.0,0.0,1,High Recency • High Frequency
12700,2011-12-02 10:47:00,8.0,4.0,4939.99,0.25,0.0,193.0,0.3333333333333333,3,Diverse Basket • Frequent
12701,2011-09-21 10:47:00,80.0,6.0,2446.41,0.0,0.0,118.0,0.0,1,High Recency • High Frequency
12702,2011-11-20 10:36:00,20.0,1.0,219.0,1.0,0.0,12.0,0.0,4,Weekend Shoppers
12703,2011-09-29 17:52:00,71.0,4.0,1006.53,0.25,0.0,56.0,0.4285714285714285,5,High Returns
12704,2011-12-02 13:15:00,7.0,8.0,2340.84,0.0,0.0,64.0,0.2,5,High Returns
12705,2011-11-24 13:17:00,15.0,14.0,11762.1,0.2142857142857142,0.0,320.0,0.3636363636363636,3,Diverse Basket • Frequent
12707,2011-02-21 08:38:00,292.0,1.0,603.42,0.0,0.0,33.0,0.0,1,High Recency • High Frequency
12708,2011-11-10 09:52:00,30.0,18.0,5314.099999999999,0.1111111111111111,0.0,130.0,0.4,5,High Returns
12709,2011-11-24 15:38:00,15.0,34.0,31093.34,0.0588235294117647,0.0,189.0,0.3818181818181818,3,Diverse Basket • Frequent
12710,2011-09-04 12:00:00,97.0,3.0,1149.02,0.6666666666666666,0.0,75.0,0.25,4,Weekend Shoppers
12711,2010-04-07 11:59:00,612.0,2.0,1339.05,0.0,0.0,56.0,0.0,1,High Recency • High Frequency
12712,2011-11-11 08:19:00,29.0,21.0,7193.66,0.0,0.0,126.0,0.25,3,Diverse Basket • Frequent
12713,2011-12-09 12:16:00,1.0,1.0,848.55,0.0,0.0,38.0,0.0,1,High Recency • High Frequency
12714,2011-11-30 15:43:00,9.0,12.0,14093.71,0.0,0.0,436.0,0.0,3,Diverse Basket • Frequent
12715,2011-08-25 15:22:00,106.0,1.0,353.86,0.0,0.0,20.0,0.0,1,High Recency • High Frequency
12716,2011-12-06 08:55:00,4.0,2.0,1053.49,0.0,0.0,60.0,0.0,1,High Recency • High Frequency
12717,2011-07-11 14:47:00,151.0,3.0,1308.91,0.0,0.0,60.0,0.25,5,High Returns
12718,2011-09-29 16:38:00,71.0,1.0,238.25,0.0,0.0,19.0,0.0,1,High Recency • High Frequency
12719,2011-12-04 13:45:00,5.0,2.0,644.95,0.5,0.0,34.0,0.3333333333333333,5,High Returns
12720,2011-12-07 08:03:00,3.0,30.0,8260.67,0.1,0.0,262.0,0.2682926829268293,3,Diverse Basket • Frequent
12721,2011-11-08 12:13:00,32.0,8.0,4013.08,0.0,0.0,183.0,0.2,3,Diverse Basket • Frequent
12722,2011-09-15 14:50:00,85.0,4.0,997.63,0.25,0.0,50.0,0.3333333333333333,5,High Returns
12723,2011-12-06 10:19:00,4.0,5.0,725.0699999999999,0.0,0.0,53.0,0.0,1,High Recency • High Frequency
12724,2011-12-04 16:02:00,5.0,7.0,2317.52,0.4285714285714285,0.0,94.0,0.0,4,Weekend Shoppers
12725,2010-12-03 15:45:00,371.0,4.0,2694.56,0.0,0.0,92.0,0.0,1,High Recency • High Frequency
12726,2011-11-11 13:35:00,28.0,11.0,4014.6,0.0909090909090909,0.0,63.0,0.0,1,High Recency • High Frequency
12727,2011-11-29 11:46:00,11.0,10.0,5679.53,0.2,0.0,132.0,0.1666666666666666,3,Diverse Basket • Frequent
12728,2011-09-29 15:31:00,71.0,5.0,1070.17,0.4,0.0,48.0,0.0,1,High Recency • High Frequency
12729,2011-08-18 11:40:00,114.0,1.0,453.01,0.0,0.0,26.0,0.0,1,High Recency • High Frequency
12730,2010-07-06 12:19:00,522.0,1.0,829.25,0.0,0.0,47.0,0.0,1,High Recency • High Frequency
12731,2011-11-16 11:59:00,24.0,17.0,25775.71,0.0588235294117647,0.0,137.0,0.1052631578947368,3,Diverse Basket • Frequent
12732,2011-06-13 11:33:00,180.0,1.0,236.26,0.0,0.0,12.0,0.0,1,High Recency • High Frequency
12733,2011-04-19 16:19:00,234.0,4.0,2424.87,0.0,0.0,117.0,0.3333333333333333,5,High Returns
12734,2010-12-22 12:47:00,353.0,3.0,639.6500000000001,0.0,0.0,17.0,0.0,1,High Recency • High Frequency
12735,2011-01-28 13:37:00,315.0,2.0,779.5699999999999,0.0,0.0,38.0,0.0,1,High Recency • High Frequency
12736,2011-01-11 07:57:00,333.0,1.0,234.0,0.0,0.0,4.0,0.0,1,High Recency • High Frequency
12737,2010-07-29 12:29:00,499.0,2.0,3710.5,0.0,0.0,2.0,0.0,1,High Recency • High Frequency
12738,2010-12-02 18:27:00,372.0,1.0,310.7,0.0,0.0,11.0,0.0,1,High Recency • High Frequency
12739,2011-09-22 13:00:00,78.0,4.0,2726.73,0.0,0.0,85.0,0.0,1,High Recency • High Frequency
12740,2011-10-07 10:44:00,64.0,1.0,427.6,0.0,0.0,27.0,0.0,1,High Recency • High Frequency
12741,2010-06-28 14:36:00,529.0,2.0,406.07,0.0,0.0,16.0,0.0,1,High Recency • High Frequency
12742,2010-03-24 12:43:00,626.0,1.0,1201.52,0.0,0.0,67.0,0.5,5,High Returns
12743,2011-07-28 16:21:00,134.0,2.0,546.4300000000001,0.0,0.0,114.0,0.0,1,High Recency • High Frequency
12744,2011-10-19 11:18:00,52.0,11.0,25317.06,0.0,0.0,245.0,0.2142857142857142,3,Diverse Basket • Frequent
12745,2010-08-10 10:14:00,487.0,3.0,925.41,0.0,0.0,21.0,0.0,1,High Recency • High Frequency
12746,2010-06-17 10:41:00,541.0,1.0,254.55,0.0,0.0,17.0,0.6666666666666666,5,High Returns
12747,2011-12-07 14:34:00,2.0,26.0,9276.54,0.1153846153846153,0.0,85.0,0.1875,3,Diverse Basket • Frequent
12748,2011-12-09 12:20:00,1.0,336.0,56599.39,0.1458333333333333,0.0059523809523809,2286.0,0.0767123287671232,2,High Spend • Frequent
12749,2011-12-06 09:56:00,4.0,9.0,6897.360000000001,0.1111111111111111,0.0,260.0,0.4375,3,Diverse Basket • Frequent
12750,2011-08-03 09:13:00,129.0,1.0,275.88,0.0,0.0,15.0,0.0,1,High Recency • High Frequency
12751,2010-09-21 12:49:00,445.0,1.0,268.27,0.0,0.0,61.0,0.0,1,High Recency • High Frequency
12752,2011-09-19 13:32:00,81.0,1.0,4366.78,0.0,0.0,53.0,0.0,1,High Recency • High Frequency
12753,2011-11-17 10:52:00,23.0,6.0,21429.39,0.1666666666666666,0.0,132.0,0.4545454545454545,5,High Returns
12754,2011-04-18 09:00:00,236.0,3.0,3010.74,0.0,0.0,49.0,0.4,5,High Returns
12755,2011-03-04 12:42:00,281.0,11.0,9030.659999999998,0.0,0.0,34.0,0.5,5,High Returns
12756,2011-09-14 09:31:00,87.0,1.0,112.07999999999998,0.0,0.0,4.0,0.0,1,High Recency • High Frequency
12757,2011-11-24 12:30:00,16.0,13.0,7857.1,0.0,0.0,237.0,0.3157894736842105,3,Diverse Basket • Frequent
12758,2011-08-15 10:22:00,117.0,7.0,9903.24,0.0,0.0,187.0,0.125,3,Diverse Basket • Frequent
12759,2011-10-18 14:49:00,52.0,8.0,5020.74,0.0,0.0,206.0,0.0,3,Diverse Basket • Frequent
12760,2010-09-10 08:50:00,456.0,1.0,347.8,0.0,0.0,21.0,0.0,1,High Recency • High Frequency
12761,2010-09-08 12:17:00,458.0,2.0,782.95,0.0,0.0,27.0,0.0,1,High Recency • High Frequency
12762,2011-12-02 10:23:00,8.0,2.0,1898.52,0.0,0.0,62.0,0.0,1,High Recency • High Frequency
12763,2011-07-24 14:12:00,138.0,2.0,814.16,1.0,0.0,16.0,0.0,4,Weekend Shoppers
12764,2011-01-27 10:19:00,317.0,1.0,1693.88,0.0,0.0,45.0,0.0,1,High Recency • High Frequency
12765,2010-08-24 13:51:00,472.0,6.0,1404.58,0.1666666666666666,0.0,49.0,0.0,1,High Recency • High Frequency
12766,2011-12-06 08:46:00,4.0,9.0,10068.28,0.1111111111111111,0.0,253.0,0.1818181818181818,3,Diverse Basket • Frequent
12767,2010-11-29 09:38:00,376.0,1.0,949.82,0.0,0.0,43.0,0.0,1,High Recency • High Frequency
12768,2010-09-15 12:08:00,451.0,1.0,168.69000000000003,0.0,0.0,10.0,0.5,5,High Returns
12769,2011-04-15 10:25:00,239.0,1.0,1143.6,0.0,0.0,32.0,0.0,1,High Recency • High Frequency
12770,2011-05-13 09:33:00,211.0,2.0,3246.45,0.0,0.0,19.0,0.7142857142857143,5,High Returns
12771,2010-08-11 11:51:00,486.0,1.0,282.3,0.0,0.0,15.0,0.5,5,High Returns
12772,2011-10-11 09:19:00,60.0,1.0,892.47,0.0,0.0,55.0,0.0,1,High Recency • High Frequency
12773,2010-05-24 17:30:00,564.0,1.0,124.25,0.0,0.0,6.0,0.5,5,High Returns
12774,2010-06-22 10:38:00,536.0,1.0,98.7,0.0,0.0,6.0,0.0,1,High Recency • High Frequency
12775,2011-11-22 16:33:00,17.0,7.0,1686.12,0.0,0.0,55.0,0.125,1,High Recency • High Frequency
12776,2010-02-10 12:11:00,668.0,1.0,55.5,0.0,0.0,4.0,0.0,1,High Recency • High Frequency
12777,2010-09-08 11:35:00,458.0,1.0,519.45,0.0,0.0,26.0,0.0,1,High Recency • High Frequency
12778,2011-11-20 11:30:00,20.0,9.0,1775.68,0.1111111111111111,0.0,77.0,0.1,1,High Recency • High Frequency
12779,2011-11-02 11:43:00,38.0,14.0,6722.27,0.0,0.0,142.0,0.3333333333333333,5,High Returns
12780,2010-04-20 09:40:00,599.0,1.0,337.4,0.0,0.0,20.0,0.0,1,High Recency • High Frequency
12781,2011-10-07 10:37:00,64.0,2.0,826.74,0.0,0.0,25.0,0.6,5,High Returns
12782,2011-12-05 09:16:00,5.0,11.0,4618.24,0.0,0.0,142.0,0.2142857142857142,3,Diverse Basket • Frequent
12783,2011-12-07 15:56:00,2.0,6.0,2225.91,0.1666666666666666,0.0,76.0,0.25,5,High Returns
12784,2011-11-30 15:38:00,9.0,3.0,1804.75,0.0,0.0,121.0,0.0,1,High Recency • High Frequency
12785,2010-12-10 13:48:00,364.0,3.0,1100.4,0.0,0.0,42.0,0.4,5,High Returns
12786,2010-04-09 12:12:00,610.0,1.0,728.5,0.0,0.0,18.0,0.0,1,High Recency • High Frequency
12787,2011-11-30 08:44:00,10.0,4.0,862.18,0.0,0.0,30.0,0.2,5,High Returns
12788,2010-09-02 14:21:00,463.0,4.0,444.9,0.25,0.0,20.0,0.0,1,High Recency • High Frequency
12789,2011-10-05 13:34:00,65.0,3.0,273.35,0.0,0.0,5.0,0.0,1,High Recency • High Frequency
12790,2011-05-31 14:14:00,192.0,2.0,591.85,0.0,0.0,36.0,0.3333333333333333,5,High Returns
12791,2010-12-01 11:27:00,374.0,6.0,1056.11,0.1666666666666666,0.0,17.0,0.25,5,High Returns
12792,2011-03-28 11:36:00,257.0,2.0,827.01,0.0,0.0,39.0,0.3333333333333333,5,High Returns
12793,2011-01-09 12:12:00,335.0,3.0,1017.33,0.3333333333333333,0.0,34.0,0.0,1,High Recency • High Frequency
12794,2011-10-17 14:54:00,53.0,2.0,860.41,0.0,0.0,43.0,0.0,1,High Recency • High Frequency
12795,2011-11-21 10:27:00,19.0,1.0,430.48,0.0,0.0,14.0,0.0,1,High Recency • High Frequency
12796,2010-03-21 15:49:00,628.0,1.0,381.0,1.0,0.0,7.0,0.0,4,Weekend Shoppers
12797,2010-12-09 10:55:00,366.0,2.0,806.11,0.0,0.0,27.0,0.6666666666666666,5,High Returns
12798,2011-11-29 15:52:00,10.0,4.0,8510.93,0.0,0.0,27.0,0.0,1,High Recency • High Frequency
12799,2010-06-28 15:57:00,529.0,1.0,219.35,0.0,0.0,15.0,0.0,1,High Recency • High Frequency
12800,2010-08-26 14:11:00,470.0,3.0,584.25,0.0,0.0,31.0,0.0,1,High Recency • High Frequency
12801,2010-07-27 09:38:00,501.0,1.0,1071.82,0.0,0.0,50.0,0.5,5,High Returns
12802,2011-06-06 09:36:00,187.0,7.0,2416.42,0.0,0.0,108.0,0.2222222222222222,5,High Returns
12803,2010-11-11 14:57:00,393.0,1.0,1092.81,0.0,0.0,55.0,0.0,1,High Recency • High Frequency
12804,2010-08-31 11:58:00,466.0,2.0,327.02,0.0,0.0,60.0,0.0,1,High Recency • High Frequency
12805,2010-11-23 12:27:00,382.0,4.0,1434.95,0.25,0.0,44.0,0.0,1,High Recency • High Frequency
12806,2010-09-30 13:34:00,435.0,4.0,2878.96,0.25,0.0,58.0,0.0,1,High Recency • High Frequency
12807,2010-11-21 14:21:00,383.0,1.0,330.35,1.0,0.0,16.0,0.6666666666666666,4,Weekend Shoppers
12808,2011-11-03 10:05:00,37.0,5.0,906.1,0.0,0.0,46.0,0.0,1,High Recency • High Frequency
12809,2011-06-15 10:51:00,178.0,3.0,1755.94,0.3333333333333333,0.0,75.0,0.625,5,High Returns
12810,2010-06-23 10:53:00,535.0,2.0,534.99,0.0,0.0,32.0,0.0,1,High Recency • High Frequency
12811,2011-03-24 09:42:00,261.0,5.0,1033.9,0.0,0.0,47.0,0.0,1,High Recency • High Frequency
12812,2011-10-26 09:54:00,45.0,1.0,229.64,0.0,0.0,15.0,0.0,1,High Recency • High Frequency
12813,2010-07-26 09:50:00,502.0,3.0,1687.8000000000002,0.0,0.0,37.0,0.0,1,High Recency • High Frequency
12814,2011-08-30 12:11:00,102.0,1.0,125.92,0.0,0.0,2.0,0.0,1,High Recency • High Frequency
12815,2011-07-15 10:21:00,148.0,2.0,1063.46,0.0,0.0,38.0,0.0,1,High Recency • High Frequency
12816,2011-09-05 12:41:00,96.0,2.0,572.2,0.0,0.0,27.0,0.0,1,High Recency • High Frequency
12817,2011-03-03 16:28:00,281.0,3.0,690.98,0.0,0.0,16.0,0.0,1,High Recency • High Frequency
12818,2011-03-23 12:06:00,262.0,1.0,1542.08,0.0,0.0,14.0,0.5,5,High Returns
12819,2010-09-07 15:20:00,458.0,1.0,540.52,0.0,0.0,19.0,0.0,1,High Recency • High Frequency
12820,2011-12-06 15:12:00,3.0,11.0,2689.52,0.1818181818181818,0.0,131.0,0.1538461538461538,3,Diverse Basket • Frequent
12821,2011-05-09 15:51:00,214.0,2.0,220.8,0.0,0.0,13.0,0.0,1,High Recency • High Frequency
12822,2011-09-30 10:04:00,71.0,2.0,948.88,0.0,0.0,41.0,0.3333333333333333,5,High Returns
12823,2011-09-26 07:35:00,75.0,18.0,6501.5,0.0,0.0,1.0,0.0,1,High Recency • High Frequency
12824,2011-10-11 12:49:00,60.0,1.0,397.12,0.0,0.0,25.0,0.0,1,High Recency • High Frequency
12825,2010-07-06 13:56:00,521.0,2.0,518.63,0.0,0.0,20.0,0.0,1,High Recency • High Frequency
12826,2011-12-07 10:25:00,3.0,12.0,2955.75,0.0833333333333333,0.0,93.0,0.2,3,Diverse Basket • Frequent
12827,2011-12-04 12:17:00,6.0,3.0,430.15,0.3333333333333333,0.0,19.0,0.0,1,High Recency • High Frequency
12828,2011-12-07 08:45:00,3.0,6.0,1018.71,0.0,0.0,46.0,0.0,1,High Recency • High Frequency
12829,2011-01-07 11:13:00,337.0,3.0,385.3,0.0,0.0,17.0,0.25,5,High Returns
12830,2011-11-02 11:54:00,38.0,6.0,6814.64,0.0,0.0,13.0,0.1428571428571428,1,High Recency • High Frequency
12831,2011-03-22 13:02:00,262.0,3.0,451.11,0.0,0.0,16.0,0.0,1,High Recency • High Frequency
12832,2011-11-07 13:30:00,32.0,2.0,383.03,0.0,0.0,27.0,0.0,1,High Recency • High Frequency
12833,2011-07-17 13:46:00,145.0,1.0,417.38,1.0,0.0,24.0,0.0,4,Weekend Shoppers
12834,2011-03-02 09:49:00,283.0,1.0,312.38,0.0,0.0,18.0,0.0,1,High Recency • High Frequency
12835,2010-10-08 10:59:00,428.0,41.0,6043.31,0.0,0.0,138.0,0.1632653061224489,3,Diverse Basket • Frequent
12836,2011-10-11 15:10:00,59.0,15.0,6585.62,0.0666666666666666,0.0,280.0,0.1176470588235294,3,Diverse Basket • Frequent
12837,2011-06-19 16:07:00,173.0,2.0,688.41,0.5,0.0,83.0,0.0,4,Weekend Shoppers
12838,2011-11-06 12:20:00,34.0,10.0,3398.48,0.1,0.0,230.0,0.1666666666666666,3,Diverse Basket • Frequent
12839,2011-12-07 12:33:00,3.0,26.0,10071.73,0.0384615384615384,0.0,156.0,0.1612903225806451,3,Diverse Basket • Frequent
12840,2011-07-19 09:29:00,144.0,7.0,4041.97,0.0,0.0,109.0,0.3636363636363636,5,High Returns
12841,2011-12-05 11:13:00,5.0,40.0,7540.68,0.275,0.0,307.0,0.0476190476190476,3,Diverse Basket • Frequent
12842,2011-09-30 15:33:00,70.0,4.0,1917.99,0.25,0.0,45.0,0.0,1,High Recency • High Frequency
12843,2011-10-05 12:09:00,66.0,30.0,6588.41,0.2,0.0,130.0,0.1176470588235294,3,Diverse Basket • Frequent
12844,2011-11-10 13:31:00,29.0,4.0,648.6,0.25,0.0,88.0,0.0,1,High Recency • High Frequency
12845,2011-03-17 13:34:00,267.0,4.0,354.09,0.0,0.0,26.0,0.0,1,High Recency • High Frequency
12846,2010-01-26 16:29:00,682.0,1.0,15.58,0.0,0.0,1.0,0.0,1,High Recency • High Frequency
12847,2011-11-17 13:16:00,22.0,2.0,1636.9,0.0,0.0,100.0,0.0,1,High Recency • High Frequency
12848,2010-02-02 12:45:00,676.0,1.0,208.0,0.0,0.0,16.0,0.0,1,High Recency • High Frequency
12849,2011-11-08 13:41:00,31.0,6.0,3090.56,0.0,0.0,123.0,0.0,1,High Recency • High Frequency
12850,2010-09-20 12:26:00,446.0,1.0,330.0,0.0,0.0,2.0,0.0,1,High Recency • High Frequency
12851,2011-09-04 12:41:00,97.0,2.0,284.13,0.5,0.0,71.0,0.0,4,Weekend Shoppers
12852,2011-02-18 08:47:00,295.0,1.0,311.55,0.0,0.0,17.0,0.5,5,High Returns
12853,2011-07-28 11:29:00,135.0,11.0,3907.5,0.0,0.0,111.0,0.3125,5,High Returns
12854,2011-09-22 12:15:00,79.0,7.0,2994.02,0.0,0.0,188.0,0.3636363636363636,5,High Returns
12855,2010-12-02 09:37:00,373.0,4.0,650.94,0.0,0.0,65.0,0.0,1,High Recency • High Frequency
12856,2011-12-02 10:52:00,8.0,6.0,2179.93,0.0,0.0,155.0,0.25,5,High Returns
12857,2011-05-13 10:20:00,211.0,6.0,3688.0,0.0,0.0,71.0,0.1428571428571428,1,High Recency • High Frequency
12858,2010-11-21 12:55:00,383.0,1.0,177.92,1.0,0.0,36.0,0.5,4,Weekend Shoppers
12859,2010-09-07 12:20:00,459.0,1.0,575.1,0.0,0.0,21.0,0.0,1,High Recency • High Frequency
12860,2010-01-15 15:22:00,693.0,1.0,55.47,0.0,0.0,16.0,0.0,1,High Recency • High Frequency
12861,2010-03-30 11:39:00,620.0,1.0,68.25,0.0,0.0,4.0,0.0,1,High Recency • High Frequency
12862,2010-10-10 11:47:00,426.0,2.0,1008.32,1.0,0.0,119.0,0.0,4,Weekend Shoppers
12863,2011-10-18 14:15:00,52.0,6.0,2792.55,0.0,0.0,24.0,0.1428571428571428,1,High Recency • High Frequency
12864,2011-07-24 13:03:00,138.0,2.0,299.57,0.5,0.0,5.0,0.0,4,Weekend Shoppers
12865,2011-11-13 14:31:00,26.0,4.0,3323.4700000000003,0.25,0.0,156.0,0.2,3,Diverse Basket • Frequent
12866,2011-03-01 14:11:00,283.0,3.0,1227.35,0.6666666666666666,0.0,58.0,0.0,4,Weekend Shoppers
12867,2011-11-13 15:30:00,26.0,13.0,7913.29,0.3846153846153846,0.0,365.0,0.1875,3,Diverse Basket • Frequent
12868,2011-06-07 10:42:00,186.0,8.0,2247.0600000000004,0.0,0.0,86.0,0.0,1,High Recency • High Frequency
12869,2010-01-27 12:10:00,682.0,1.0,337.67,0.0,0.0,35.0,0.0,1,High Recency • High Frequency
12870,2010-11-29 13:42:00,375.0,3.0,1676.95,0.0,0.0,85.0,0.25,5,High Returns
12871,2011-09-16 15:07:00,84.0,3.0,744.02,0.3333333333333333,0.0,13.0,0.0,1,High Recency • High Frequency
12872,2011-01-17 10:52:00,327.0,12.0,3685.49,0.3333333333333333,0.0833333333333333,217.0,0.0769230769230769,3,Diverse Basket • Frequent
12873,2011-03-02 14:58:00,282.0,3.0,2027.3,0.3333333333333333,0.0,33.0,0.0,1,High Recency • High Frequency
12874,2010-11-19 15:23:00,385.0,2.0,948.42,0.0,0.0,44.0,0.3333333333333333,5,High Returns
12875,2011-07-19 15:30:00,143.0,5.0,1356.99,0.2,0.0,2.0,0.0,1,High Recency • High Frequency
12876,2011-10-13 12:26:00,58.0,4.0,4081.79,0.0,0.0,117.0,0.2,5,High Returns
12877,2011-12-06 10:30:00,4.0,20.0,2955.17,0.2,0.0,149.0,0.0,3,Diverse Basket • Frequent
12878,2011-04-17 13:07:00,236.0,2.0,854.99,0.5,0.0,38.0,0.3333333333333333,5,High Returns
12879,2011-10-26 12:24:00,45.0,3.0,573.22,0.0,0.0,7.0,0.25,5,High Returns
12880,2010-11-23 10:50:00,382.0,2.0,640.13,0.0,0.0,32.0,0.0,1,High Recency • High Frequency
12881,2011-03-09 11:44:00,276.0,1.0,298.0,0.0,0.0,7.0,0.0,1,High Recency • High Frequency
12882,2011-11-30 16:18:00,9.0,2.0,1463.04,0.5,0.0,12.0,0.0,4,Weekend Shoppers
12883,2011-11-15 09:32:00,25.0,4.0,703.47,0.25,0.0,39.0,0.0,1,High Recency • High Frequency
12884,2011-09-12 13:10:00,88.0,1.0,309.05,0.0,0.0,7.0,0.0,1,High Recency • High Frequency
12885,2011-10-07 13:40:00,63.0,3.0,1175.22,0.0,0.0,66.0,0.25,5,High Returns
12886,2011-10-03 10:09:00,68.0,2.0,1378.4,0.0,0.0,75.0,0.3333333333333333,5,High Returns
12887,2010-11-21 11:18:00,384.0,1.0,222.4,1.0,0.0,13.0,0.0,4,Weekend Shoppers
12888,2011-05-09 16:02:00,214.0,2.0,354.12,0.0,0.0,4.0,0.5,5,High Returns
12889,2010-11-23 16:08:00,381.0,4.0,385.46,0.5,0.0,25.0,0.3333333333333333,5,High Returns
12890,2011-11-15 17:26:00,24.0,2.0,717.27,0.0,0.0,124.0,0.0,1,High Recency • High Frequency
12891,2011-06-07 12:31:00,186.0,11.0,840.5,0.1818181818181818,0.0,2.0,0.0833333333333333,1,High Recency • High Frequency
12892,2010-11-08 09:51:00,397.0,1.0,263.38,0.0,0.0,18.0,0.0,1,High Recency • High Frequency
12893,2011-11-09 12:34:00,31.0,1.0,188.14,0.0,0.0,27.0,0.0,1,High Recency • High Frequency
12894,2010-05-13 14:47:00,575.0,1.0,157.35,0.0,0.0,21.0,0.0,1,High Recency • High Frequency
12895,2011-10-28 13:51:00,42.0,2.0,372.8,0.0,0.0,22.0,0.3333333333333333,5,High Returns
12897,2011-05-19 12:13:00,205.0,4.0,514.25,0.0,0.0,10.0,0.0,1,High Recency • High Frequency
12898,2010-09-02 08:08:00,464.0,2.0,310.96000000000004,0.0,0.0,27.0,0.0,1,High Recency • High Frequency
12899,2010-10-22 09:53:00,414.0,1.0,366.4,0.0,0.0,17.0,0.0,1,High Recency • High Frequency
12900,2010-10-13 15:17:00,422.0,1.0,340.33,0.0,0.0,13.0,0.0,1,High Recency • High Frequency
12901,2011-12-01 10:07:00,9.0,28.0,17654.54,0.0714285714285714,0.0,30.0,0.2222222222222222,3,Diverse Basket • Frequent
12902,2011-03-20 12:06:00,265.0,1.0,138.68,1.0,0.0,10.0,0.0,4,Weekend Shoppers
12903,2010-10-07 12:39:00,429.0,1.0,833.53,0.0,0.0,41.0,0.0,1,High Recency • High Frequency
12904,2011-11-21 14:34:00,18.0,2.0,509.58,0.0,0.0,59.0,0.0,1,High Recency • High Frequency
12905,2010-05-12 10:05:00,577.0,2.0,1018.42,0.0,0.0,52.0,0.3333333333333333,5,High Returns
12906,2011-11-28 09:55:00,12.0,5.0,2919.81,0.0,0.0,55.0,0.0,1,High Recency • High Frequency
12907,2010-11-09 12:08:00,396.0,2.0,508.91,0.0,0.0,23.0,0.3333333333333333,5,High Returns
12908,2011-06-16 15:39:00,176.0,5.0,1776.0,0.0,0.0,1.0,0.2857142857142857,5,High Returns
12909,2011-10-31 12:43:00,40.0,8.0,3103.19,0.125,0.0,120.0,0.3846153846153846,5,High Returns
12910,2011-11-16 14:28:00,23.0,13.0,5796.52,0.0769230769230769,0.0,75.0,0.0714285714285714,1,High Recency • High Frequency
12911,2010-06-06 12:13:00,552.0,1.0,1680.47,1.0,0.0,220.0,0.0,4,Weekend Shoppers
12912,2011-12-07 08:55:00,3.0,5.0,1662.3,0.2,0.0,17.0,0.0,1,High Recency • High Frequency
12913,2011-12-05 12:11:00,5.0,13.0,6700.860000000001,0.0,0.0,52.0,0.0,1,High Recency • High Frequency
12914,2010-11-04 12:28:00,401.0,1.0,223.98,0.0,0.0,9.0,0.0,1,High Recency • High Frequency
12915,2011-07-14 11:34:00,149.0,4.0,1174.75,0.0,0.0,46.0,0.5,5,High Returns
12916,2011-07-24 10:35:00,139.0,7.0,4654.02,0.8571428571428571,0.0,82.0,0.125,4,Weekend Shoppers
12917,2011-08-03 16:42:00,128.0,6.0,4359.2,0.0,0.0,45.0,0.25,5,High Returns
12918,2010-03-23 15:22:00,626.0,1.0,10953.5,0.0,0.0,1.0,0.6666666666666666,5,High Returns
12919,2011-12-01 13:47:00,8.0,6.0,1335.19,0.0,0.0,34.0,0.25,5,High Returns
12920,2011-11-22 15:05:00,17.0,4.0,488.09,0.0,0.0,59.0,0.0,1,High Recency • High Frequency
12921,2011-11-30 16:22:00,9.0,74.0,35921.04,0.0405405405405405,0.0,322.0,0.2815533980582524,3,Diverse Basket • Frequent
12922,2011-07-01 15:35:00,161.0,1.0,405.38,0.0,0.0,28.0,0.0,1,High Recency • High Frequency
12923,2011-10-06 16:20:00,64.0,3.0,789.87,0.3333333333333333,0.0,54.0,0.0,1,High Recency • High Frequency
12924,2011-09-12 13:55:00,88.0,12.0,2469.4,0.0833333333333333,0.0,56.0,0.1428571428571428,1,High Recency • High Frequency
12925,2011-12-05 11:11:00,5.0,3.0,729.3299999999999,0.0,0.0,46.0,0.0,1,High Recency • High Frequency
12926,2010-10-24 15:57:00,411.0,4.0,1548.46,0.25,0.0,202.0,0.0,1,High Recency • High Frequency
12927,2010-11-10 10:02:00,395.0,1.0,197.31,0.0,0.0,11.0,0.0,1,High Recency • High Frequency
12928,2011-11-04 14:24:00,35.0,12.0,4304.89,0.0,0.0,94.0,0.0,1,High Recency • High Frequency
12929,2011-02-01 12:08:00,312.0,1.0,117.85,0.0,0.0,8.0,0.5,5,High Returns
12930,2011-09-22 15:18:00,78.0,2.0,415.8,0.0,0.0,20.0,0.5,5,High Returns
12931,2011-11-18 12:39:00,22.0,57.0,92347.34,0.0175438596491228,0.0,37.0,0.1971830985915492,3,Diverse Basket • Frequent
12932,2010-06-18 14:22:00,539.0,8.0,1698.56,0.25,0.0,69.0,0.0,1,High Recency • High Frequency
12933,2011-11-15 16:38:00,24.0,8.0,1687.03,0.0,0.0,227.0,0.2727272727272727,3,Diverse Basket • Frequent
12934,2009-12-03 10:51:00,737.0,1.0,181.65,0.0,0.0,2.0,0.0,1,High Recency • High Frequency
12935,2011-12-07 17:25:00,2.0,15.0,4243.86,0.1333333333333333,0.0,113.0,0.2105263157894736,3,Diverse Basket • Frequent
12936,2011-11-22 17:32:00,17.0,4.0,1063.9,0.0,0.0,56.0,0.2,5,High Returns
12937,2011-11-24 15:05:00,15.0,9.0,3097.61,0.0,0.0,128.0,0.0,1,High Recency • High Frequency
12938,2011-11-14 11:21:00,26.0,1.0,114.14,0.0,0.0,9.0,0.0,1,High Recency • High Frequency
12939,2011-10-06 14:33:00,64.0,20.0,25264.8,0.1,0.0,24.0,0.0,1,High Recency • High Frequency
12940,2011-10-16 12:09:00,55.0,2.0,913.54,0.5,0.0,87.0,0.5,5,High Returns
12941,2009-12-15 13:12:00,724.0,1.0,377.49,0.0,0.0,27.0,0.0,1,High Recency • High Frequency
12942,2011-07-31 14:39:00,131.0,3.0,942.65,0.3333333333333333,0.0,68.0,0.0,1,High Recency • High Frequency
12943,2010-05-30 13:52:00,558.0,2.0,496.5,0.5,0.0,22.0,0.5,5,High Returns
12944,2011-11-04 11:04:00,36.0,2.0,604.51,0.0,0.0,29.0,0.0,1,High Recency • High Frequency
12945,2011-02-24 14:15:00,288.0,2.0,900.11,0.5,0.0,47.0,0.0,4,Weekend Shoppers
12946,2010-09-29 10:14:00,437.0,1.0,324.45,0.0,0.0,20.0,0.0,1,High Recency • High Frequency
12947,2011-07-19 10:06:00,144.0,6.0,1908.03,0.0,0.0,83.0,0.4545454545454545,5,High Returns
12948,2011-11-23 17:10:00,16.0,9.0,2317.4300000000003,0.1111111111111111,0.0,89.0,0.1,1,High Recency • High Frequency
12949,2011-11-09 11:25:00,31.0,22.0,15526.7,0.0,0.0,347.0,0.2142857142857142,3,Diverse Basket • Frequent
12950,2011-12-07 13:17:00,2.0,3.0,1843.0,0.0,0.0,13.0,0.0,1,High Recency • High Frequency
12951,2011-12-01 12:14:00,9.0,15.0,3213.7200000000003,0.2666666666666666,0.0,110.0,0.25,3,Diverse Basket • Frequent
12952,2011-12-04 10:35:00,6.0,4.0,1387.79,0.25,0.0,64.0,0.2,5,High Returns
12953,2011-11-30 09:24:00,10.0,2.0,828.8100000000001,0.0,0.0,45.0,0.0,1,High Recency • High Frequency
12954,2010-03-11 10:16:00,639.0,1.0,162.45,0.0,0.0,10.0,0.0,1,High Recency • High Frequency
12955,2011-12-08 16:29:00,1.0,11.0,4757.16,0.0,0.0,81.0,0.2142857142857142,5,High Returns
12956,2011-02-06 16:08:00,306.0,4.0,521.89,0.5,0.0,42.0,0.0,4,Weekend Shoppers
12957,2011-11-30 09:53:00,10.0,13.0,8706.97,0.0,0.0,402.0,0.3809523809523809,3,Diverse Basket • Frequent
12958,2010-11-04 16:16:00,400.0,2.0,539.49,0.0,0.0,45.0,0.0,1,High Recency • High Frequency
12959,2010-08-12 17:20:00,484.0,1.0,150.95,0.0,0.0,8.0,0.5,5,High Returns
12960,2010-10-22 09:31:00,414.0,4.0,1322.0700000000002,0.0,0.0,49.0,0.0,1,High Recency • High Frequency
12961,2010-11-25 16:44:00,379.0,1.0,211.99,0.0,0.0,37.0,0.0,1,High Recency • High Frequency
12962,2011-12-02 15:55:00,7.0,2.0,266.39000000000004,0.0,0.0,15.0,0.0,1,High Recency • High Frequency
12963,2011-12-01 12:55:00,8.0,12.0,3601.59,0.0,0.0,129.0,0.1428571428571428,3,Diverse Basket • Frequent
12964,2010-09-28 17:47:00,437.0,1.0,132.24,0.0,0.0,26.0,0.0,1,High Recency • High Frequency
12965,2011-09-11 15:31:00,89.0,1.0,771.91,1.0,0.0,108.0,0.0,4,Weekend Shoppers
12966,2011-11-30 12:38:00,10.0,1.0,160.18,0.0,0.0,10.0,0.0,1,High Recency • High Frequency
12967,2010-12-16 19:10:00,358.0,3.0,4306.92,0.3333333333333333,0.0,47.0,0.4,5,High Returns
12968,2011-08-19 15:44:00,112.0,1.0,135.95,0.0,0.0,5.0,0.0,1,High Recency • High Frequency
12969,2010-04-16 10:50:00,603.0,1.0,122.45,0.0,0.0,5.0,0.0,1,High Recency • High Frequency
12970,2011-12-02 14:30:00,7.0,10.0,1524.97,0.0,0.0,280.0,0.0,3,Diverse Basket • Frequent
12971,2011-12-06 12:20:00,4.0,116.0,15972.79,0.0775862068965517,0.0,102.0,0.0333333333333333,3,Diverse Basket • Frequent
12972,2010-10-22 08:41:00,414.0,4.0,1161.2,0.0,0.0,69.0,0.3333333333333333,5,High Returns
12973,2010-10-22 10:14:00,414.0,1.0,385.55,0.0,0.0,6.0,0.0,1,High Recency • High Frequency
12974,2011-05-26 09:33:00,198.0,2.0,408.95,0.5,0.0,27.0,0.0,4,Weekend Shoppers
12975,2010-09-29 09:46:00,437.0,6.0,2100.09,0.1666666666666666,0.0,92.0,0.25,5,High Returns
12976,2011-05-12 09:55:00,212.0,8.0,3156.38,0.0,0.0,106.0,0.0,1,High Recency • High Frequency
12977,2011-07-06 16:40:00,156.0,4.0,517.63,0.0,0.0,54.0,0.0,1,High Recency • High Frequency
12978,2010-11-19 14:29:00,385.0,5.0,2502.82,0.0,0.0,126.0,0.1666666666666666,1,High Recency • High Frequency
12979,2009-12-10 15:45:00,729.0,1.0,517.7,0.0,0.0,56.0,0.5,5,High Returns
12980,2011-07-05 09:34:00,158.0,21.0,16245.78,0.0952380952380952,0.0,7.0,0.1923076923076923,1,High Recency • High Frequency
12981,2011-11-10 12:00:00,30.0,2.0,372.22,0.0,0.0,12.0,0.0,1,High Recency • High Frequency
12982,2011-04-11 11:51:00,243.0,8.0,2744.81,0.0,0.0,139.0,0.5294117647058824,5,High Returns
12983,2010-04-20 12:58:00,598.0,1.0,490.08,0.0,0.0,30.0,0.0,1,High Recency • High Frequency
12984,2011-11-21 12:37:00,19.0,1.0,97.5,0.0,0.0,4.0,0.0,1,High Recency • High Frequency
12985,2011-12-09 10:46:00,1.0,2.0,1239.38,0.0,0.0,73.0,0.3333333333333333,5,High Returns
12986,2010-10-07 11:57:00,429.0,10.0,2729.84,0.0,0.0,61.0,0.1666666666666666,1,High Recency • High Frequency
12987,2011-09-27 12:03:00,74.0,5.0,1312.21,0.0,0.0,61.0,0.1666666666666666,1,High Recency • High Frequency
12988,2011-02-20 14:31:00,292.0,1.0,535.32,1.0,0.0,75.0,0.0,4,Weekend Shoppers
12989,2011-12-06 15:28:00,3.0,33.0,13551.75,0.0909090909090909,0.0,50.0,0.1538461538461538,3,Diverse Basket • Frequent
12990,2011-11-08 13:01:00,31.0,7.0,955.5,0.0,0.0,9.0,0.0,1,High Recency • High Frequency
12991,2011-11-16 15:34:00,23.0,3.0,764.8199999999999,0.0,0.0,45.0,0.0,1,High Recency • High Frequency
12992,2009-12-14 16:46:00,725.0,1.0,93.35,0.0,0.0,6.0,0.0,1,High Recency • High Frequency
12993,2011-11-16 15:49:00,23.0,8.0,1259.63,0.0,0.0,57.0,0.2,5,High Returns
12994,2011-12-05 15:43:00,4.0,3.0,974.42,0.0,0.0,52.0,0.4,5,High Returns
12995,2011-09-15 15:44:00,85.0,1.0,211.32,0.0,0.0,3.0,0.5,5,High Returns
12996,2010-11-29 09:27:00,376.0,1.0,355.5,0.0,0.0,22.0,0.0,1,High Recency • High Frequency
12997,2011-11-17 15:47:00,22.0,8.0,2110.91,0.125,0.0,65.0,0.5,5,High Returns
12998,2010-08-04 08:05:00,493.0,3.0,920.08,0.0,0.0,58.0,0.25,5,High Returns
12999,2011-05-27 13:24:00,196.0,3.0,455.88,0.0,0.0,25.0,0.0,1,High Recency • High Frequency
13000,2011-08-25 10:43:00,107.0,4.0,1032.5,0.0,0.0,57.0,0.2,1,High Recency • High Frequency
13001,2011-12-05 14:51:00,4.0,33.0,24172.1,0.1212121212121212,0.0,300.0,0.1081081081081081,3,Diverse Basket • Frequent
13002,2011-01-25 15:18:00,318.0,3.0,414.13,0.0,0.0,19.0,0.0,1,High Recency • High Frequency
13003,2011-08-26 10:50:00,106.0,3.0,149.05,0.0,0.0,4.0,0.0,1,High Recency • High Frequency
13004,2011-11-28 11:27:00,12.0,36.0,11650.85,0.0833333333333333,0.0,417.0,0.217391304347826,3,Diverse Basket • Frequent
13005,2011-06-19 10:53:00,174.0,4.0,999.68,0.25,0.0,41.0,0.3333333333333333,5,High Returns
13006,2011-10-14 13:49:00,56.0,1.0,81.57,0.0,0.0,4.0,0.0,1,High Recency • High Frequency
13007,2010-05-09 10:38:00,580.0,1.0,175.25,1.0,0.0,11.0,0.0,4,Weekend Shoppers
13008,2011-01-20 14:24:00,323.0,3.0,612.13,0.3333333333333333,0.0,31.0,0.5714285714285714,5,High Returns
13009,2010-02-05 12:22:00,673.0,1.0,234.0,0.0,0.0,4.0,0.0,1,High Recency • High Frequency
13010,2010-11-30 15:09:00,374.0,2.0,330.12,0.0,0.0,10.0,0.0,1,High Recency • High Frequency
13011,2010-12-02 17:22:00,372.0,1.0,101.1,0.0,0.0,3.0,0.0,1,High Recency • High Frequency
13012,2011-11-30 13:05:00,9.0,11.0,2972.83,0.0,0.0,95.0,0.2666666666666666,5,High Returns
13013,2011-12-08 15:01:00,1.0,29.0,12625.77,0.0,0.0,289.0,0.064516129032258,3,Diverse Basket • Frequent
13014,2011-11-29 12:27:00,11.0,11.0,5381.08,0.0909090909090909,0.0,140.0,0.3888888888888889,5,High Returns
13015,2011-10-17 13:19:00,53.0,11.0,6586.42,0.0909090909090909,0.0,260.0,0.2142857142857142,3,Diverse Basket • Frequent
13016,2011-09-27 14:08:00,73.0,3.0,789.89,0.0,0.0,39.0,0.0,1,High Recency • High Frequency
13017,2011-12-02 15:53:00,7.0,1.0,204.0,0.0,0.0,1.0,0.0,1,High Recency • High Frequency
13018,2011-11-23 13:28:00,16.0,35.0,9763.16,0.2,0.0,401.0,0.054054054054054,3,Diverse Basket • Frequent
13019,2010-11-25 14:56:00,379.0,6.0,1229.95,0.3333333333333333,0.0,46.0,0.25,5,High Returns
13020,2010-05-26 11:12:00,563.0,2.0,618.96,0.0,0.0,38.0,0.6,5,High Returns
13021,2011-12-05 16:37:00,4.0,17.0,4887.24,0.2352941176470588,0.0,166.0,0.2916666666666667,3,Diverse Basket • Frequent
13022,2010-10-06 10:50:00,430.0,1.0,65.3,0.0,0.0,5.0,0.0,1,High Recency • High Frequency
13023,2011-10-06 16:27:00,64.0,3.0,1449.03,0.0,0.0,69.0,0.0,1,High Recency • High Frequency
13024,2010-08-26 09:42:00,471.0,2.0,555.87,0.0,0.0,26.0,0.3333333333333333,5,High Returns
13025,2009-12-08 10:02:00,732.0,1.0,323.39,0.0,0.0,13.0,0.0,1,High Recency • High Frequency
13026,2011-12-08 16:58:00,1.0,9.0,1733.0800000000002,0.3333333333333333,0.0,52.0,0.3076923076923077,5,High Returns
13027,2011-08-18 09:39:00,114.0,19.0,17335.2,0.0526315789473684,0.0,7.0,0.1739130434782608,1,High Recency • High Frequency
13028,2011-11-17 11:10:00,23.0,2.0,661.3199999999999,0.0,0.0,40.0,0.3333333333333333,5,High Returns
13029,2011-11-09 09:13:00,31.0,5.0,1927.3,0.4,0.0,13.0,0.0,1,High Recency • High Frequency
13030,2011-11-28 14:30:00,11.0,2.0,1227.22,0.0,0.0,76.0,0.0,1,High Recency • High Frequency
13031,2010-10-28 15:34:00,407.0,5.0,3419.27,0.0,0.0,275.0,0.0,1,High Recency • High Frequency
13032,2011-10-18 15:54:00,52.0,9.0,2843.55,0.2222222222222222,0.0,147.0,0.1818181818181818,3,Diverse Basket • Frequent
13033,2010-12-17 14:23:00,357.0,2.0,220.55,0.0,0.0,12.0,0.0,1,High Recency • High Frequency
13034,2011-10-16 12:21:00,55.0,3.0,922.68,0.6666666666666666,0.0,42.0,0.0,4,Weekend Shoppers
13035,2011-09-27 08:57:00,74.0,3.0,1364.2,0.0,0.0,27.0,0.25,5,High Returns
13036,2010-01-24 11:35:00,685.0,1.0,307.1,1.0,0.0,6.0,0.0,4,Weekend Shoppers
13037,2011-07-24 15:46:00,138.0,12.0,3914.95,0.0833333333333333,0.0,181.0,0.25,3,Diverse Basket • Frequent
13038,2011-09-20 14:37:00,80.0,3.0,908.46,0.0,0.0,24.0,0.0,1,High Recency • High Frequency
13039,2010-05-04 16:45:00,584.0,4.0,1010.73,0.0,0.0,37.0,0.0,1,High Recency • High Frequency
13040,2011-12-01 10:38:00,9.0,2.0,676.99,0.5,0.0,38.0,0.0,4,Weekend Shoppers
13041,2010-09-15 11:44:00,451.0,4.0,799.13,0.0,0.0,23.0,0.0,1,High Recency • High Frequency
13042,2010-04-20 13:43:00,598.0,3.0,1556.54,0.0,0.0,164.0,0.25,5,High Returns
13043,2011-03-11 14:52:00,273.0,1.0,516.42,0.0,0.0,13.0,0.5,5,High Returns
13044,2011-02-21 15:20:00,291.0,11.0,4853.9,0.2727272727272727,0.0,356.0,0.1538461538461538,3,Diverse Basket • Frequent
13045,2011-09-01 15:04:00,99.0,3.0,808.9200000000001,0.0,0.0,41.0,0.0,1,High Recency • High Frequency
13046,2011-11-09 08:36:00,31.0,3.0,949.25,0.0,0.0,50.0,0.0,1,High Recency • High Frequency
13047,2011-11-08 12:06:00,32.0,24.0,8795.16,0.125,0.0,190.0,0.4285714285714285,3,Diverse Basket • Frequent
13048,2011-11-25 13:23:00,14.0,9.0,4084.21,0.1111111111111111,0.0,125.0,0.3076923076923077,5,High Returns
13049,2011-10-06 15:31:00,64.0,4.0,1408.24,0.0,0.0,19.0,0.2,5,High Returns
13050,2011-11-25 09:18:00,15.0,35.0,12344.53,0.1428571428571428,0.0,513.0,0.3859649122807017,3,Diverse Basket • Frequent
13051,2010-05-10 09:14:00,579.0,2.0,155.8,0.0,0.0,4.0,0.0,1,High Recency • High Frequency
13052,2011-05-11 14:12:00,212.0,7.0,3168.53,0.0,0.0,161.0,0.0,1,High Recency • High Frequency
13053,2010-03-28 11:28:00,622.0,1.0,127.65,1.0,0.0,17.0,0.0,4,Weekend Shoppers
13055,2011-09-22 14:26:00,78.0,4.0,2321.11,0.0,0.0,145.0,0.3333333333333333,5,High Returns
13056,2010-06-06 14:10:00,551.0,1.0,209.48,1.0,0.0,18.0,0.0,4,Weekend Shoppers
13057,2010-06-27 15:44:00,530.0,3.0,722.09,0.3333333333333333,0.0,34.0,0.25,5,High Returns
13058,2011-11-15 12:43:00,25.0,3.0,271.4,0.0,0.0,5.0,0.0,1,High Recency • High Frequency
13059,2011-04-04 10:40:00,250.0,10.0,2303.17,0.2,0.0,155.0,0.1666666666666666,1,High Recency • High Frequency
13060,2011-03-31 11:37:00,254.0,1.0,307.53,0.0,0.0,15.0,0.0,1,High Recency • High Frequency
13061,2011-09-28 16:04:00,72.0,1.0,248.61,0.0,0.0,10.0,0.0,1,High Recency • High Frequency
13062,2011-06-01 15:12:00,191.0,1.0,346.98,0.0,0.0,11.0,0.0,1,High Recency • High Frequency
13063,2010-08-16 12:27:00,481.0,1.0,188.4,0.0,0.0,12.0,0.0,1,High Recency • High Frequency
13064,2011-11-27 12:31:00,13.0,6.0,1680.74,0.5,0.0,58.0,0.0,4,Weekend Shoppers
13065,2010-12-01 16:52:00,373.0,5.0,1260.91,0.0,0.0,49.0,0.1666666666666666,1,High Recency • High Frequency
13066,2011-11-15 12:57:00,24.0,2.0,470.8,0.0,0.0,48.0,0.3333333333333333,5,High Returns
13067,2011-09-18 13:38:00,82.0,3.0,508.51,0.6666666666666666,0.0,24.0,0.0,4,Weekend Shoppers
13068,2011-11-29 15:00:00,10.0,2.0,344.0,0.0,0.0,1.0,0.0,1,High Recency • High Frequency
13069,2011-12-09 08:39:00,1.0,38.0,9683.13,0.2368421052631578,0.0,573.0,0.0952380952380952,3,Diverse Basket • Frequent
13070,2011-05-31 13:45:00,192.0,4.0,751.7,0.0,0.0,12.0,0.2,1,High Recency • High Frequency
13071,2010-04-06 13:37:00,612.0,1.0,129.22,0.0,0.0,12.0,0.0,1,High Recency • High Frequency
13072,2011-03-18 08:12:00,267.0,1.0,177.15,0.0,0.0,7.0,0.0,1,High Recency • High Frequency
13073,2010-10-24 14:06:00,411.0,2.0,418.08,0.5,0.0,25.0,0.0,4,Weekend Shoppers
13074,2010-07-16 16:53:00,511.0,4.0,1378.74,0.0,0.0,26.0,0.2,1,High Recency • High Frequency
13075,2011-08-02 10:19:00,130.0,1.0,919.61,0.0,0.0,22.0,0.0,1,High Recency • High Frequency
13076,2010-09-08 10:27:00,458.0,1.0,135.4,0.0,0.0,9.0,0.0,1,High Recency • High Frequency
13077,2011-12-08 19:24:00,1.0,11.0,3064.67,0.0,0.0,208.0,0.2142857142857142,3,Diverse Basket • Frequent
13078,2011-12-06 15:36:00,3.0,57.0,29532.45,0.1052631578947368,0.0,153.0,0.4,3,Diverse Basket • Frequent
13079,2011-12-05 16:53:00,4.0,6.0,419.18,0.1666666666666666,0.0,11.0,0.0,1,High Recency • High Frequency
13080,2011-06-13 14:59:00,179.0,4.0,280.73,0.0,0.0,17.0,0.2,1,High Recency • High Frequency
13081,2011-11-28 10:54:00,12.0,28.0,59205.15,0.0714285714285714,0.0,738.0,0.3636363636363636,3,Diverse Basket • Frequent
13082,2011-08-05 16:16:00,126.0,21.0,7335.75,0.0476190476190476,0.0,99.0,0.16,3,Diverse Basket • Frequent
13083,2011-12-05 15:01:00,4.0,3.0,395.43,0.6666666666666666,0.0,19.0,0.0,4,Weekend Shoppers
13084,2010-08-05 08:49:00,492.0,1.0,122.4,0.0,0.0,2.0,0.5,5,High Returns
13085,2011-07-05 12:11:00,158.0,8.0,2433.28,0.0,0.0,50.0,0.2,1,High Recency • High Frequency
13086,2010-11-22 10:28:00,383.0,1.0,439.33,0.0,0.0,47.0,0.0,1,High Recency • High Frequency
13087,2009-12-13 15:16:00,726.0,1.0,313.64,1.0,0.0,15.0,0.0,4,Weekend Shoppers
13088,2010-10-18 15:35:00,417.0,1.0,236.11,0.0,0.0,19.0,0.0,1,High Recency • High Frequency
13089,2011-12-07 09:02:00,3.0,203.0,116737.86,0.0935960591133004,0.0,857.0,0.1781376518218623,2,High Spend • Frequent
13090,2011-12-01 12:39:00,9.0,24.0,14103.09,0.0416666666666666,0.0,163.0,0.2,3,Diverse Basket • Frequent
13091,2011-11-11 15:54:00,28.0,3.0,2321.82,0.0,0.0,41.0,0.5,5,High Returns
13092,2011-09-30 11:18:00,71.0,12.0,2140.28,0.0833333333333333,0.0,52.0,0.2,5,High Returns
13093,2011-03-09 12:14:00,276.0,55.0,54943.65,0.1272727272727272,0.0,199.0,0.375,3,Diverse Basket • Frequent
13094,2011-11-18 14:07:00,21.0,13.0,2433.1200000000003,0.0769230769230769,0.0,5.0,0.2352941176470588,5,High Returns
13095,2011-09-30 12:03:00,71.0,1.0,74.39999999999999,0.0,0.0,6.0,0.0,1,High Recency • High Frequency
13096,2010-11-10 14:08:00,394.0,1.0,419.7000000000001,0.0,0.0,1.0,0.0,1,High Recency • High Frequency
13097,2011-11-07 10:43:00,33.0,28.0,13389.22,0.1071428571428571,0.0,390.0,0.3,3,Diverse Basket • Frequent
13098,2011-12-08 14:14:00,1.0,28.0,28882.44,0.0714285714285714,0.0,156.0,0.3170731707317073,3,Diverse Basket • Frequent
13099,2011-09-01 17:40:00,99.0,1.0,207.36,0.0,0.0,1.0,0.0,1,High Recency • High Frequency
13101,2011-04-19 14:37:00,234.0,4.0,695.4,0.0,0.0,48.0,0.0,1,High Recency • High Frequency
13102,2011-12-08 12:52:00,1.0,37.0,11696.92,0.1081081081081081,0.0,212.0,0.119047619047619,3,Diverse Basket • Frequent
13103,2011-10-31 09:38:00,40.0,3.0,709.6400000000001,0.0,0.0,27.0,0.0,1,High Recency • High Frequency
13104,2011-12-06 13:10:00,3.0,9.0,1709.1,0.0,0.0,15.0,0.0,1,High Recency • High Frequency
13105,2010-09-29 13:41:00,436.0,1.0,72.0,0.0,0.0,1.0,0.0,1,High Recency • High Frequency
13106,2011-07-29 15:12:00,133.0,2.0,603.46,0.0,0.0,15.0,0.3333333333333333,5,High Returns
13107,2011-10-26 14:52:00,44.0,9.0,5253.07,0.0,0.0,142.0,0.4,5,High Returns
13108,2010-12-02 10:35:00,373.0,2.0,1098.52,0.0,0.0,27.0,0.0,1,High Recency • High Frequency
13109,2011-10-11 10:16:00,60.0,3.0,1134.03,0.3333333333333333,0.0,57.0,0.5714285714285714,5,High Returns
13110,2011-11-08 14:30:00,31.0,12.0,2957.4700000000003,0.0833333333333333,0.0,167.0,0.1428571428571428,3,Diverse Basket • Frequent
13111,2009-12-21 09:00:00,719.0,1.0,321.88000000000005,0.0,0.0,12.0,0.0,1,High Recency • High Frequency
13112,2010-06-16 17:03:00,541.0,1.0,20.6,0.0,0.0,2.0,0.6666666666666666,5,High Returns
13113,2011-12-09 12:49:00,1.0,37.0,18625.73,0.1621621621621621,0.0,166.0,0.3833333333333333,3,Diverse Basket • Frequent
13114,2009-12-09 09:56:00,731.0,1.0,234.38,0.0,0.0,16.0,0.0,1,High Recency • High Frequency
13115,2011-11-28 12:38:00,12.0,10.0,5494.7,0.0,0.0,178.0,0.5652173913043478,5,High Returns
13116,2011-07-24 14:33:00,138.0,1.0,501.14,1.0,0.0,30.0,0.5,4,Weekend Shoppers
13117,2011-11-18 12:02:00,22.0,18.0,2643.81,0.0555555555555555,0.0,122.0,0.0526315789473684,3,Diverse Basket • Frequent
13118,2011-11-20 12:46:00,20.0,9.0,2415.41,0.6666666666666666,0.0,111.0,0.25,4,Weekend Shoppers
13119,2010-02-09 08:38:00,669.0,1.0,134.9,0.0,0.0,11.0,0.0,1,High Recency • High Frequency
13120,2011-04-15 10:19:00,239.0,1.0,30.6,0.0,0.0,1.0,0.0,1,High Recency • High Frequency
13121,2011-03-15 16:47:00,269.0,1.0,283.73,0.0,0.0,50.0,0.5,5,High Returns
13122,2011-09-06 15:53:00,94.0,2.0,922.39,0.0,0.0,54.0,0.0,1,High Recency • High Frequency
13123,2010-08-24 10:18:00,473.0,2.0,506.75,0.0,0.0,36.0,0.0,1,High Recency • High Frequency
13124,2011-09-11 12:45:00,90.0,4.0,4782.45,0.25,0.0,216.0,0.0,3,Diverse Basket • Frequent
13125,2010-07-04 11:58:00,524.0,1.0,158.57,1.0,0.0,20.0,0.0,4,Weekend Shoppers
13126,2011-12-05 10:00:00,5.0,13.0,3998.25,0.0,0.0,183.0,0.3157894736842105,3,Diverse Basket • Frequent
13127,2011-09-23 10:26:00,78.0,1.0,259.17,0.0,0.0,15.0,0.0,1,High Recency • High Frequency
13128,2010-03-18 15:08:00,631.0,1.0,263.5,0.0,0.0,1.0,0.0,1,High Recency • High Frequency
13129,2010-09-13 13:47:00,452.0,2.0,233.25,0.0,0.0,10.0,0.0,1,High Recency • High Frequency
13130,2011-09-06 15:30:00,94.0,1.0,64.0,0.0,0.0,2.0,0.0,1,High Recency • High Frequency
13131,2011-11-16 13:21:00,23.0,7.0,3313.77,0.2857142857142857,0.0,107.0,0.125,1,High Recency • High Frequency
13132,2011-03-23 12:44:00,262.0,1.0,77.3,0.0,0.0,3.0,0.0,1,High Recency • High Frequency
13133,2011-03-11 10:31:00,274.0,3.0,200.45,0.0,0.0,12.0,0.0,1,High Recency • High Frequency
13134,2011-09-15 10:35:00,86.0,6.0,2475.23,0.0,0.0,110.0,0.3333333333333333,5,High Returns
13135,2011-05-27 10:52:00,197.0,2.0,3371.45,0.0,0.0,18.0,0.0,1,High Recency • High Frequency
13136,2011-10-14 13:41:00,56.0,13.0,6274.56,0.0769230769230769,0.0,204.0,0.4583333333333333,5,High Returns
13137,2011-11-29 12:09:00,11.0,16.0,7712.7,0.5,0.0,628.0,0.0588235294117647,3,Diverse Basket • Frequent
13138,2011-11-17 16:51:00,22.0,7.0,1467.24,0.0,0.0,41.0,0.125,1,High Recency • High Frequency
13139,2011-11-23 13:54:00,16.0,8.0,8202.98,0.125,0.0,214.0,0.1111111111111111,3,Diverse Basket • Frequent
13140,2011-08-23 15:33:00,108.0,5.0,1215.6799999999998,0.0,0.0,89.0,0.0,1,High Recency • High Frequency
13141,2011-09-16 09:54:00,85.0,17.0,7668.58,0.0,0.0,285.0,0.1904761904761904,3,Diverse Basket • Frequent
13142,2011-11-20 16:07:00,19.0,1.0,307.09,1.0,0.0,23.0,0.0,4,Weekend Shoppers
13143,2010-05-04 12:22:00,585.0,1.0,405.1,0.0,0.0,23.0,0.5,5,High Returns
13144,2011-01-11 11:15:00,333.0,2.0,135.35,0.0,0.0,6.0,0.0,1,High Recency • High Frequency
13145,2011-10-31 12:45:00,40.0,7.0,1423.52,0.1428571428571428,0.0,5.0,0.125,1,High Recency • High Frequency
13146,2011-11-13 15:29:00,26.0,1.0,228.91,1.0,0.0,16.0,0.0,4,Weekend Shoppers
13147,2011-11-29 13:59:00,10.0,4.0,712.8000000000001,0.0,0.0,1.0,0.0,1,High Recency • High Frequency
13148,2011-11-10 15:23:00,29.0,26.0,8621.810000000001,0.3076923076923077,0.0,451.0,0.2777777777777778,3,Diverse Basket • Frequent
13149,2011-11-25 13:09:00,14.0,4.0,1676.06,0.0,0.0,76.0,0.0,1,High Recency • High Frequency
13150,2010-08-12 12:59:00,484.0,3.0,449.97,0.0,0.0,7.0,0.25,5,High Returns
13151,2011-02-17 12:29:00,296.0,3.0,2580.74,0.0,0.0,131.0,0.4,5,High Returns
13152,2010-10-18 13:44:00,417.0,7.0,2146.38,0.2857142857142857,0.0,114.0,0.2222222222222222,5,High Returns
13153,2011-12-04 12:14:00,6.0,1.0,486.22,1.0,0.0,15.0,0.0,4,Weekend Shoppers
13154,2010-11-05 16:00:00,399.0,3.0,1624.84,0.0,0.0,78.0,0.4,5,High Returns
13155,2011-11-06 15:41:00,33.0,6.0,1750.18,0.1666666666666666,0.0,79.0,0.0,1,High Recency • High Frequency
13156,2010-11-19 13:09:00,385.0,3.0,1586.54,0.0,0.0,94.0,0.0,1,High Recency • High Frequency
13157,2011-10-21 13:50:00,49.0,9.0,5687.36,0.2222222222222222,0.0,173.0,0.1,3,Diverse Basket • Frequent
13158,2011-09-06 11:58:00,95.0,5.0,1508.18,0.0,0.0,70.0,0.0,1,High Recency • High Frequency
13159,2011-12-01 11:20:00,9.0,4.0,1437.85,0.0,0.0,114.0,0.2,5,High Returns
13160,2011-11-17 13:07:00,22.0,1.0,91.8,0.0,0.0,4.0,0.0,1,High Recency • High Frequency
13161,2011-01-30 14:03:00,313.0,2.0,478.88,0.5,0.0,30.0,0.0,4,Weekend Shoppers
13162,2011-08-09 15:59:00,122.0,16.0,9275.49,0.125,0.0,186.0,0.1578947368421052,3,Diverse Basket • Frequent
13163,2010-04-08 16:21:00,610.0,1.0,17.65,0.0,0.0,2.0,0.5,5,High Returns
13164,2010-05-19 13:52:00,569.0,2.0,372.2000000000001,0.0,0.0,7.0,0.3333333333333333,5,High Returns
13165,2011-10-24 15:05:00,46.0,3.0,1451.16,0.0,0.0,47.0,0.0,1,High Recency • High Frequency
13166,2011-03-01 15:16:00,283.0,2.0,884.1800000000001,0.0,0.0,55.0,0.3333333333333333,5,High Returns
13167,2011-11-21 12:24:00,19.0,5.0,1125.15,0.2,0.0,64.0,0.0,1,High Recency • High Frequency
13168,2011-11-03 12:56:00,36.0,5.0,1875.31,0.2,0.0,127.0,0.1666666666666666,3,Diverse Basket • Frequent
13169,2011-10-07 12:11:00,64.0,3.0,840.0799999999999,0.0,0.0,16.0,0.0,1,High Recency • High Frequency
13170,2011-11-13 12:19:00,27.0,1.0,116.01,1.0,0.0,29.0,0.0,4,Weekend Shoppers
13171,2011-11-18 10:27:00,22.0,3.0,468.41,0.3333333333333333,0.0,37.0,0.4,5,High Returns
13172,2010-11-04 15:10:00,400.0,1.0,69.6,0.0,0.0,1.0,0.0,1,High Recency • High Frequency
13173,2011-12-05 15:51:00,4.0,11.0,2639.35,0.0,0.0,160.0,0.1538461538461538,3,Diverse Basket • Frequent
13174,2011-11-23 14:35:00,16.0,12.0,9494.84,0.0833333333333333,0.0,602.0,0.0,3,Diverse Basket • Frequent
13175,2010-05-06 13:13:00,582.0,2.0,831.4499999999999,0.0,0.0,40.0,0.5,5,High Returns
13176,2011-10-24 15:43:00,46.0,1.0,492.84,0.0,0.0,66.0,0.0,1,High Recency • High Frequency
13177,2011-10-06 09:56:00,65.0,2.0,512.2,0.0,0.0,23.0,0.0,1,High Recency • High Frequency
13178,2011-11-13 16:14:00,26.0,21.0,14059.19,0.1428571428571428,0.0,194.0,0.16,3,Diverse Basket • Frequent
13179,2010-03-31 11:40:00,619.0,1.0,572.3100000000001,0.0,0.0,34.0,0.0,1,High Recency • High Frequency
13180,2010-04-11 13:37:00,607.0,1.0,86.10000000000001,1.0,0.0,4.0,0.0,4,Weekend Shoppers
13181,2010-11-23 15:05:00,381.0,1.0,359.69,0.0,0.0,19.0,0.0,1,High Recency • High Frequency
13182,2011-10-25 13:46:00,45.0,1.0,121.18,0.0,0.0,11.0,0.0,1,High Recency • High Frequency
13183,2011-12-02 10:30:00,8.0,15.0,7036.18,0.2,0.0,64.0,0.1666666666666666,3,Diverse Basket • Frequent
13184,2011-11-25 12:02:00,15.0,10.0,1701.29,0.0,0.0,138.0,0.1666666666666666,3,Diverse Basket • Frequent
13185,2011-03-17 11:56:00,268.0,1.0,71.4,0.0,0.0,1.0,0.0,1,High Recency • High Frequency
13186,2011-10-31 11:40:00,40.0,3.0,1575.89,0.0,0.0,69.0,0.4,5,High Returns
13187,2011-01-06 18:57:00,337.0,4.0,367.01,0.0,0.0,51.0,0.2,1,High Recency • High Frequency
13188,2011-11-28 15:28:00,11.0,1.0,114.6,0.0,0.0,2.0,0.0,1,High Recency • High Frequency
13189,2011-11-21 10:39:00,19.0,2.0,260.68,0.0,0.0,29.0,0.0,1,High Recency • High Frequency
13190,2010-06-13 15:47:00,544.0,3.0,570.66,0.6666666666666666,0.0,16.0,0.25,4,Weekend Shoppers
13191,2010-02-19 17:02:00,658.0,1.0,164.69,0.0,0.0,58.0,0.0,1,High Recency • High Frequency
13192,2011-09-05 14:13:00,95.0,6.0,2558.58,0.0,0.0,135.0,0.25,5,High Returns
13193,2011-10-09 14:30:00,61.0,1.0,117.88,1.0,0.0,22.0,0.0,4,Weekend Shoppers
13194,2011-07-27 09:01:00,136.0,2.0,472.78,0.0,0.0,10.0,0.0,1,High Recency • High Frequency
13195,2010-10-21 13:07:00,414.0,1.0,172.38,0.0,0.0,43.0,0.0,1,High Recency • High Frequency
13196,2011-11-28 13:54:00,11.0,7.0,3068.84,0.0,0.0,141.0,0.125,3,Diverse Basket • Frequent
13197,2010-04-09 09:14:00,610.0,1.0,373.0100000000001,0.0,0.0,19.0,0.0,1,High Recency • High Frequency
13198,2011-11-29 15:17:00,10.0,8.0,4974.23,0.0,0.0,265.0,0.3333333333333333,3,Diverse Basket • Frequent
13199,2011-12-06 12:30:00,4.0,67.0,16432.89,0.044776119402985,0.0,61.0,0.0289855072463768,3,Diverse Basket • Frequent
13200,2011-11-20 15:35:00,19.0,4.0,870.09,0.25,0.0,42.0,0.0,1,High Recency • High Frequency
13201,2010-07-25 14:30:00,502.0,4.0,1240.61,0.5,0.0,65.0,0.0,4,Weekend Shoppers
13202,2010-11-10 16:24:00,394.0,7.0,1580.3000000000002,0.1428571428571428,0.0,55.0,0.125,1,High Recency • High Frequency
13203,2011-11-30 10:45:00,10.0,10.0,2648.25,0.1,0.0,158.0,0.0909090909090909,3,Diverse Basket • Frequent
13204,2009-12-08 14:56:00,731.0,1.0,966.66,0.0,0.0,57.0,0.0,1,High Recency • High Frequency
13205,2010-09-22 16:26:00,443.0,1.0,2803.2,0.0,0.0,1.0,0.0,1,High Recency • High Frequency
13206,2010-11-04 16:50:00,400.0,13.0,8377.32,0.0769230769230769,0.0,393.0,0.1333333333333333,3,Diverse Basket • Frequent
13207,2011-11-24 14:52:00,15.0,4.0,535.86,0.0,0.0,10.0,0.0,1,High Recency • High Frequency
13208,2011-10-12 09:54:00,59.0,9.0,1988.5,0.0,0.0,198.0,0.1,3,Diverse Basket • Frequent
13209,2011-11-09 13:54:00,30.0,13.0,8509.51,0.1538461538461538,0.0,284.0,0.1875,3,Diverse Basket • Frequent
13210,2011-09-07 08:18:00,94.0,1.0,353.48,0.0,0.0,22.0,0.0,1,High Recency • High Frequency
13211,2011-11-29 14:43:00,10.0,10.0,2729.32,0.5,0.0,98.0,0.1666666666666666,4,Weekend Shoppers
13212,2011-11-20 12:40:00,20.0,3.0,788.08,1.0,0.0,128.0,0.25,4,Weekend Shoppers
13213,2011-10-14 11:42:00,57.0,11.0,3851.52,0.1818181818181818,0.0,181.0,0.2142857142857142,3,Diverse Basket • Frequent
13214,2010-10-18 10:00:00,418.0,7.0,3264.23,0.1428571428571428,0.0,207.0,0.0,1,High Recency • High Frequency
13215,2010-11-02 18:26:00,402.0,1.0,81.6,0.0,0.0,1.0,0.0,1,High Recency • High Frequency
13216,2011-03-17 12:18:00,268.0,1.0,333.74,0.0,0.0,5.0,0.0,1,High Recency • High Frequency
13217,2011-08-09 15:32:00,122.0,4.0,666.48,0.25,0.0,3.0,0.3333333333333333,5,High Returns
13218,2011-08-04 16:59:00,127.0,1.0,62.63999999999999,0.0,0.0,5.0,0.0,1,High Recency • High Frequency
13219,2010-03-31 14:18:00,618.0,1.0,76.23,0.0,0.0,11.0,0.0,1,High Recency • High Frequency
13220,2011-09-22 13:38:00,78.0,5.0,1336.09,0.2,0.0,46.0,0.0,1,High Recency • High Frequency
13221,2011-04-13 16:58:00,240.0,2.0,847.4100000000001,0.0,0.0,62.0,0.0,1,High Recency • High Frequency
13222,2010-05-11 13:54:00,577.0,1.0,88.5,0.0,0.0,1.0,0.0,1,High Recency • High Frequency
13223,2011-05-23 13:03:00,200.0,6.0,969.12,0.1666666666666666,0.0,8.0,0.0,1,High Recency • High Frequency
13224,2011-10-10 14:55:00,60.0,2.0,2155.95,0.0,0.0,101.0,0.3333333333333333,5,High Returns
13225,2011-12-06 13:29:00,3.0,16.0,16260.070000000002,0.125,0.0,60.0,0.0588235294117647,3,Diverse Basket • Frequent
13226,2011-03-11 14:35:00,273.0,2.0,312.46000000000004,0.0,0.0,28.0,0.0,1,High Recency • High Frequency
13227,2011-05-22 11:47:00,202.0,1.0,257.7,1.0,0.0,9.0,0.0,4,Weekend Shoppers
13228,2011-09-19 14:28:00,81.0,1.0,358.0,0.0,0.0,2.0,0.0,1,High Recency • High Frequency
13229,2011-04-28 12:07:00,226.0,1.0,160.95,0.0,0.0,10.0,0.0,1,High Recency • High Frequency
13230,2011-12-05 16:03:00,4.0,30.0,6360.78,0.4,0.1,653.0,0.032258064516129,3,Diverse Basket • Frequent
13232,2011-11-27 10:39:00,13.0,7.0,1357.6,0.7142857142857143,0.0,147.0,0.0,4,Weekend Shoppers
13233,2011-09-26 13:25:00,74.0,4.0,1176.46,0.0,0.0,74.0,0.0,1,High Recency • High Frequency
13234,2010-02-05 11:41:00,673.0,2.0,356.95,0.0,0.0,56.0,0.0,1,High Recency • High Frequency
13235,2011-05-11 17:13:00,212.0,1.0,1031.07,0.0,0.0,53.0,0.5,5,High Returns
13236,2011-11-15 12:50:00,25.0,2.0,744.85,0.0,0.0,34.0,0.3333333333333333,5,High Returns
13237,2010-11-17 10:07:00,388.0,1.0,643.0,0.0,0.0,24.0,0.0,1,High Recency • High Frequency
13238,2011-11-22 15:37:00,17.0,6.0,1006.63,0.0,0.0,24.0,0.1428571428571428,1,High Recency • High Frequency
13239,2011-03-23 10:25:00,262.0,5.0,1594.69,0.2,0.0,86.0,0.1666666666666666,1,High Recency • High Frequency
13240,2011-09-04 14:08:00,96.0,8.0,1738.52,0.625,0.0,160.0,0.1111111111111111,4,Weekend Shoppers
13241,2010-10-24 11:17:00,412.0,1.0,115.58,1.0,0.0,40.0,0.0,4,Weekend Shoppers
13242,2011-08-19 12:53:00,112.0,7.0,699.4,0.1428571428571428,0.0,19.0,0.0,1,High Recency • High Frequency
13243,2011-05-20 13:14:00,203.0,5.0,1278.04,0.0,0.0,165.0,0.0,1,High Recency • High Frequency
13244,2011-09-08 11:46:00,93.0,1.0,121.74,0.0,0.0,27.0,0.0,1,High Recency • High Frequency
13245,2011-10-20 11:40:00,51.0,2.0,989.22,0.5,0.0,43.0,0.0,4,Weekend Shoppers
13246,2011-11-21 16:50:00,18.0,11.0,3387.43,0.0909090909090909,0.0,229.0,0.2142857142857142,3,Diverse Basket • Frequent
13247,2011-11-22 10:59:00,18.0,4.0,501.12,0.25,0.0,18.0,0.0,1,High Recency • High Frequency
13248,2011-08-07 12:40:00,125.0,2.0,465.68,0.5,0.0,25.0,0.0,4,Weekend Shoppers
13249,2011-09-08 13:26:00,92.0,9.0,1608.93,0.2222222222222222,0.0,21.0,0.0,1,High Recency • High Frequency
13250,2010-09-05 11:33:00,461.0,2.0,256.04,1.0,0.0,17.0,0.3333333333333333,4,Weekend Shoppers
13251,2010-11-02 13:20:00,402.0,1.0,252.68,0.0,0.0,25.0,0.0,1,High Recency • High Frequency
13252,2010-11-10 16:00:00,394.0,2.0,399.3,0.0,0.0,19.0,0.3333333333333333,5,High Returns
13253,2011-07-06 10:09:00,157.0,4.0,2951.11,0.0,0.0,73.0,0.0,1,High Recency • High Frequency
13254,2010-11-28 15:42:00,376.0,1.0,51.41,1.0,0.0,4.0,0.0,4,Weekend Shoppers
13255,2011-11-30 13:14:00,9.0,3.0,904.46,0.0,0.0,26.0,0.25,5,High Returns
13257,2010-09-29 14:58:00,436.0,1.0,149.75,0.0,0.0,7.0,0.6666666666666666,5,High Returns
13258,2011-11-28 09:31:00,12.0,5.0,1035.18,0.0,0.0,29.0,0.0,1,High Recency • High Frequency
13259,2011-10-09 10:48:00,62.0,9.0,1433.38,0.8888888888888888,0.0,234.0,0.0,4,Weekend Shoppers
13260,2011-10-09 13:21:00,61.0,1.0,557.62,1.0,0.0,8.0,0.0,4,Weekend Shoppers
13261,2011-03-16 12:22:00,269.0,2.0,944.1,0.5,0.0,8.0,0.0,4,Weekend Shoppers
13262,2011-03-21 15:06:00,263.0,3.0,573.45,0.3333333333333333,0.0,48.0,0.0,1,High Recency • High Frequency
13263,2011-12-08 13:59:00,1.0,39.0,8704.69,0.0256410256410256,0.0,507.0,0.0,3,Diverse Basket • Frequent
13264,2010-09-23 12:42:00,443.0,1.0,722.5600000000001,0.0,0.0,38.0,0.0,1,High Recency • High Frequency
13265,2011-10-17 15:02:00,53.0,5.0,2107.6600000000003,0.0,0.0,66.0,0.0,1,High Recency • High Frequency
13266,2011-11-28 14:39:00,11.0,19.0,6135.04,0.0526315789473684,0.0,154.0,0.3666666666666666,3,Diverse Basket • Frequent
13267,2011-12-07 11:12:00,3.0,36.0,9758.26,0.0555555555555555,0.0,152.0,0.28,3,Diverse Basket • Frequent
13268,2011-11-22 11:51:00,18.0,11.0,3214.69,0.0,0.0,257.0,0.2666666666666666,3,Diverse Basket • Frequent
13269,2011-12-08 14:53:00,1.0,28.0,8891.7,0.1071428571428571,0.0,238.0,0.0666666666666666,3,Diverse Basket • Frequent
13270,2010-12-08 14:53:00,366.0,1.0,1180.0,0.0,0.0,1.0,0.0,1,High Recency • High Frequency
13271,2011-11-02 14:31:00,37.0,1.0,217.38,0.0,0.0,79.0,0.5,5,High Returns
13272,2011-11-08 14:00:00,31.0,2.0,276.56,0.5,0.0,15.0,0.0,4,Weekend Shoppers
13273,2011-08-18 14:02:00,113.0,1.0,138.98,0.0,0.0,16.0,0.0,1,High Recency • High Frequency
13274,2010-10-26 13:48:00,409.0,1.0,360.85,0.0,0.0,19.0,0.0,1,High Recency • High Frequency
13275,2010-11-21 12:09:00,384.0,2.0,241.66,0.5,0.0,48.0,0.0,4,Weekend Shoppers
13276,2011-10-07 12:44:00,64.0,5.0,1939.26,0.6,0.0,209.0,0.2857142857142857,4,Weekend Shoppers
13277,2011-11-24 09:21:00,16.0,7.0,523.3,0.0,0.0,10.0,0.0,1,High Recency • High Frequency
13278,2011-10-30 11:49:00,41.0,4.0,1435.85,0.25,0.0,80.0,0.2,5,High Returns
13279,2011-09-22 17:24:00,78.0,1.0,137.75,0.0,0.0,9.0,0.5,5,High Returns
13280,2011-08-09 13:14:00,122.0,7.0,2322.63,0.0,0.0,159.0,0.125,1,High Recency • High Frequency
13281,2010-09-26 16:03:00,439.0,1.0,350.85,1.0,0.0,22.0,0.6666666666666666,4,Weekend Shoppers
13282,2011-11-21 15:33:00,18.0,4.0,1313.19,0.0,0.0,42.0,0.4285714285714285,5,High Returns
13283,2011-10-11 09:50:00,60.0,4.0,373.36,0.0,0.0,19.0,0.0,1,High Recency • High Frequency
13284,2011-01-13 09:23:00,331.0,1.0,201.19,0.0,0.0,13.0,0.5,5,High Returns
13285,2011-11-16 13:19:00,23.0,6.0,3364.59,0.1666666666666666,0.0,182.0,0.0,3,Diverse Basket • Frequent
13286,2010-04-18 15:35:00,600.0,1.0,734.91,1.0,0.0,46.0,0.0,4,Weekend Shoppers
13287,2010-04-15 15:26:00,603.0,3.0,781.59,0.0,0.0,46.0,0.5714285714285714,5,High Returns
13288,2010-09-22 16:32:00,443.0,5.0,927.61,0.2,0.0,7.0,0.1666666666666666,1,High Recency • High Frequency
13289,2009-12-16 11:53:00,724.0,1.0,307.95,0.0,0.0,16.0,0.0,1,High Recency • High Frequency
13290,2010-09-27 16:29:00,438.0,1.0,208.63,0.0,0.0,1.0,0.6666666666666666,5,High Returns
13291,2011-07-07 10:36:00,156.0,11.0,3320.84,0.0,0.0,155.0,0.0,1,High Recency • High Frequency
13292,2011-11-01 10:04:00,39.0,5.0,994.51,0.0,0.0,55.0,0.1666666666666666,1,High Recency • High Frequency
13293,2010-11-12 13:28:00,392.0,6.0,1192.94,0.1666666666666666,0.0,51.0,0.1428571428571428,1,High Recency • High Frequency
13294,2011-06-03 08:54:00,190.0,3.0,1689.53,0.0,0.0,93.0,0.0,1,High Recency • High Frequency
13295,2010-12-15 11:21:00,360.0,4.0,1101.97,0.5,0.0,56.0,0.5555555555555556,5,High Returns
13296,2011-07-25 13:46:00,137.0,6.0,792.51,0.0,0.0,50.0,0.0,1,High Recency • High Frequency
13297,2011-12-02 09:32:00,8.0,7.0,4368.62,0.0,0.0,108.0,0.125,1,High Recency • High Frequency
13298,2011-12-08 13:11:00,1.0,1.0,360.0,0.0,0.0,2.0,0.0,1,High Recency • High Frequency
13299,2011-03-16 12:55:00,268.0,3.0,1218.7,0.0,0.0,56.0,0.4,5,High Returns
13300,2011-06-23 13:09:00,169.0,3.0,1285.51,0.0,0.0,44.0,0.4,5,High Returns
13301,2011-08-28 11:25:00,104.0,4.0,618.09,0.75,0.0,75.0,0.0,4,Weekend Shoppers
13302,2011-07-07 17:56:00,155.0,2.0,159.2,0.0,0.0,3.0,0.0,1,High Recency • High Frequency
13303,2010-11-04 14:55:00,400.0,1.0,61.72,0.0,0.0,4.0,0.0,1,High Recency • High Frequency
13304,2010-12-23 14:35:00,351.0,4.0,1217.99,0.0,0.0,59.0,0.4285714285714285,5,High Returns
13305,2011-12-05 15:15:00,4.0,16.0,3754.71,0.0625,0.0,153.0,0.0,3,Diverse Basket • Frequent
13306,2010-10-05 14:55:00,430.0,1.0,53.65,0.0,0.0,4.0,0.0,1,High Recency • High Frequency
13307,2011-08-11 17:14:00,120.0,3.0,273.34000000000003,0.0,0.0,15.0,0.0,1,High Recency • High Frequency
13308,2011-11-17 09:31:00,23.0,4.0,1670.37,0.0,0.0,65.0,0.2,5,High Returns
13309,2011-12-02 16:34:00,7.0,6.0,1706.37,0.0,0.0,95.0,0.0,1,High Recency • High Frequency
13310,2011-11-11 17:23:00,28.0,5.0,1541.2,0.0,0.0,80.0,0.375,5,High Returns
13311,2011-12-05 12:55:00,4.0,2.0,598.57,0.0,0.0,25.0,0.0,1,High Recency • High Frequency
13312,2010-09-14 14:36:00,451.0,1.0,124.75,0.0,0.0,5.0,0.0,1,High Recency • High Frequency
13313,2011-11-17 16:48:00,22.0,12.0,3445.32,0.0833333333333333,0.0,105.0,0.2,3,Diverse Basket • Frequent
13314,2011-12-08 12:29:00,2.0,3.0,775.94,0.0,0.0,55.0,0.25,5,High Returns
13315,2010-01-19 15:34:00,689.0,1.0,310.26,0.0,0.0,22.0,0.0,1,High Recency • High Frequency
13316,2011-11-02 13:40:00,37.0,10.0,13191.57,0.1,0.0,115.0,0.1666666666666666,3,Diverse Basket • Frequent
13317,2011-10-04 13:35:00,66.0,19.0,6486.091,0.1578947368421052,0.0,222.0,0.3870967741935484,3,Diverse Basket • Frequent
13318,2011-12-08 18:51:00,1.0,3.0,640.76,0.3333333333333333,0.0,14.0,0.0,1,High Recency • High Frequency
13319,2011-12-04 13:34:00,5.0,58.0,22082.5,0.0517241379310344,0.0,345.0,0.2564102564102564,3,Diverse Basket • Frequent
13320,2011-09-22 18:07:00,78.0,6.0,2228.1,0.0,0.0,98.0,0.3333333333333333,5,High Returns
13321,2011-09-28 15:24:00,72.0,2.0,567.36,0.0,0.0,10.0,0.0,1,High Recency • High Frequency
13322,2011-11-22 14:21:00,17.0,1.0,199.48,0.0,0.0,25.0,0.0,1,High Recency • High Frequency
13323,2011-12-06 17:12:00,3.0,5.0,787.85,0.0,0.0,6.0,0.0,1,High Recency • High Frequency
13324,2011-11-03 16:28:00,36.0,18.0,10513.47,0.1111111111111111,0.0,36.0,0.217391304347826,5,High Returns
13325,2011-09-19 10:36:00,82.0,1.0,675.3,0.0,0.0,12.0,0.0,1,High Recency • High Frequency
13326,2010-10-03 16:00:00,432.0,1.0,281.76,1.0,0.0,13.0,0.0,4,Weekend Shoppers
13327,2011-11-01 10:21:00,39.0,20.0,9879.48,0.1,0.0,175.0,0.0909090909090909,3,Diverse Basket • Frequent
13328,2011-01-27 15:22:00,316.0,1.0,1308.48,0.0,0.0,17.0,0.0,1,High Recency • High Frequency
13329,2011-11-08 10:29:00,32.0,8.0,5112.97,0.0,0.0,68.0,0.4285714285714285,5,High Returns
13330,2011-09-08 12:27:00,93.0,6.0,2806.1800000000003,0.1666666666666666,0.0,80.0,0.0,1,High Recency • High Frequency
13331,2010-11-03 08:04:00,402.0,1.0,262.4,0.0,0.0,12.0,0.0,1,High Recency • High Frequency
13332,2011-11-25 13:30:00,14.0,1.0,350.9,0.0,0.0,21.0,0.0,1,High Recency • High Frequency
13333,2010-10-24 13:24:00,411.0,3.0,1015.74,0.3333333333333333,0.0,54.0,0.0,1,High Recency • High Frequency
13334,2011-09-18 15:21:00,82.0,5.0,6263.75,0.2,0.0,307.0,0.1666666666666666,3,Diverse Basket • Frequent
13336,2011-09-23 14:05:00,77.0,1.0,795.12,0.0,0.0,51.0,0.0,1,High Recency • High Frequency
13337,2010-06-11 13:27:00,546.0,1.0,1575.26,0.0,0.0,87.0,0.5,5,High Returns
13338,2011-07-05 09:06:00,158.0,4.0,2445.62,0.0,0.0,113.0,0.6,5,High Returns
13339,2011-05-23 08:31:00,201.0,1.0,860.12,0.0,0.0,54.0,0.0,1,High Recency • High Frequency
13340,2011-10-25 13:15:00,45.0,12.0,22100.56,0.1666666666666666,0.0,190.0,0.0,3,Diverse Basket • Frequent
13341,2011-03-24 09:50:00,261.0,1.0,775.85,0.0,0.0,42.0,0.0,1,High Recency • High Frequency
13343,2011-06-15 12:24:00,178.0,1.0,353.43,0.0,0.0,19.0,0.5,5,High Returns
13344,2011-10-03 09:45:00,68.0,3.0,2543.7200000000003,0.0,0.0,115.0,0.0,1,High Recency • High Frequency
13345,2011-02-25 09:01:00,288.0,1.0,389.5,0.0,0.0,20.0,0.5,5,High Returns
13346,2010-09-03 11:41:00,463.0,6.0,299.4,0.0,0.0,4.0,0.0,1,High Recency • High Frequency
13347,2011-09-30 13:28:00,70.0,1.0,341.36,0.0,0.0,8.0,0.0,1,High Recency • High Frequency
13348,2011-10-06 17:28:00,64.0,1.0,233.76,0.0,0.0,14.0,0.0,1,High Recency • High Frequency
13349,2011-11-29 08:07:00,11.0,1.0,247.32,0.0,0.0,16.0,0.0,1,High Recency • High Frequency
13350,2011-11-23 16:33:00,16.0,2.0,979.12,0.0,0.0,36.0,0.3333333333333333,5,High Returns
13351,2011-10-04 12:55:00,66.0,1.0,373.94,0.0,0.0,16.0,0.0,1,High Recency • High Frequency
13352,2011-10-10 13:55:00,60.0,1.0,397.98,0.0,0.0,24.0,0.5,5,High Returns
13354,2011-09-29 13:17:00,71.0,1.0,743.53,0.0,0.0,51.0,0.0,1,High Recency • High Frequency
13355,2011-08-09 14:48:00,122.0,1.0,674.7,0.0,0.0,32.0,0.0,1,High Recency • High Frequency
13356,2011-09-20 14:33:00,80.0,1.0,768.24,0.0,0.0,42.0,0.0,1,High Recency • High Frequency
13357,2011-03-27 13:56:00,257.0,5.0,3838.36,0.2,0.0,284.0,0.0,3,Diverse Basket • Frequent
13358,2011-03-16 11:52:00,269.0,1.0,439.03,0.0,0.0,29.0,0.0,1,High Recency • High Frequency
13359,2011-10-07 09:30:00,64.0,2.0,1043.31,0.0,0.0,52.0,0.5,5,High Returns
13360,2010-10-04 12:37:00,432.0,4.0,1553.65,0.0,0.0,58.0,0.4285714285714285,5,High Returns
13361,2010-08-24 14:56:00,472.0,2.0,1450.5,0.0,0.0,29.0,0.0,1,High Recency • High Frequency
13362,2011-11-30 14:41:00,9.0,7.0,5394.07,0.1428571428571428,0.0,186.0,0.3,3,Diverse Basket • Frequent
13363,2011-11-22 12:40:00,18.0,3.0,1723.86,0.0,0.0,78.0,0.0,1,High Recency • High Frequency
13364,2011-09-29 18:13:00,71.0,1.0,134.95999999999998,0.0,0.0,10.0,0.5,5,High Returns
13365,2011-11-06 12:36:00,34.0,2.0,2225.37,0.5,0.0,122.0,0.5,5,High Returns
13366,2011-10-20 13:37:00,50.0,1.0,56.16,0.0,0.0,1.0,0.0,1,High Recency • High Frequency
13367,2010-10-04 10:00:00,432.0,1.0,510.2000000000001,0.0,0.0,20.0,0.0,1,High Recency • High Frequency
13368,2011-03-28 09:59:00,257.0,4.0,1121.5,0.0,0.0,45.0,0.2,1,High Recency • High Frequency
13369,2010-12-09 11:30:00,366.0,1.0,616.5600000000001,0.0,0.0,14.0,0.5,5,High Returns
13370,2010-12-03 10:26:00,372.0,1.0,1509.74,0.0,0.0,39.0,0.5,5,High Returns
13371,2010-07-22 17:33:00,505.0,2.0,2297.66,0.0,0.0,75.0,0.5,5,High Returns
13372,2011-09-11 12:46:00,90.0,1.0,378.64,1.0,0.0,23.0,0.0,4,Weekend Shoppers
13373,2011-10-10 10:51:00,61.0,6.0,7587.19,0.3333333333333333,0.0,292.0,0.0,3,Diverse Basket • Frequent
13374,2010-10-21 10:04:00,415.0,2.0,422.8,0.0,0.0,17.0,0.0,1,High Recency • High Frequency
13375,2011-09-12 10:19:00,89.0,2.0,1792.23,0.0,0.0,62.0,0.3333333333333333,5,High Returns
13376,2011-09-01 16:16:00,99.0,3.0,1019.76,0.0,0.0,45.0,0.0,1,High Recency • High Frequency
13377,2010-11-08 12:20:00,397.0,2.0,1552.88,0.0,0.0,71.0,0.5,5,High Returns
13379,2011-11-13 13:45:00,26.0,3.0,572.56,0.6666666666666666,0.0,85.0,0.0,4,Weekend Shoppers
13380,2010-10-03 10:18:00,433.0,1.0,62.4,1.0,0.0,3.0,0.0,4,Weekend Shoppers
13381,2011-11-08 11:58:00,32.0,12.0,8224.369999999999,0.0833333333333333,0.0,154.0,0.2,3,Diverse Basket • Frequent
13382,2011-03-04 10:03:00,281.0,5.0,1387.58,0.0,0.0,74.0,0.0,1,High Recency • High Frequency
13383,2010-06-14 11:45:00,544.0,1.0,305.28000000000003,0.0,0.0,1.0,0.0,1,High Recency • High Frequency
13384,2011-11-09 11:04:00,31.0,11.0,6680.83,0.0909090909090909,0.0,192.0,0.2666666666666666,3,Diverse Basket • Frequent
13385,2011-01-14 09:52:00,330.0,1.0,534.57,0.0,0.0,35.0,0.0,1,High Recency • High Frequency
13386,2010-10-21 12:52:00,414.0,2.0,835.46,0.0,0.0,24.0,0.0,1,High Recency • High Frequency
13387,2010-10-18 14:07:00,417.0,1.0,189.44,0.0,0.0,71.0,0.0,1,High Recency • High Frequency
13388,2011-07-31 12:52:00,131.0,3.0,1185.65,0.6666666666666666,0.0,68.0,0.25,4,Weekend Shoppers
13389,2011-11-28 14:01:00,11.0,3.0,797.96,0.0,0.0,50.0,0.0,1,High Recency • High Frequency
13390,2011-09-26 08:38:00,75.0,1.0,544.08,0.0,0.0,13.0,0.0,1,High Recency • High Frequency
13391,2011-05-20 10:50:00,204.0,1.0,59.8,0.0,0.0,1.0,0.0,1,High Recency • High Frequency
13392,2010-01-31 13:34:00,677.0,1.0,91.14,1.0,0.0,8.0,0.0,4,Weekend Shoppers
13393,2010-05-05 09:34:00,584.0,4.0,1131.45,0.0,0.0,53.0,0.3333333333333333,5,High Returns
13394,2011-12-08 11:36:00,2.0,19.0,6621.7,0.2105263157894736,0.0,254.0,0.2083333333333333,3,Diverse Basket • Frequent
13395,2011-06-07 15:04:00,185.0,3.0,1180.23,0.0,0.0,77.0,0.0,1,High Recency • High Frequency
13396,2011-11-10 16:59:00,29.0,2.0,1360.99,0.0,0.0,42.0,0.5,5,High Returns
13397,2011-09-28 10:56:00,73.0,10.0,3191.87,0.1,0.0,68.0,0.2307692307692307,5,High Returns
13398,2011-05-31 13:17:00,192.0,2.0,670.3399999999999,0.0,0.0,37.0,0.0,1,High Recency • High Frequency
13399,2010-09-01 13:59:00,464.0,3.0,275.4,0.0,0.0,10.0,0.0,1,High Recency • High Frequency
13400,2010-05-06 09:00:00,583.0,1.0,310.83,0.0,0.0,23.0,0.5,5,High Returns
13402,2011-08-04 15:51:00,127.0,4.0,1535.13,0.0,0.0,55.0,0.0,1,High Recency • High Frequency
13403,2011-11-22 08:28:00,18.0,3.0,229.5,0.0,0.0,9.0,0.0,1,High Recency • High Frequency
13404,2011-12-08 15:37:00,1.0,2.0,252.49,0.0,0.0,11.0,0.0,1,High Recency • High Frequency
13405,2011-09-26 17:01:00,74.0,6.0,1213.811,0.1666666666666666,0.0,33.0,0.3333333333333333,5,High Returns
13406,2010-10-08 14:44:00,427.0,2.0,568.92,0.0,0.0,7.0,0.3333333333333333,5,High Returns
13407,2010-05-10 12:41:00,579.0,3.0,2244.7,0.0,0.0,85.0,0.5,5,High Returns
13408,2011-12-08 09:05:00,2.0,106.0,51733.462,0.1415094339622641,0.0,321.0,0.2148148148148148,3,Diverse Basket • Frequent
13410,2011-11-15 15:33:00,24.0,9.0,2201.96,0.2222222222222222,0.0,25.0,0.25,5,High Returns
13411,2011-08-24 13:57:00,107.0,1.0,213.55,0.0,0.0,17.0,0.0,1,High Recency • High Frequency
13412,2010-03-29 16:28:00,620.0,1.0,487.35,0.0,0.0,33.0,0.0,1,High Recency • High Frequency
13413,2010-03-10 12:17:00,640.0,6.0,429.44000000000005,0.1666666666666666,0.0,38.0,0.25,5,High Returns
13414,2011-07-29 11:45:00,134.0,6.0,2494.14,0.1666666666666666,0.0,48.0,0.1428571428571428,1,High Recency • High Frequency
13415,2010-08-24 11:38:00,473.0,4.0,800.6700000000001,0.0,0.0,85.0,0.2,1,High Recency • High Frequency
13416,2011-10-27 08:56:00,44.0,3.0,940.8,0.0,0.0,16.0,0.0,1,High Recency • High Frequency
13417,2011-12-05 08:49:00,5.0,6.0,1669.49,0.0,0.0,57.0,0.1428571428571428,1,High Recency • High Frequency
13418,2011-11-28 10:23:00,12.0,31.0,12233.6,0.032258064516129,0.0,328.0,0.1621621621621621,3,Diverse Basket • Frequent
13419,2011-10-07 12:49:00,64.0,1.0,221.06,0.0,0.0,16.0,0.0,1,High Recency • High Frequency
13420,2011-07-13 08:48:00,150.0,2.0,159.85,0.0,0.0,8.0,0.5,5,High Returns
13421,2011-10-30 14:21:00,40.0,8.0,4103.12,0.5,0.0,174.0,0.2727272727272727,3,Diverse Basket • Frequent
13422,2011-10-06 13:42:00,64.0,1.0,2626.3,0.0,0.0,127.0,0.5,5,High Returns
13423,2010-10-07 09:02:00,429.0,1.0,217.03,0.0,0.0,12.0,0.0,1,High Recency • High Frequency
13424,2010-09-16 10:49:00,450.0,1.0,572.77,0.0,0.0,40.0,0.5,5,High Returns
13425,2011-08-23 17:13:00,108.0,5.0,3403.63,0.2,0.0,124.0,0.375,5,High Returns
13426,2011-12-09 08:59:00,1.0,22.0,8167.38,0.0909090909090909,0.0,162.0,0.0833333333333333,3,Diverse Basket • Frequent
13427,2011-11-20 13:02:00,19.0,6.0,1006.53,0.3333333333333333,0.0,35.0,0.0,1,High Recency • High Frequency
13428,2011-11-29 14:20:00,10.0,3.0,499.98,0.0,0.0,122.0,0.0,1,High Recency • High Frequency
13429,2011-11-29 09:10:00,11.0,4.0,1006.8,0.25,0.0,55.0,0.0,1,High Recency • High Frequency
13430,2011-11-21 08:19:00,19.0,2.0,679.45,0.0,0.0,48.0,0.5,5,High Returns
13431,2011-10-03 13:49:00,67.0,8.0,3316.24,0.0,0.0,113.0,0.1111111111111111,1,High Recency • High Frequency
13432,2010-05-17 13:18:00,571.0,2.0,439.1,0.0,0.0,98.0,0.0,1,High Recency • High Frequency
13433,2010-07-26 16:55:00,501.0,4.0,658.3199999999999,0.0,0.0,22.0,0.2,1,High Recency • High Frequency
13434,2011-09-26 14:30:00,74.0,5.0,1666.86,0.4,0.0,17.0,0.0,1,High Recency • High Frequency
13435,2011-12-04 14:45:00,5.0,9.0,4475.2300000000005,0.4444444444444444,0.0,96.0,0.1818181818181818,3,Diverse Basket • Frequent
13436,2011-12-08 10:33:00,2.0,1.0,196.89,0.0,0.0,12.0,0.0,1,High Recency • High Frequency
13437,2011-11-25 14:00:00,14.0,7.0,3408.06,0.0,0.0,143.0,0.0,1,High Recency • High Frequency
13438,2010-06-10 18:46:00,547.0,1.0,46.5,0.0,0.0,1.0,0.0,1,High Recency • High Frequency
13439,2011-03-29 14:20:00,255.0,3.0,986.61,0.0,0.0,132.0,0.0,1,High Recency • High Frequency
13440,2010-10-12 13:11:00,423.0,7.0,1295.25,0.0,0.1428571428571428,49.0,0.3,5,High Returns
13441,2011-09-09 09:38:00,92.0,2.0,720.9,0.0,0.0,33.0,0.0,1,High Recency • High Frequency
13442,2010-02-10 14:03:00,667.0,3.0,419.87,0.0,0.0,33.0,0.0,1,High Recency • High Frequency
13443,2010-09-17 12:31:00,449.0,6.0,1280.16,0.1666666666666666,0.0,176.0,0.1428571428571428,1,High Recency • High Frequency
13444,2010-11-30 13:02:00,374.0,2.0,631.68,0.0,0.0,51.0,0.0,1,High Recency • High Frequency
13445,2010-03-23 15:34:00,626.0,1.0,241.9,0.0,0.0,7.0,0.0,1,High Recency • High Frequency
13446,2010-10-05 18:51:00,430.0,11.0,3881.89,0.0909090909090909,0.0,113.0,0.3888888888888889,5,High Returns
13447,2011-11-16 13:38:00,23.0,3.0,1129.14,0.3333333333333333,0.0,55.0,0.25,5,High Returns
13448,2011-11-23 12:33:00,17.0,13.0,9240.87,0.0769230769230769,0.0,321.0,0.3157894736842105,3,Diverse Basket • Frequent
13449,2011-11-16 08:28:00,24.0,1.0,291.88,0.0,0.0,19.0,0.0,1,High Recency • High Frequency
13450,2011-11-13 11:54:00,27.0,13.0,4120.04,0.2307692307692307,0.0,57.0,0.0714285714285714,1,High Recency • High Frequency
13451,2011-11-13 15:58:00,26.0,11.0,7190.92,0.5454545454545454,0.0,561.0,0.1538461538461538,3,Diverse Basket • Frequent
13452,2011-03-25 14:19:00,259.0,3.0,729.8,0.0,0.0,2.0,0.0,1,High Recency • High Frequency
13453,2011-06-27 09:34:00,166.0,3.0,781.6899999999999,0.0,0.0,33.0,0.4,5,High Returns
13454,2010-03-08 14:40:00,641.0,1.0,219.87,0.0,0.0,23.0,0.0,1,High Recency • High Frequency
13455,2011-11-15 11:21:00,25.0,6.0,2905.9300000000003,0.3333333333333333,0.0,79.0,0.4545454545454545,5,High Returns
13456,2011-11-22 09:18:00,18.0,6.0,1766.72,0.0,0.0,43.0,0.1428571428571428,1,High Recency • High Frequency
13457,2010-01-20 08:48:00,689.0,2.0,148.22,0.0,0.0,9.0,0.5,5,High Returns
13458,2011-12-02 15:29:00,7.0,16.0,11959.27,0.0,0.0,290.0,0.3333333333333333,3,Diverse Basket • Frequent
13459,2010-03-25 10:24:00,625.0,2.0,1160.41,0.0,0.0,57.0,0.0,1,High Recency • High Frequency
13460,2011-11-10 17:17:00,29.0,2.0,183.44,0.0,0.0,16.0,0.0,1,High Recency • High Frequency
13461,2011-11-01 09:01:00,39.0,6.0,4160.0,0.1666666666666666,0.0,30.0,0.25,5,High Returns
13462,2011-04-01 11:20:00,253.0,5.0,1153.85,0.0,0.0,64.0,0.1666666666666666,1,High Recency • High Frequency
13464,2011-10-12 15:01:00,58.0,6.0,3097.64,0.0,0.0,128.0,0.1428571428571428,1,High Recency • High Frequency
13465,2010-09-19 15:13:00,446.0,2.0,931.12,1.0,0.0,34.0,0.0,4,Weekend Shoppers
13466,2011-06-08 16:39:00,184.0,5.0,1013.35,0.2,0.0,49.0,0.2857142857142857,5,High Returns
13467,2011-11-29 10:01:00,11.0,2.0,1083.71,0.0,0.0,89.0,0.0,1,High Recency • High Frequency
13468,2011-12-08 10:39:00,2.0,72.0,13390.51,0.0416666666666666,0.0,290.0,0.1724137931034483,3,Diverse Basket • Frequent
13469,2010-02-24 15:03:00,653.0,1.0,82.4,0.0,0.0,6.0,0.0,1,High Recency • High Frequency
13470,2011-09-01 14:57:00,99.0,2.0,165.0,0.0,0.0,7.0,0.0,1,High Recency • High Frequency
13471,2011-12-08 15:44:00,1.0,4.0,2531.58,0.5,0.0,214.0,0.0,3,Diverse Basket • Frequent
13472,2010-09-02 09:41:00,464.0,2.0,592.24,0.0,0.0,24.0,0.0,1,High Recency • High Frequency
13473,2011-10-10 11:20:00,61.0,8.0,2657.76,0.0,0.0,65.0,0.2,5,High Returns
13474,2011-04-17 13:53:00,236.0,3.0,663.79,0.6666666666666666,0.0,116.0,0.0,4,Weekend Shoppers
13475,2011-06-01 13:52:00,191.0,4.0,1431.78,0.0,0.0,64.0,0.0,1,High Recency • High Frequency
13476,2011-06-14 12:00:00,179.0,5.0,2061.4700000000003,0.0,0.0,86.0,0.2857142857142857,5,High Returns
13477,2011-11-02 12:04:00,38.0,11.0,2834.17,0.0909090909090909,0.0,112.0,0.1538461538461538,3,Diverse Basket • Frequent
13478,2010-08-27 13:23:00,469.0,5.0,2215.78,0.2,0.0,114.0,0.2857142857142857,5,High Returns
13479,2011-05-23 10:45:00,201.0,4.0,851.37,0.0,0.0,45.0,0.4285714285714285,5,High Returns
13480,2010-10-19 11:53:00,417.0,2.0,627.8199999999999,0.0,0.0,40.0,0.0,1,High Recency • High Frequency
13481,2011-10-25 09:07:00,46.0,11.0,3830.84,0.0,0.0,162.0,0.2142857142857142,3,Diverse Basket • Frequent
13482,2011-04-21 17:03:00,232.0,2.0,336.09,0.0,0.0,20.0,0.0,1,High Recency • High Frequency
13483,2011-10-05 11:53:00,66.0,1.0,140.34,0.0,0.0,10.0,0.0,1,High Recency • High Frequency
13484,2011-04-12 16:30:00,241.0,3.0,790.72,0.3333333333333333,0.0,38.0,0.25,5,High Returns
13485,2011-04-20 13:58:00,233.0,11.0,3019.2200000000003,0.1818181818181818,0.0,131.0,0.2666666666666666,5,High Returns
13486,2011-09-22 13:13:00,78.0,3.0,1122.41,0.0,0.0,69.0,0.0,1,High Recency • High Frequency
13487,2011-10-13 12:07:00,58.0,5.0,846.87,0.2,0.0,31.0,0.0,1,High Recency • High Frequency
13488,2011-11-22 14:41:00,17.0,23.0,15587.88,0.1304347826086956,0.0,370.0,0.2068965517241379,3,Diverse Basket • Frequent
13489,2011-08-26 13:16:00,105.0,4.0,449.52,0.0,0.0,11.0,0.0,1,High Recency • High Frequency
13490,2010-02-23 14:48:00,654.0,1.0,154.25,0.0,0.0,8.0,0.0,1,High Recency • High Frequency
13491,2011-10-19 08:32:00,52.0,27.0,4566.56,0.074074074074074,0.0,144.0,0.0,3,Diverse Basket • Frequent
13492,2011-07-26 14:25:00,136.0,3.0,1269.84,0.0,0.0,38.0,0.0,1,High Recency • High Frequency
13493,2011-03-09 15:35:00,275.0,2.0,618.63,0.0,0.0,6.0,0.0,1,High Recency • High Frequency
13494,2011-02-01 11:58:00,312.0,1.0,316.26000000000005,0.0,0.0,18.0,0.0,1,High Recency • High Frequency
13495,2011-12-02 11:21:00,8.0,10.0,5374.26,0.0,0.0,59.0,0.2307692307692307,5,High Returns
13496,2011-11-29 10:58:00,11.0,2.0,653.3299999999999,0.0,0.0,28.0,0.3333333333333333,5,High Returns
13497,2011-03-02 09:04:00,283.0,6.0,1320.33,0.0,0.0,52.0,0.1428571428571428,1,High Recency • High Frequency
13498,2009-12-09 15:26:00,730.0,1.0,327.38,0.0,0.0,17.0,0.0,1,High Recency • High Frequency
13499,2011-11-22 11:21:00,18.0,5.0,1159.11,0.0,0.0,31.0,0.2857142857142857,5,High Returns
13500,2011-11-16 15:35:00,23.0,4.0,1466.3,0.0,0.0,77.0,0.2,5,High Returns
13501,2011-02-24 18:59:00,288.0,3.0,2885.11,0.0,0.0,90.0,0.4,5,High Returns
13502,2011-11-23 10:39:00,17.0,5.0,780.5,0.0,0.0,28.0,0.1666666666666666,1,High Recency • High Frequency
13503,2011-09-29 13:23:00,71.0,6.0,1905.39,0.0,0.0,158.0,0.5,5,High Returns
13504,2011-10-06 13:20:00,64.0,1.0,295.93,0.0,0.0,22.0,0.0,1,High Recency • High Frequency
13505,2011-09-28 11:56:00,73.0,4.0,4393.63,0.25,0.0,182.0,0.5,5,High Returns
13506,2011-01-27 13:53:00,316.0,5.0,1639.2,0.4,0.0,55.0,0.375,5,High Returns
13507,2011-12-06 13:13:00,3.0,4.0,2479.16,0.25,0.0,146.0,0.0,1,High Recency • High Frequency
13508,2011-04-10 11:58:00,244.0,2.0,287.04999999999995,1.0,0.0,27.0,0.0,4,Weekend Shoppers
13509,2011-12-01 10:10:00,9.0,8.0,1114.72,0.0,0.0,27.0,0.0,1,High Recency • High Frequency
13510,2011-12-08 13:46:00,1.0,11.0,4558.29,0.0909090909090909,0.0,176.0,0.3529411764705882,3,Diverse Basket • Frequent
13511,2010-02-01 12:10:00,677.0,1.0,282.76,0.0,0.0,5.0,0.5,5,High Returns
13512,2011-03-24 10:03:00,261.0,4.0,713.39,0.0,0.0,31.0,0.0,1,High Recency • High Frequency
13513,2011-08-05 11:50:00,127.0,3.0,824.59,0.0,0.0,32.0,0.25,5,High Returns
13514,2011-09-27 09:39:00,74.0,4.0,815.9000000000001,0.25,0.0,15.0,0.0,1,High Recency • High Frequency
13515,2011-09-28 11:26:00,73.0,6.0,1265.8200000000002,0.1666666666666666,0.0,64.0,0.0,1,High Recency • High Frequency
13516,2011-11-18 13:15:00,21.0,4.0,1685.26,0.0,0.0,55.0,0.0,1,High Recency • High Frequency
13517,2011-10-11 11:43:00,60.0,3.0,2128.42,0.0,0.0,125.0,0.4,5,High Returns
13518,2011-09-15 10:29:00,86.0,1.0,659.4399999999999,0.0,0.0,36.0,0.0,1,High Recency • High Frequency
13519,2011-09-22 18:24:00,78.0,2.0,343.21000000000004,0.0,0.0,19.0,0.3333333333333333,5,High Returns
13520,2011-10-12 10:20:00,59.0,11.0,6909.4,0.0909090909090909,0.0,81.0,0.2666666666666666,5,High Returns
13521,2011-12-08 13:50:00,1.0,3.0,1093.65,0.3333333333333333,0.0,313.0,0.0,3,Diverse Basket • Frequent
13522,2011-11-09 15:11:00,30.0,1.0,125.8,0.0,0.0,5.0,0.0,1,High Recency • High Frequency
13523,2011-11-06 15:11:00,33.0,6.0,5101.52,0.1666666666666666,0.0,177.0,0.1428571428571428,3,Diverse Basket • Frequent
13524,2011-10-30 12:34:00,41.0,5.0,680.1800000000001,0.4,0.0,17.0,0.0,1,High Recency • High Frequency
13525,2011-11-25 12:01:00,15.0,2.0,628.78,0.0,0.0,5.0,0.0,1,High Recency • High Frequency
13526,2009-12-01 13:13:00,738.0,2.0,1182.0,0.0,0.0,29.0,0.5,5,High Returns
13527,2011-11-06 12:04:00,34.0,12.0,4683.74,0.6666666666666666,0.0,266.0,0.1428571428571428,3,Diverse Basket • Frequent
13529,2011-09-22 09:15:00,79.0,2.0,307.76,0.0,0.0,15.0,0.0,1,High Recency • High Frequency
13530,2010-03-15 14:10:00,634.0,1.0,402.98,0.0,0.0,18.0,0.0,1,High Recency • High Frequency
13531,2011-05-18 16:56:00,205.0,6.0,1738.52,0.0,0.0,44.0,0.0,1,High Recency • High Frequency
13532,2011-11-06 12:25:00,34.0,1.0,210.31,1.0,0.0,66.0,0.0,4,Weekend Shoppers
13533,2011-06-10 11:54:00,183.0,3.0,270.79,0.0,0.0,61.0,0.0,1,High Recency • High Frequency
13534,2011-12-07 14:52:00,2.0,35.0,7720.9,0.0,0.0,163.0,0.4166666666666667,3,Diverse Basket • Frequent
13535,2010-11-02 11:49:00,403.0,1.0,89.5,0.0,0.0,1.0,0.0,1,High Recency • High Frequency
13536,2011-12-08 16:38:00,1.0,7.0,3448.29,0.5714285714285714,0.0,91.0,0.0,4,Weekend Shoppers
13537,2010-10-10 12:45:00,426.0,2.0,717.85,0.5,0.0,38.0,0.0,4,Weekend Shoppers
13538,2011-10-27 16:34:00,43.0,12.0,3112.73,0.0833333333333333,0.0,105.0,0.0,1,High Recency • High Frequency
13539,2011-09-15 10:18:00,86.0,7.0,1569.36,0.0,0.0,69.0,0.2222222222222222,5,High Returns
13540,2010-08-29 14:20:00,467.0,3.0,632.39,0.3333333333333333,0.0,26.0,0.0,1,High Recency • High Frequency
13541,2010-10-08 16:37:00,427.0,2.0,785.25,0.0,0.0,10.0,0.3333333333333333,5,High Returns
13542,2010-11-28 11:24:00,377.0,17.0,4006.17,0.6470588235294118,0.0,98.0,0.0555555555555555,4,Weekend Shoppers
13543,2010-03-15 13:34:00,634.0,2.0,1439.61,0.0,0.0,37.0,0.0,1,High Recency • High Frequency
13544,2011-10-31 11:57:00,40.0,6.0,829.0,0.1666666666666666,0.0,219.0,0.1428571428571428,3,Diverse Basket • Frequent
13545,2010-11-14 11:27:00,391.0,2.0,374.64,1.0,0.0,54.0,0.3333333333333333,4,Weekend Shoppers
13546,2011-11-27 14:50:00,12.0,5.0,1092.14,0.2,0.0,95.0,0.0,1,High Recency • High Frequency
13547,2010-10-27 14:14:00,408.0,1.0,175.53,0.0,0.0,44.0,0.0,1,High Recency • High Frequency
13548,2011-09-04 14:50:00,96.0,3.0,908.99,0.6666666666666666,0.0,169.0,0.0,4,Weekend Shoppers
13549,2011-11-14 09:20:00,26.0,8.0,1005.8,0.125,0.0,44.0,0.1111111111111111,1,High Recency • High Frequency
13550,2010-11-21 15:24:00,383.0,1.0,349.51,1.0,0.0,40.0,0.0,4,Weekend Shoppers
13551,2011-01-24 14:46:00,319.0,2.0,244.2,0.0,0.0,5.0,0.0,1,High Recency • High Frequency
13552,2011-10-04 15:19:00,66.0,22.0,6978.92,0.0,0.0,162.0,0.3125,3,Diverse Basket • Frequent
13553,2010-02-03 12:21:00,675.0,1.0,517.8,0.0,0.0,85.0,0.0,1,High Recency • High Frequency
13554,2010-11-24 15:05:00,380.0,7.0,1638.28,0.1428571428571428,0.0,156.0,0.3,5,High Returns
13555,2011-09-27 12:36:00,74.0,13.0,8999.19,0.3076923076923077,0.0,264.0,0.1875,3,Diverse Basket • Frequent
13556,2010-10-06 16:44:00,429.0,2.0,200.82,0.0,0.0,8.0,0.0,1,High Recency • High Frequency
13557,2011-11-11 15:24:00,28.0,13.0,3032.26,0.0769230769230769,0.0,126.0,0.1875,3,Diverse Basket • Frequent
13558,2011-12-04 11:24:00,6.0,4.0,605.06,0.75,0.0,123.0,0.0,4,Weekend Shoppers
13559,2010-07-15 09:52:00,513.0,2.0,990.0,0.0,0.0,1.0,0.0,1,High Recency • High Frequency
13560,2011-12-02 13:11:00,7.0,1.0,174.37,0.0,0.0,32.0,0.0,1,High Recency • High Frequency
13561,2011-05-08 12:39:00,216.0,11.0,1820.72,0.8181818181818182,0.0,131.0,0.0,4,Weekend Shoppers
13562,2011-09-19 10:51:00,82.0,8.0,4838.18,0.0,0.0,88.0,0.0,1,High Recency • High Frequency
13563,2011-09-16 14:45:00,84.0,2.0,777.53,0.0,0.0,49.0,0.0,1,High Recency • High Frequency
13564,2011-07-18 14:33:00,144.0,37.0,17249.55,0.2162162162162162,0.0,484.0,0.3148148148148148,3,Diverse Basket • Frequent
13565,2011-11-20 14:33:00,19.0,3.0,414.8,1.0,0.0,45.0,0.0,4,Weekend Shoppers
13566,2011-10-30 11:59:00,41.0,5.0,1708.12,0.6,0.0,263.0,0.0,4,Weekend Shoppers
13567,2010-10-07 12:51:00,428.0,4.0,1083.69,0.0,0.0,180.0,0.2,1,High Recency • High Frequency
13568,2011-06-19 14:42:00,173.0,1.0,192.85,1.0,0.0,41.0,0.0,4,Weekend Shoppers
13569,2011-11-22 13:07:00,17.0,4.0,893.78,0.0,0.0,140.0,0.0,1,High Recency • High Frequency
13570,2011-04-10 13:36:00,243.0,1.0,239.49,1.0,0.0,27.0,0.0,4,Weekend Shoppers
13571,2011-11-27 10:47:00,13.0,26.0,4546.54,0.2307692307692307,0.0,263.0,0.0,3,Diverse Basket • Frequent
13572,2011-05-18 11:59:00,206.0,1.0,1384.25,0.0,0.0,32.0,0.0,1,High Recency • High Frequency
13573,2011-10-20 14:33:00,50.0,6.0,916.47,0.0,0.0,73.0,0.0,1,High Recency • High Frequency
13574,2010-10-24 13:28:00,411.0,1.0,421.25,1.0,0.0,84.0,0.0,4,Weekend Shoppers
13575,2011-11-16 13:14:00,23.0,5.0,732.0699999999999,0.0,0.0,41.0,0.0,1,High Recency • High Frequency
13576,2011-11-29 15:34:00,10.0,28.0,11551.74,0.1071428571428571,0.0,145.0,0.125,3,Diverse Basket • Frequent
13577,2011-11-14 15:19:00,25.0,11.0,3489.28,0.0,0.0,102.0,0.2142857142857142,5,High Returns
13578,2010-10-26 13:44:00,409.0,1.0,147.66,0.0,0.0,9.0,0.0,1,High Recency • High Frequency
13579,2011-11-25 08:41:00,15.0,5.0,1539.04,0.2,0.0,72.0,0.1666666666666666,1,High Recency • High Frequency
13580,2010-10-29 15:01:00,406.0,1.0,107.75,0.0,0.0,5.0,0.0,1,High Recency • High Frequency
13581,2011-02-03 14:41:00,309.0,2.0,280.53,0.0,0.0,32.0,0.0,1,High Recency • High Frequency
13582,2010-11-15 11:34:00,390.0,2.0,241.68,0.0,0.0,10.0,0.0,1,High Recency • High Frequency
13583,2011-07-07 10:40:00,156.0,2.0,1445.031,0.0,0.0,93.0,0.0,1,High Recency • High Frequency
13584,2011-02-06 12:49:00,307.0,3.0,392.4500000000001,0.3333333333333333,0.0,74.0,0.4,5,High Returns
13585,2010-06-27 12:33:00,531.0,3.0,684.54,0.3333333333333333,0.0,29.0,0.25,5,High Returns
13586,2010-06-16 13:47:00,541.0,1.0,131.53,0.0,0.0,20.0,0.0,1,High Recency • High Frequency
13587,2011-10-07 12:31:00,64.0,4.0,1673.5,0.25,0.0,27.0,0.3333333333333333,5,High Returns
13588,2011-11-24 10:42:00,16.0,9.0,2478.95,0.0,0.0,131.0,0.3076923076923077,5,High Returns
13589,2011-11-25 12:10:00,15.0,6.0,1120.74,0.3333333333333333,0.0,48.0,0.0,1,High Recency • High Frequency
13590,2011-11-28 12:54:00,11.0,18.0,6349.59,0.1111111111111111,0.0,255.0,0.1428571428571428,3,Diverse Basket • Frequent
13591,2011-10-06 12:26:00,65.0,7.0,2093.94,0.0,0.0,89.0,0.125,1,High Recency • High Frequency
13592,2011-11-04 09:49:00,36.0,4.0,247.96,0.25,0.0,15.0,0.0,1,High Recency • High Frequency
13593,2011-08-23 13:35:00,108.0,14.0,5523.6900000000005,0.2142857142857142,0.0,212.0,0.125,3,Diverse Basket • Frequent
13594,2011-10-18 10:19:00,53.0,2.0,533.32,0.0,0.0,31.0,0.3333333333333333,5,High Returns
13595,2010-07-11 12:36:00,517.0,3.0,818.22,0.6666666666666666,0.0,114.0,0.0,4,Weekend Shoppers
13596,2011-12-04 12:01:00,6.0,2.0,697.04,1.0,0.0,133.0,0.0,4,Weekend Shoppers
13597,2010-11-04 14:54:00,400.0,2.0,396.71,0.0,0.0,17.0,0.3333333333333333,5,High Returns
13598,2011-10-23 14:28:00,47.0,5.0,789.5899999999999,0.6,0.0,78.0,0.1666666666666666,4,Weekend Shoppers
13599,2011-12-08 16:10:00,1.0,33.0,10167.63,0.0,0.0,235.0,0.3653846153846153,3,Diverse Basket • Frequent
13600,2011-01-31 15:27:00,312.0,2.0,518.42,0.0,0.0,35.0,0.0,1,High Recency • High Frequency
13601,2011-10-25 17:31:00,45.0,4.0,1185.14,0.0,0.0,160.0,0.0,1,High Recency • High Frequency
13602,2011-10-06 11:47:00,65.0,4.0,1025.17,0.0,0.0,49.0,0.0,1,High Recency • High Frequency
13603,2011-11-13 15:57:00,26.0,1.0,164.34,1.0,0.0,27.0,0.0,4,Weekend Shoppers
13604,2010-02-19 12:02:00,659.0,1.0,717.62,0.0,0.0,21.0,0.5,5,High Returns
13605,2010-11-17 17:16:00,387.0,2.0,522.6700000000001,0.0,0.0,50.0,0.0,1,High Recency • High Frequency
13606,2011-11-10 17:46:00,29.0,3.0,280.54,0.3333333333333333,0.0,40.0,0.0,1,High Recency • High Frequency
13607,2011-10-30 16:17:00,40.0,2.0,1078.31,0.5,0.0,110.0,0.3333333333333333,5,High Returns
13608,2010-06-17 12:28:00,541.0,1.0,236.2,0.0,0.0,31.0,0.0,1,High Recency • High Frequency
13609,2010-04-25 13:26:00,593.0,1.0,167.35,1.0,0.0,7.0,0.0,4,Weekend Shoppers
13610,2011-11-27 15:38:00,12.0,14.0,2175.88,0.5,0.0,309.0,0.1764705882352941,3,Diverse Basket • Frequent
13611,2011-09-11 14:51:00,89.0,10.0,3319.53,0.1,0.0,170.0,0.2857142857142857,3,Diverse Basket • Frequent
13612,2010-03-17 12:14:00,633.0,1.0,818.29,0.0,0.0,50.0,0.5,5,High Returns
13613,2010-09-13 12:01:00,453.0,5.0,1039.85,0.0,0.0,50.0,0.0,1,High Recency • High Frequency
13614,2011-11-15 14:47:00,24.0,6.0,2359.19,0.3333333333333333,0.0,227.0,0.0,3,Diverse Basket • Frequent
13615,2011-01-25 08:21:00,319.0,8.0,6272.53,0.125,0.0,259.0,0.3333333333333333,3,Diverse Basket • Frequent
13616,2010-05-20 12:59:00,568.0,2.0,288.1,0.5,0.0,31.0,0.0,4,Weekend Shoppers
13617,2011-10-30 13:50:00,40.0,8.0,1278.75,0.625,0.0,48.0,0.1111111111111111,4,Weekend Shoppers
13618,2011-06-19 11:09:00,174.0,1.0,177.34,1.0,0.0,13.0,0.0,4,Weekend Shoppers
13619,2010-06-13 11:39:00,545.0,2.0,231.69,0.5,0.0,39.0,0.0,4,Weekend Shoppers
13620,2010-06-29 15:02:00,528.0,1.0,112.34,0.0,0.0,5.0,0.0,1,High Recency • High Frequency
13621,2011-08-15 08:26:00,117.0,1.0,213.85,0.0,0.0,19.0,0.0,1,High Recency • High Frequency
13622,2010-01-12 13:22:00,696.0,1.0,658.95,0.0,0.0,32.0,0.5,5,High Returns
13623,2011-11-09 12:00:00,31.0,10.0,2566.49,0.1,0.0,211.0,0.3333333333333333,3,Diverse Basket • Frequent
13624,2010-11-16 13:43:00,388.0,1.0,462.08,0.0,0.0,22.0,0.5,5,High Returns
13625,2010-04-22 10:50:00,597.0,1.0,301.26,0.0,0.0,21.0,0.0,1,High Recency • High Frequency
13626,2011-04-01 10:05:00,253.0,2.0,707.04,0.0,0.0,44.0,0.3333333333333333,5,High Returns
13627,2011-10-11 14:20:00,59.0,7.0,2245.9,0.1428571428571428,0.0,118.0,0.3,5,High Returns
13628,2010-02-01 14:44:00,676.0,1.0,310.14,0.0,0.0,16.0,0.0,1,High Recency • High Frequency
13629,2011-11-16 13:21:00,23.0,19.0,13370.86,0.1052631578947368,0.0,28.0,0.0,1,High Recency • High Frequency
13630,2011-12-04 15:16:00,5.0,7.0,2031.78,0.4285714285714285,0.0,51.0,0.3636363636363636,5,High Returns
13631,2011-09-01 09:57:00,100.0,11.0,3070.42,0.0909090909090909,0.0,6.0,0.0833333333333333,1,High Recency • High Frequency
13632,2011-11-15 10:51:00,25.0,8.0,3648.15,0.25,0.0,166.0,0.2,3,Diverse Basket • Frequent
13634,2011-11-06 13:40:00,33.0,16.0,5073.47,0.6875,0.0,269.0,0.0588235294117647,3,Diverse Basket • Frequent
13635,2011-10-03 10:55:00,68.0,4.0,2999.16,0.0,0.0,135.0,0.3333333333333333,5,High Returns
13636,2011-11-03 10:30:00,37.0,5.0,949.12,0.2,0.0,57.0,0.1666666666666666,1,High Recency • High Frequency
13637,2011-10-18 13:32:00,52.0,3.0,810.5,0.3333333333333333,0.0,79.0,0.0,1,High Recency • High Frequency
13638,2011-11-24 10:38:00,16.0,1.0,122.64,0.0,0.0,8.0,0.0,1,High Recency • High Frequency
13639,2011-09-26 13:36:00,74.0,2.0,1346.27,0.0,0.0,49.0,0.0,1,High Recency • High Frequency
13640,2010-04-07 15:33:00,611.0,1.0,405.0,0.0,0.0,4.0,0.0,1,High Recency • High Frequency
13641,2010-03-09 07:37:00,641.0,5.0,1016.47,0.2,0.0,41.0,0.2857142857142857,5,High Returns
13642,2011-05-08 12:34:00,216.0,4.0,514.72,1.0,0.0,93.0,0.2,4,Weekend Shoppers
13643,2011-11-08 15:37:00,31.0,10.0,2156.77,0.0,0.0,71.0,0.3333333333333333,5,High Returns
13644,2011-11-23 14:07:00,16.0,4.0,2624.26,0.0,0.0,144.0,0.2,5,High Returns
13645,2011-08-11 16:11:00,120.0,1.0,252.1,0.0,0.0,5.0,0.0,1,High Recency • High Frequency
13646,2010-11-05 12:13:00,400.0,2.0,326.25,0.0,0.0,58.0,0.3333333333333333,5,High Returns
13647,2011-11-30 12:00:00,10.0,8.0,3071.6800000000003,0.125,0.0,98.0,0.1111111111111111,1,High Recency • High Frequency
13648,2010-11-04 14:46:00,400.0,8.0,1764.02,0.125,0.0,95.0,0.2727272727272727,5,High Returns
13649,2011-03-28 11:51:00,257.0,6.0,1678.88,0.1666666666666666,0.0,97.0,0.0,1,High Recency • High Frequency
13650,2011-11-23 12:22:00,17.0,10.0,3288.0,0.0,0.0,127.0,0.375,5,High Returns
13651,2011-11-04 14:59:00,35.0,3.0,226.85,0.0,0.0,14.0,0.25,5,High Returns
13652,2011-10-25 08:51:00,46.0,5.0,2570.85,0.0,0.0,116.0,0.0,1,High Recency • High Frequency
13653,2010-08-09 08:19:00,488.0,1.0,152.2,0.0,0.0,9.0,0.0,1,High Recency • High Frequency
13654,2011-10-27 16:24:00,43.0,11.0,6308.0,0.2727272727272727,0.0,262.0,0.0,3,Diverse Basket • Frequent
13655,2011-08-17 14:25:00,114.0,6.0,2280.51,0.0,0.0,103.0,0.25,5,High Returns
13656,2011-06-28 10:31:00,165.0,4.0,1078.85,0.0,0.0,81.0,0.4285714285714285,5,High Returns
13657,2011-11-29 12:32:00,11.0,2.0,382.14,0.5,0.0,16.0,0.0,4,Weekend Shoppers
13658,2011-11-30 10:13:00,10.0,9.0,6025.5,0.1111111111111111,0.0,164.0,0.3076923076923077,3,Diverse Basket • Frequent
13659,2011-05-18 12:37:00,206.0,12.0,4894.88,0.0833333333333333,0.0,224.0,0.2941176470588235,3,Diverse Basket • Frequent
13660,2010-11-04 16:10:00,400.0,1.0,314.59,0.0,0.0,39.0,0.5,5,High Returns
13661,2010-04-15 14:58:00,603.0,1.0,325.24,0.0,0.0,17.0,0.0,1,High Recency • High Frequency
13662,2011-09-15 12:04:00,86.0,11.0,2250.11,0.0,0.0,126.0,0.3529411764705882,5,High Returns
13663,2011-06-13 15:44:00,179.0,5.0,2047.51,0.2,0.0,87.0,0.1666666666666666,1,High Recency • High Frequency
13665,2010-11-18 13:06:00,386.0,3.0,1711.66,0.0,0.0,97.0,0.0,1,High Recency • High Frequency
13666,2011-10-10 15:39:00,60.0,5.0,127.9,0.0,0.0,19.0,0.0,1,High Recency • High Frequency
13667,2011-07-13 15:42:00,149.0,1.0,305.02,0.0,0.0,82.0,0.0,1,High Recency • High Frequency
13668,2011-12-07 12:11:00,3.0,35.0,13089.94,0.2857142857142857,0.0,411.0,0.2553191489361702,3,Diverse Basket • Frequent
13669,2011-10-20 09:32:00,51.0,3.0,413.55,0.0,0.0,13.0,0.0,1,High Recency • High Frequency
13670,2011-09-25 15:25:00,75.0,1.0,349.7,1.0,0.0,25.0,0.0,4,Weekend Shoppers
13671,2010-11-10 10:50:00,395.0,1.0,194.95,0.0,0.0,61.0,0.0,1,High Recency • High Frequency
13672,2011-02-11 13:53:00,301.0,3.0,419.9200000000001,0.0,0.0,13.0,0.5714285714285714,5,High Returns
13673,2011-11-21 12:11:00,19.0,2.0,396.92,0.0,0.0,47.0,0.0,1,High Recency • High Frequency
13674,2010-10-03 10:41:00,433.0,1.0,240.68,1.0,0.0,14.0,0.5,4,Weekend Shoppers
13675,2011-07-11 12:57:00,151.0,2.0,486.8200000000001,0.0,0.0,25.0,0.0,1,High Recency • High Frequency
13676,2010-06-18 17:30:00,539.0,2.0,243.90000000000003,0.0,0.0,13.0,0.3333333333333333,5,High Returns
13677,2010-10-31 11:32:00,405.0,2.0,556.19,0.5,0.0,98.0,0.0,4,Weekend Shoppers
13678,2011-07-11 10:14:00,152.0,1.0,232.6,0.0,0.0,16.0,0.0,1,High Recency • High Frequency
13679,2010-08-03 12:13:00,494.0,3.0,281.26,0.0,0.0,44.0,0.0,1,High Recency • High Frequency
13680,2011-12-08 13:47:00,1.0,12.0,11435.67,0.0,0.0,354.0,0.0769230769230769,3,Diverse Basket • Frequent
13681,2011-11-22 11:13:00,18.0,4.0,827.83,0.5,0.0,37.0,0.0,4,Weekend Shoppers
13682,2011-06-05 14:06:00,187.0,1.0,59.5,1.0,0.0,3.0,0.0,4,Weekend Shoppers
13683,2010-09-08 10:00:00,458.0,1.0,258.6,0.0,0.0,10.0,0.0,1,High Recency • High Frequency
13684,2011-02-27 10:13:00,286.0,4.0,596.98,0.75,0.0,81.0,0.3333333333333333,4,Weekend Shoppers
13685,2011-12-07 11:41:00,3.0,7.0,3119.44,0.0,0.0,29.0,0.0,1,High Recency • High Frequency
13686,2011-06-10 09:10:00,183.0,3.0,409.04,0.0,0.0,27.0,0.0,1,High Recency • High Frequency
13687,2010-09-27 16:30:00,438.0,1.0,11880.84,0.0,0.0,45.0,0.0,1,High Recency • High Frequency
13688,2010-03-14 14:11:00,635.0,1.0,375.5,1.0,0.0,5.0,0.0,4,Weekend Shoppers
13689,2011-10-07 13:21:00,63.0,2.0,1259.5,0.0,0.0,6.0,0.0,1,High Recency • High Frequency
13690,2011-10-11 15:03:00,59.0,1.0,172.25,0.0,0.0,9.0,0.0,1,High Recency • High Frequency
13691,2010-11-08 17:34:00,396.0,1.0,212.78,0.0,0.0,54.0,0.0,1,High Recency • High Frequency
13692,2011-11-15 11:17:00,25.0,5.0,3114.4,0.2,0.0,83.0,0.375,5,High Returns
13693,2010-11-30 18:21:00,374.0,9.0,2011.82,0.3333333333333333,0.0,78.0,0.3076923076923077,5,High Returns
13694,2011-12-06 09:32:00,4.0,143.0,196482.81,0.0209790209790209,0.0,896.0,0.1280487804878048,2,High Spend • Frequent
13695,2011-11-08 14:26:00,31.0,16.0,2770.73,0.0625,0.0,47.0,0.0,1,High Recency • High Frequency
13696,2010-10-14 09:44:00,422.0,3.0,2020.4,0.0,0.0,24.0,0.25,5,High Returns
13697,2011-11-01 09:14:00,39.0,1.0,151.29999999999998,0.0,0.0,12.0,0.0,1,High Recency • High Frequency
13698,2010-04-22 11:52:00,597.0,2.0,465.53,0.0,0.0,31.0,0.0,1,High Recency • High Frequency
13699,2011-07-07 16:51:00,155.0,2.0,764.1500000000001,0.0,0.0,33.0,0.3333333333333333,5,High Returns
13700,2011-11-13 13:00:00,26.0,13.0,2613.46,0.3846153846153846,0.0,163.0,0.0714285714285714,3,Diverse Basket • Frequent
13701,2010-09-19 12:39:00,447.0,1.0,161.0,1.0,0.0,9.0,0.5,4,Weekend Shoppers
13702,2010-09-20 11:40:00,446.0,1.0,135.18,0.0,0.0,5.0,0.0,1,High Recency • High Frequency
13703,2011-01-25 13:10:00,318.0,2.0,425.56,0.0,0.0,36.0,0.3333333333333333,5,High Returns
13704,2011-12-04 15:13:00,5.0,9.0,2308.06,0.1111111111111111,0.0,111.0,0.1,1,High Recency • High Frequency
13705,2011-12-02 12:32:00,8.0,7.0,2035.33,0.0,0.0,55.0,0.0,1,High Recency • High Frequency
13706,2011-02-10 09:21:00,303.0,2.0,631.1700000000001,0.0,0.0,38.0,0.0,1,High Recency • High Frequency
13707,2011-03-17 18:03:00,267.0,5.0,3365.86,0.0,0.0,142.0,0.0,1,High Recency • High Frequency
13708,2011-03-13 13:46:00,271.0,1.0,296.88,1.0,0.0,49.0,0.0,4,Weekend Shoppers
13709,2011-12-06 10:28:00,4.0,18.0,7591.75,0.1111111111111111,0.0,296.0,0.1818181818181818,3,Diverse Basket • Frequent
13710,2011-11-08 08:16:00,32.0,3.0,509.52,0.0,0.0,13.0,0.0,1,High Recency • High Frequency
13711,2011-05-05 10:31:00,219.0,9.0,1792.26,0.1111111111111111,0.0,80.0,0.4,5,High Returns
13712,2011-04-07 12:33:00,247.0,2.0,766.4200000000001,0.0,0.0,32.0,0.0,1,High Recency • High Frequency
13713,2010-10-27 16:18:00,408.0,3.0,743.26,0.0,0.0,70.0,0.0,1,High Recency • High Frequency
13714,2010-08-31 13:57:00,465.0,1.0,161.35,0.0,0.0,30.0,0.0,1,High Recency • High Frequency
13715,2011-03-03 19:21:00,281.0,17.0,8483.29,0.1764705882352941,0.0,277.0,0.1904761904761904,3,Diverse Basket • Frequent
13716,2011-03-15 13:49:00,269.0,1.0,138.28,0.0,0.0,21.0,0.0,1,High Recency • High Frequency
13717,2011-11-07 14:13:00,32.0,8.0,1763.3,0.0,0.0,110.0,0.2727272727272727,5,High Returns
13718,2011-04-07 13:24:00,246.0,2.0,306.55,0.0,0.0,9.0,0.0,1,High Recency • High Frequency
13719,2011-11-24 15:26:00,15.0,11.0,2815.25,0.1818181818181818,0.0,194.0,0.0,3,Diverse Basket • Frequent
13720,2011-08-15 12:46:00,117.0,4.0,799.9,0.0,0.0,42.0,0.0,1,High Recency • High Frequency
13721,2011-11-03 14:05:00,36.0,2.0,741.54,0.0,0.0,41.0,0.0,1,High Recency • High Frequency
13722,2011-07-31 12:44:00,132.0,10.0,5635.41,0.2,0.0,137.0,0.0909090909090909,3,Diverse Basket • Frequent
13723,2011-05-06 17:04:00,217.0,6.0,1209.2,0.0,0.0,51.0,0.0,1,High Recency • High Frequency
13724,2010-03-12 15:28:00,637.0,1.0,213.01,0.0,0.0,39.0,0.0,1,High Recency • High Frequency
13725,2011-10-21 10:03:00,50.0,8.0,1980.56,0.25,0.0,95.0,0.2727272727272727,5,High Returns
13726,2011-11-01 10:49:00,39.0,2.0,1079.66,0.0,0.0,39.0,0.0,1,High Recency • High Frequency
13727,2011-11-11 09:46:00,29.0,8.0,1080.05,0.125,0.0,74.0,0.1111111111111111,1,High Recency • High Frequency
13728,2011-11-03 10:49:00,37.0,16.0,2855.17,0.0,0.0,75.0,0.0,1,High Recency • High Frequency
13729,2010-09-30 10:44:00,436.0,3.0,724.73,0.3333333333333333,0.0,36.0,0.4,5,High Returns
13730,2011-07-27 08:35:00,136.0,2.0,752.5999999999999,0.0,0.0,38.0,0.0,1,High Recency • High Frequency
13731,2011-05-04 14:33:00,219.0,2.0,610.59,0.0,0.0,36.0,0.0,1,High Recency • High Frequency
13732,2011-11-11 15:49:00,28.0,1.0,491.86,0.0,0.0,33.0,0.0,1,High Recency • High Frequency
13733,2010-10-25 12:18:00,411.0,2.0,487.03,0.0,0.0,28.0,0.3333333333333333,5,High Returns
13734,2010-07-19 12:04:00,509.0,4.0,6701.640000000001,0.0,0.0,24.0,0.3333333333333333,5,High Returns
13735,2011-11-15 11:14:00,25.0,13.0,9813.22,0.1538461538461538,0.0,362.0,0.4090909090909091,3,Diverse Basket • Frequent
13736,2011-12-04 15:19:00,5.0,7.0,2766.21,0.5714285714285714,0.0,325.0,0.4166666666666667,3,Diverse Basket • Frequent
13737,2011-05-23 16:32:00,200.0,1.0,339.6,0.0,0.0,29.0,0.0,1,High Recency • High Frequency
13738,2010-11-08 15:23:00,396.0,1.0,440.93,0.0,0.0,88.0,0.0,1,High Recency • High Frequency
13739,2011-11-21 13:35:00,18.0,2.0,292.2,0.0,0.0,6.0,0.0,1,High Recency • High Frequency
13740,2011-04-13 10:32:00,241.0,5.0,1597.77,0.0,0.0,83.0,0.0,1,High Recency • High Frequency
13741,2011-09-29 09:19:00,72.0,3.0,668.4300000000001,0.0,0.0,34.0,0.25,5,High Returns
13742,2011-11-23 11:07:00,17.0,12.0,3131.02,0.3333333333333333,0.0,200.0,0.1428571428571428,3,Diverse Basket • Frequent
13743,2011-12-07 10:09:00,3.0,7.0,1341.6,0.0,0.0,8.0,0.125,1,High Recency • High Frequency
13744,2011-09-05 15:19:00,95.0,2.0,1156.36,0.5,0.0,54.0,0.0,4,Weekend Shoppers
13745,2011-06-30 16:43:00,162.0,2.0,777.36,0.0,0.0,46.0,0.5,5,High Returns
13746,2010-10-22 11:55:00,414.0,1.0,176.69,0.0,0.0,9.0,0.0,1,High Recency • High Frequency
13747,2010-12-01 10:37:00,374.0,2.0,249.4,0.0,0.0,4.0,0.0,1,High Recency • High Frequency
13748,2011-09-05 09:45:00,96.0,9.0,2268.35,0.0,0.0,40.0,0.0,1,High Recency • High Frequency
13750,2011-10-17 12:16:00,54.0,11.0,3602.1800000000003,0.0909090909090909,0.0,51.0,0.1538461538461538,1,High Recency • High Frequency
13751,2011-02-24 15:56:00,288.0,1.0,296.25,0.0,0.0,9.0,0.0,1,High Recency • High Frequency
13752,2011-08-07 14:16:00,124.0,7.0,1590.73,0.2857142857142857,0.0,75.0,0.0,1,High Recency • High Frequency
13753,2011-02-25 12:48:00,288.0,4.0,2094.57,0.0,0.0,64.0,0.0,1,High Recency • High Frequency
13754,2011-07-11 11:51:00,152.0,3.0,447.05,0.0,0.0,16.0,0.0,1,High Recency • High Frequency
13755,2011-12-06 12:26:00,4.0,9.0,2161.35,0.0,0.0,232.0,0.1,3,Diverse Basket • Frequent
13756,2011-12-07 16:44:00,2.0,23.0,9207.5,0.0,0.0,142.0,0.08,3,Diverse Basket • Frequent
13757,2010-02-03 12:37:00,675.0,1.0,195.55,0.0,0.0,8.0,0.0,1,High Recency • High Frequency
13758,2011-11-28 11:11:00,12.0,15.0,9416.98,0.2666666666666666,0.0,213.0,0.2105263157894736,3,Diverse Basket • Frequent
13759,2011-11-06 14:47:00,33.0,2.0,659.4100000000001,0.5,0.0,24.0,0.0,4,Weekend Shoppers
13760,2011-10-16 16:13:00,54.0,5.0,1363.64,0.6,0.0,95.0,0.1666666666666666,4,Weekend Shoppers
13761,2011-10-20 14:01:00,50.0,6.0,1952.17,0.5,0.0,118.0,0.0,4,Weekend Shoppers
13762,2011-05-05 09:15:00,219.0,5.0,2472.48,0.6,0.0,23.0,0.1666666666666666,4,Weekend Shoppers
13763,2011-10-07 15:13:00,63.0,3.0,5217.4400000000005,0.0,0.0,50.0,0.5,5,High Returns
13764,2011-09-30 12:03:00,71.0,6.0,2953.26,0.3333333333333333,0.0,295.0,0.0,3,Diverse Basket • Frequent
13765,2010-02-24 13:46:00,653.0,1.0,352.821,0.0,0.0,17.0,0.0,1,High Recency • High Frequency
13766,2010-08-01 14:25:00,495.0,1.0,190.35,1.0,0.0,16.0,0.0,4,Weekend Shoppers
13767,2011-12-07 15:00:00,2.0,73.0,35540.53,0.1232876712328767,0.0,117.0,0.2395833333333333,3,Diverse Basket • Frequent
13768,2009-12-13 10:41:00,727.0,2.0,875.97,0.5,0.0,30.0,0.75,5,High Returns
13769,2011-12-07 15:08:00,2.0,20.0,5800.42,0.0,0.0,121.0,0.3103448275862069,3,Diverse Basket • Frequent
13770,2010-10-13 15:10:00,422.0,4.0,785.37,0.0,0.0,48.0,0.0,1,High Recency • High Frequency
13771,2011-10-06 14:18:00,64.0,9.0,5728.82,0.0,0.0,182.0,0.1,3,Diverse Basket • Frequent
13772,2011-11-06 11:43:00,34.0,8.0,3114.22,0.25,0.0,394.0,0.1111111111111111,3,Diverse Basket • Frequent
13773,2010-11-08 11:49:00,397.0,2.0,301.54,0.0,0.0,19.0,0.0,1,High Recency • High Frequency
13774,2011-09-19 12:06:00,82.0,1.0,345.0,0.0,0.0,22.0,0.0,1,High Recency • High Frequency
13775,2010-04-28 12:15:00,591.0,1.0,1049.66,0.0,0.0,63.0,0.0,1,High Recency • High Frequency
13776,2010-10-07 16:11:00,428.0,2.0,623.98,0.0,0.0,1.0,0.75,5,High Returns
13777,2011-12-09 12:25:00,1.0,61.0,56478.420000000006,0.0983606557377049,0.0,44.0,0.1643835616438356,3,Diverse Basket • Frequent
13778,2011-08-28 15:25:00,103.0,4.0,1124.49,0.5,0.0,33.0,0.2,4,Weekend Shoppers
13779,2010-07-12 11:24:00,516.0,1.0,161.13,0.0,0.0,27.0,0.0,1,High Recency • High Frequency
13780,2011-12-02 13:49:00,7.0,3.0,735.82,0.0,0.0,90.0,0.0,1,High Recency • High Frequency
13781,2011-04-03 12:08:00,251.0,3.0,778.83,0.3333333333333333,0.0,56.0,0.25,5,High Returns
13782,2011-11-27 11:54:00,13.0,13.0,1793.72,0.9230769230769232,0.0,187.0,0.0714285714285714,4,Weekend Shoppers
13783,2010-08-09 09:23:00,488.0,4.0,1542.09,0.0,0.0,4.0,0.0,1,High Recency • High Frequency
13784,2011-11-30 09:33:00,10.0,14.0,2910.23,0.0714285714285714,0.0,13.0,0.0666666666666666,1,High Recency • High Frequency
13785,2010-10-07 09:25:00,429.0,4.0,542.49,0.25,0.0,26.0,0.0,1,High Recency • High Frequency
13786,2010-12-07 13:53:00,367.0,6.0,3358.94,0.3333333333333333,0.0,80.0,0.25,5,High Returns
13787,2011-09-25 12:06:00,76.0,6.0,1222.5,0.1666666666666666,0.0,71.0,0.3333333333333333,5,High Returns
13788,2010-07-22 15:50:00,505.0,1.0,3.75,0.0,0.0,1.0,0.0,1,High Recency • High Frequency
13789,2010-11-16 15:31:00,388.0,1.0,239.46,0.0,0.0,18.0,0.0,1,High Recency • High Frequency
13790,2011-12-05 15:48:00,4.0,1.0,348.8,0.0,0.0,45.0,0.0,1,High Recency • High Frequency
13791,2011-08-04 11:44:00,128.0,2.0,1516.0,0.0,0.0,7.0,0.3333333333333333,5,High Returns
13792,2011-10-04 14:31:00,66.0,3.0,383.9500000000001,0.0,0.0,23.0,0.0,1,High Recency • High Frequency
13793,2010-03-03 08:25:00,647.0,1.0,96.0,0.0,0.0,7.0,0.0,1,High Recency • High Frequency
13794,2010-06-11 12:30:00,547.0,1.0,126.03,0.0,0.0,9.0,0.0,1,High Recency • High Frequency
13795,2010-11-16 17:25:00,388.0,4.0,836.3,0.25,0.0,23.0,0.0,1,High Recency • High Frequency
13796,2010-07-28 14:45:00,499.0,1.0,289.7,0.0,0.0,22.0,0.0,1,High Recency • High Frequency
13797,2010-09-29 10:34:00,437.0,3.0,1179.45,0.0,0.0,71.0,0.25,5,High Returns
13798,2011-12-08 15:51:00,1.0,110.0,75836.87,0.1181818181818181,0.0,168.0,0.12,3,Diverse Basket • Frequent
13799,2011-08-15 12:07:00,117.0,9.0,2803.57,0.1111111111111111,0.0,64.0,0.3076923076923077,5,High Returns
13800,2011-02-03 12:27:00,310.0,3.0,1679.56,0.0,0.0,73.0,0.0,1,High Recency • High Frequency
13801,2011-10-04 10:15:00,67.0,1.0,324.8,0.0,0.0,23.0,0.0,1,High Recency • High Frequency
13802,2011-07-24 10:54:00,139.0,19.0,26259.11,0.2105263157894736,0.0,212.0,0.2083333333333333,3,Diverse Basket • Frequent
13803,2011-03-29 12:57:00,255.0,3.0,1338.91,0.0,0.0,73.0,0.25,5,High Returns
13804,2011-11-09 12:32:00,31.0,9.0,3208.52,0.1111111111111111,0.0,149.0,0.0,1,High Recency • High Frequency
13805,2011-10-18 14:50:00,52.0,2.0,924.6,0.0,0.0,10.0,0.0,1,High Recency • High Frequency
13806,2011-10-07 11:43:00,64.0,1.0,256.38,0.0,0.0,10.0,0.0,1,High Recency • High Frequency
13807,2010-12-07 15:48:00,367.0,3.0,534.8,0.0,0.0,24.0,0.25,5,High Returns
13808,2011-12-04 12:18:00,6.0,5.0,1747.66,0.4,0.0,70.0,0.0,1,High Recency • High Frequency
13809,2011-02-07 13:15:00,305.0,3.0,679.7,0.3333333333333333,0.0,23.0,0.0,1,High Recency • High Frequency
13810,2011-11-11 08:33:00,29.0,3.0,1499.01,0.0,0.0,32.0,0.25,5,High Returns
13811,2011-06-09 09:54:00,184.0,3.0,814.5,0.0,0.0,7.0,0.25,5,High Returns
13812,2011-10-28 14:27:00,42.0,3.0,539.0,0.0,0.0,33.0,0.0,1,High Recency • High Frequency
13813,2011-10-31 10:38:00,40.0,8.0,2765.4700000000003,0.25,0.0,84.0,0.3333333333333333,5,High Returns
13814,2011-09-08 13:48:00,92.0,3.0,2257.32,0.0,0.0,56.0,0.4,5,High Returns
13815,2011-11-17 14:19:00,22.0,8.0,7475.74,0.0,0.0,203.0,0.2,3,Diverse Basket • Frequent
13816,2011-11-16 08:38:00,24.0,2.0,571.6700000000001,0.0,0.0,25.0,0.5,5,High Returns
13817,2011-11-10 17:49:00,29.0,2.0,382.98,0.0,0.0,20.0,0.0,1,High Recency • High Frequency
13818,2010-10-06 12:35:00,430.0,1.0,61.28,0.0,0.0,5.0,0.0,1,High Recency • High Frequency
13819,2011-02-11 10:38:00,302.0,6.0,2642.35,0.0,0.0,47.0,0.1428571428571428,1,High Recency • High Frequency
13820,2010-10-17 13:46:00,418.0,3.0,660.6500000000001,0.3333333333333333,0.0,68.0,0.4,5,High Returns
13821,2011-07-18 09:49:00,145.0,6.0,1410.73,0.0,0.0,158.0,0.1428571428571428,1,High Recency • High Frequency
13822,2011-12-04 12:13:00,6.0,2.0,632.0,1.0,0.0,90.0,0.0,4,Weekend Shoppers
13823,2011-11-21 10:22:00,19.0,7.0,3403.45,0.0,0.0,108.0,0.125,1,High Recency • High Frequency
13824,2011-11-07 12:41:00,33.0,12.0,3314.76,0.0833333333333333,0.0,59.0,0.1428571428571428,1,High Recency • High Frequency
13825,2010-03-28 11:02:00,622.0,2.0,255.59000000000003,0.5,0.0,38.0,0.0,4,Weekend Shoppers
13826,2011-06-16 13:48:00,176.0,1.0,189.5,0.0,0.0,10.0,0.5,5,High Returns
13827,2011-10-13 12:38:00,58.0,3.0,412.05,0.0,0.0,83.0,0.0,1,High Recency • High Frequency
13828,2011-11-17 16:02:00,22.0,1.0,209.49,0.0,0.0,15.0,0.0,1,High Recency • High Frequency
13829,2010-10-14 18:19:00,421.0,1.0,102.0,0.0,0.0,1.0,0.5,5,High Returns
13830,2010-05-07 12:24:00,582.0,1.0,156.85000000000002,0.0,0.0,11.0,0.5,5,High Returns
13831,2011-11-23 15:41:00,16.0,18.0,7023.58,0.1666666666666666,0.0,121.0,0.1,3,Diverse Basket • Frequent
13832,2011-11-20 15:36:00,19.0,2.0,613.69,0.5,0.0,54.0,0.3333333333333333,5,High Returns
13833,2011-07-03 13:27:00,159.0,2.0,701.36,1.0,0.0,43.0,0.0,4,Weekend Shoppers
13834,2010-05-12 10:27:00,577.0,2.0,324.19,0.0,0.0,15.0,0.3333333333333333,5,High Returns
13835,2011-11-14 15:37:00,25.0,7.0,1095.27,0.1428571428571428,0.0,60.0,0.125,1,High Recency • High Frequency
13836,2010-11-05 13:31:00,399.0,2.0,620.37,0.0,0.0,29.0,0.3333333333333333,5,High Returns
13837,2011-05-12 12:10:00,212.0,2.0,271.24,0.0,0.0,17.0,0.0,1,High Recency • High Frequency
13838,2011-12-04 11:00:00,6.0,10.0,1966.09,1.0,0.0,328.0,0.0,4,Weekend Shoppers
13839,2010-08-10 13:52:00,486.0,1.0,139.95000000000002,0.0,0.0,7.0,0.0,1,High Recency • High Frequency
13840,2010-10-19 13:34:00,416.0,1.0,651.4,0.0,0.0,40.0,0.0,1,High Recency • High Frequency
13841,2011-04-01 12:10:00,253.0,1.0,85.0,0.0,0.0,1.0,0.0,1,High Recency • High Frequency
13842,2011-10-12 10:51:00,59.0,18.0,5629.91,0.0555555555555555,0.0,214.0,0.0526315789473684,3,Diverse Basket • Frequent
13843,2010-11-23 17:48:00,381.0,1.0,319.75,0.0,0.0,18.0,0.0,1,High Recency • High Frequency
13844,2011-11-28 13:21:00,11.0,1.0,361.62,0.0,0.0,20.0,0.0,1,High Recency • High Frequency
13845,2011-10-06 08:25:00,65.0,1.0,312.98,0.0,0.0,9.0,0.0,1,High Recency • High Frequency
13846,2011-11-15 12:07:00,25.0,4.0,1307.79,0.0,0.0,81.0,0.2,5,High Returns
13847,2009-12-20 10:41:00,720.0,1.0,310.72,1.0,0.0,19.0,0.0,4,Weekend Shoppers
13848,2011-09-08 12:58:00,92.0,8.0,3335.0,0.125,0.0,3.0,0.0,1,High Recency • High Frequency
13849,2011-10-19 10:59:00,52.0,5.0,3469.3,0.2,0.0,189.0,0.1666666666666666,3,Diverse Basket • Frequent
13850,2011-08-02 14:04:00,129.0,1.0,1595.48,0.0,0.0,93.0,0.5,5,High Returns
13851,2011-09-05 12:36:00,96.0,8.0,4606.46,0.0,0.0,111.0,0.1111111111111111,1,High Recency • High Frequency
13852,2010-04-08 09:06:00,611.0,1.0,187.35,0.0,0.0,11.0,0.5,5,High Returns
13853,2011-10-13 14:18:00,57.0,1.0,1090.14,0.0,0.0,23.0,0.5,5,High Returns
13854,2011-12-01 09:06:00,9.0,39.0,12253.96,0.1025641025641025,0.0,61.0,0.1333333333333333,3,Diverse Basket • Frequent
13855,2010-07-27 09:53:00,501.0,4.0,1310.34,0.0,0.0,64.0,0.2,1,High Recency • High Frequency
13856,2011-06-24 10:03:00,169.0,11.0,1142.03,0.0909090909090909,0.0,33.0,0.2666666666666666,5,High Returns
13857,2010-11-11 12:54:00,393.0,6.0,1001.01,0.1666666666666666,0.0,99.0,0.1428571428571428,1,High Recency • High Frequency
13858,2011-10-13 16:17:00,57.0,1.0,216.17,0.0,0.0,11.0,0.0,1,High Recency • High Frequency
13859,2011-01-17 16:14:00,326.0,2.0,515.86,0.0,0.0,34.0,0.0,1,High Recency • High Frequency
13860,2011-12-08 12:57:00,1.0,5.0,1245.9,0.0,0.0,58.0,0.1666666666666666,1,High Recency • High Frequency
13861,2010-10-06 14:20:00,429.0,2.0,273.26,0.5,0.0,21.0,0.3333333333333333,4,Weekend Shoppers
13862,2011-11-21 16:24:00,18.0,9.0,2556.09,0.1111111111111111,0.0,113.0,0.1818181818181818,3,Diverse Basket • Frequent
13863,2011-04-06 10:20:00,248.0,4.0,1239.55,0.25,0.0,59.0,0.3333333333333333,5,High Returns
13864,2010-11-18 12:50:00,387.0,1.0,662.4000000000001,0.0,0.0,1.0,0.0,1,High Recency • High Frequency
13865,2011-10-12 13:31:00,58.0,4.0,501.56,0.0,0.0,26.0,0.0,1,High Recency • High Frequency
13866,2011-09-26 14:54:00,74.0,1.0,145.67000000000002,0.0,0.0,7.0,0.0,1,High Recency • High Frequency
13867,2011-11-08 15:48:00,31.0,3.0,1015.29,0.0,0.0,51.0,0.0,1,High Recency • High Frequency
13868,2011-12-02 16:32:00,7.0,2.0,3192.54,0.0,0.0,32.0,0.0,1,High Recency • High Frequency
13869,2011-08-08 13:53:00,123.0,10.0,8111.570000000001,0.3,0.0,502.0,0.0,3,Diverse Basket • Frequent
13870,2011-12-07 13:23:00,2.0,15.0,5712.08,0.1333333333333333,0.0,159.0,0.1666666666666666,3,Diverse Basket • Frequent
13871,2011-11-17 10:49:00,23.0,17.0,7885.85,0.1176470588235294,0.0,183.0,0.1904761904761904,3,Diverse Basket • Frequent
13872,2010-06-30 15:35:00,527.0,3.0,919.57,0.0,0.0,51.0,0.5,5,High Returns
13873,2011-08-12 10:08:00,120.0,8.0,1038.92,0.25,0.0,55.0,0.1111111111111111,1,High Recency • High Frequency
13874,2010-12-16 18:20:00,358.0,7.0,2049.15,0.0,0.0,46.0,0.3,5,High Returns
13875,2011-10-17 09:36:00,54.0,14.0,4814.37,0.1428571428571428,0.0,159.0,0.0,3,Diverse Basket • Frequent
13876,2011-10-07 10:22:00,64.0,1.0,122.7,0.0,0.0,7.0,0.0,1,High Recency • High Frequency
13877,2011-09-14 15:49:00,86.0,3.0,449.68,0.0,0.0,23.0,0.4,5,High Returns
13878,2011-10-16 12:19:00,55.0,4.0,2473.06,0.25,0.0,93.0,0.0,1,High Recency • High Frequency
13879,2010-03-04 10:49:00,646.0,1.0,395.5,0.0,0.0,25.0,0.0,1,High Recency • High Frequency
13880,2011-11-18 13:44:00,21.0,17.0,4391.66,0.1176470588235294,0.0,148.0,0.0,3,Diverse Basket • Frequent
13881,2011-12-06 12:50:00,4.0,43.0,45179.1,0.0,0.0,182.0,0.1568627450980392,3,Diverse Basket • Frequent
13882,2011-12-07 11:16:00,3.0,5.0,1191.13,0.0,0.0,54.0,0.1666666666666666,1,High Recency • High Frequency
13883,2011-11-29 10:45:00,11.0,15.0,6560.02,0.2,0.0,200.0,0.4230769230769231,3,Diverse Basket • Frequent
13884,2011-12-02 16:30:00,7.0,10.0,1888.48,0.4,0.0,108.0,0.2857142857142857,5,High Returns
13885,2011-06-03 15:07:00,189.0,2.0,506.8,0.0,0.0,28.0,0.0,1,High Recency • High Frequency
13886,2011-09-29 13:17:00,71.0,1.0,243.56,0.0,0.0,16.0,0.0,1,High Recency • High Frequency
13887,2011-05-19 17:22:00,204.0,1.0,349.55,0.0,0.0,19.0,0.0,1,High Recency • High Frequency
13888,2011-08-12 10:13:00,120.0,7.0,2169.05,0.1428571428571428,0.0,124.0,0.0,1,High Recency • High Frequency
13889,2011-09-08 09:13:00,93.0,6.0,1991.23,0.0,0.0,57.0,0.25,5,High Returns
13890,2011-12-08 15:36:00,1.0,14.0,2927.38,0.0714285714285714,0.0,100.0,0.3636363636363636,5,High Returns
13891,2010-11-26 15:57:00,378.0,3.0,863.56,0.0,0.0,97.0,0.0,1,High Recency • High Frequency
13892,2011-11-13 11:50:00,27.0,6.0,1267.65,0.1666666666666666,0.0,33.0,0.0,1,High Recency • High Frequency
13893,2011-02-15 11:30:00,298.0,1.0,821.1,0.0,0.0,21.0,0.0,1,High Recency • High Frequency
13894,2011-11-16 09:44:00,24.0,3.0,564.62,0.0,0.0,25.0,0.4,5,High Returns
13895,2011-11-11 16:57:00,28.0,6.0,4008.52,0.0,0.0,154.0,0.25,5,High Returns
13896,2010-03-24 08:55:00,626.0,1.0,388.55,0.0,0.0,21.0,0.0,1,High Recency • High Frequency
13897,2011-10-20 14:30:00,50.0,3.0,1160.72,0.3333333333333333,0.0,58.0,0.0,1,High Recency • High Frequency
13898,2011-01-18 10:28:00,326.0,2.0,686.4000000000001,0.5,0.0,43.0,0.0,4,Weekend Shoppers
13899,2011-11-23 13:40:00,16.0,2.0,388.52,0.0,0.0,19.0,0.0,1,High Recency • High Frequency
13900,2011-06-09 19:26:00,183.0,6.0,1610.59,0.0,0.0,80.0,0.1428571428571428,1,High Recency • High Frequency
13901,2011-09-28 14:48:00,72.0,15.0,5676.34,0.0,0.0,280.0,0.25,3,Diverse Basket • Frequent
13902,2010-03-17 13:09:00,632.0,5.0,34095.259999999995,0.0,0.0,58.0,0.375,5,High Returns
13903,2010-11-04 17:44:00,400.0,1.0,165.45000000000002,0.0,0.0,10.0,0.0,1,High Recency • High Frequency
13904,2011-11-02 13:41:00,37.0,2.0,332.64,0.0,0.0,24.0,0.0,1,High Recency • High Frequency
13905,2009-12-07 11:41:00,733.0,1.0,312.65,0.0,0.0,12.0,0.6666666666666666,5,High Returns
13906,2010-10-26 15:00:00,409.0,1.0,42.0,0.0,0.0,1.0,0.0,1,High Recency • High Frequency
13907,2010-01-17 12:22:00,692.0,1.0,136.8,1.0,0.0,4.0,0.0,4,Weekend Shoppers
13908,2011-09-21 11:49:00,80.0,4.0,2369.55,0.0,0.0,104.0,0.2,5,High Returns
13909,2010-10-12 17:22:00,423.0,2.0,286.6,0.0,0.0,35.0,0.0,1,High Recency • High Frequency
13911,2011-10-13 15:43:00,57.0,20.0,4234.99,0.1,0.0,178.0,0.0909090909090909,3,Diverse Basket • Frequent
13912,2010-10-12 08:43:00,424.0,1.0,124.95,0.0,0.0,7.0,0.0,1,High Recency • High Frequency
13913,2010-07-21 10:11:00,507.0,1.0,42.22,0.0,0.0,3.0,0.0,1,High Recency • High Frequency
13914,2011-11-28 10:35:00,12.0,2.0,626.45,0.0,0.0,28.0,0.3333333333333333,5,High Returns
13915,2010-11-10 15:17:00,394.0,1.0,70.80000000000001,0.0,0.0,2.0,0.5,5,High Returns
13916,2010-09-02 10:04:00,464.0,4.0,1275.81,0.0,0.0,72.0,0.2,1,High Recency • High Frequency
13917,2011-10-21 09:56:00,50.0,2.0,272.04,0.0,0.0,16.0,0.0,1,High Recency • High Frequency
13918,2011-10-21 12:25:00,50.0,2.0,1212.84,0.0,0.0,30.0,0.0,1,High Recency • High Frequency
13919,2011-10-11 14:24:00,59.0,4.0,1360.68,0.0,0.0,65.0,0.2,5,High Returns
13920,2010-10-04 12:37:00,432.0,4.0,1774.68,0.0,0.0,81.0,0.2,1,High Recency • High Frequency
13921,2010-11-02 16:32:00,402.0,4.0,730.7,0.0,0.0,36.0,0.2,1,High Recency • High Frequency
13922,2010-12-23 10:38:00,352.0,3.0,865.2,0.3333333333333333,0.0,30.0,0.4,5,High Returns
13923,2011-10-17 12:33:00,54.0,1.0,351.13,0.0,0.0,20.0,0.0,1,High Recency • High Frequency
13924,2011-12-08 09:39:00,2.0,6.0,1838.85,0.0,0.0,90.0,0.4545454545454545,5,High Returns
13925,2011-09-08 12:47:00,93.0,4.0,678.25,0.0,0.0,28.0,0.3333333333333333,5,High Returns
13926,2011-11-16 13:16:00,23.0,1.0,223.85,0.0,0.0,11.0,0.0,1,High Recency • High Frequency
13927,2011-09-26 12:00:00,75.0,2.0,708.26,0.0,0.0,37.0,0.3333333333333333,5,High Returns
13928,2011-11-29 10:33:00,11.0,4.0,464.5700000000001,0.0,0.0,23.0,0.0,1,High Recency • High Frequency
13929,2011-06-23 15:26:00,169.0,11.0,3494.1,0.0,0.0,38.0,0.2142857142857142,5,High Returns
13930,2011-10-13 09:45:00,58.0,2.0,337.34,0.0,0.0,15.0,0.0,1,High Recency • High Frequency
13931,2011-09-05 10:12:00,96.0,11.0,5257.38,0.0,0.0,205.0,0.0833333333333333,3,Diverse Basket • Frequent
13932,2011-02-18 12:02:00,295.0,1.0,307.4,0.0,0.0,16.0,0.0,1,High Recency • High Frequency
13933,2011-08-22 14:03:00,109.0,2.0,608.79,0.0,0.0,23.0,0.0,1,High Recency • High Frequency
13934,2011-03-21 08:39:00,264.0,1.0,922.1,0.0,0.0,31.0,0.0,1,High Recency • High Frequency
13935,2010-04-22 11:21:00,597.0,3.0,6116.92,0.0,0.0,67.0,0.0,1,High Recency • High Frequency
13936,2011-06-13 08:47:00,180.0,3.0,939.66,0.0,0.0,56.0,0.25,5,High Returns
13937,2011-06-23 16:35:00,169.0,2.0,880.13,0.0,0.0,54.0,0.3333333333333333,5,High Returns
13938,2011-11-04 14:37:00,35.0,1.0,71.66,0.0,0.0,7.0,0.0,1,High Recency • High Frequency
13939,2011-11-16 13:33:00,23.0,7.0,1560.96,0.0,0.0,91.0,0.3,5,High Returns
13940,2011-11-22 15:15:00,17.0,4.0,839.14,0.0,0.0,39.0,0.0,1,High Recency • High Frequency
13941,2011-11-18 09:43:00,22.0,15.0,11122.3,0.3333333333333333,0.0,42.0,0.1176470588235294,3,Diverse Basket • Frequent
13942,2010-06-23 12:35:00,535.0,1.0,320.0,0.0,0.0,1.0,0.0,1,High Recency • High Frequency
13943,2010-05-11 11:30:00,578.0,1.0,246.54,0.0,0.0,15.0,0.0,1,High Recency • High Frequency
13944,2010-02-24 15:02:00,653.0,1.0,200.43,0.0,0.0,35.0,0.0,1,High Recency • High Frequency
13945,2010-11-10 10:00:00,395.0,2.0,854.15,0.0,0.0,49.0,0.0,1,High Recency • High Frequency
13946,2011-09-21 13:33:00,79.0,6.0,1876.23,0.3333333333333333,0.0,49.0,0.1428571428571428,1,High Recency • High Frequency
13947,2011-10-05 14:42:00,65.0,1.0,90.6,0.0,0.0,5.0,0.0,1,High Recency • High Frequency
13948,2010-12-14 10:18:00,361.0,4.0,548.76,0.25,0.0,23.0,0.2,1,High Recency • High Frequency
13949,2011-12-07 09:35:00,3.0,6.0,2427.32,0.1666666666666666,0.0,124.0,0.0,1,High Recency • High Frequency
13950,2011-11-28 14:44:00,11.0,4.0,745.06,0.0,0.0,33.0,0.2,5,High Returns
13951,2011-06-16 16:43:00,176.0,3.0,674.45,0.3333333333333333,0.0,38.0,0.0,1,High Recency • High Frequency
13952,2011-05-06 09:00:00,218.0,14.0,12823.521,0.1428571428571428,0.0,238.0,0.1764705882352941,3,Diverse Basket • Frequent
13953,2011-12-02 16:04:00,7.0,12.0,6640.68,0.0,0.0,8.0,0.0,1,High Recency • High Frequency
13954,2011-12-08 12:50:00,2.0,2.0,439.92,0.0,0.0,24.0,0.3333333333333333,5,High Returns
13955,2011-07-08 17:19:00,154.0,3.0,545.17,0.0,0.0,82.0,0.0,1,High Recency • High Frequency
13956,2011-12-04 13:20:00,5.0,5.0,1026.42,1.0,0.0,123.0,0.0,4,Weekend Shoppers
13957,2010-10-18 10:02:00,418.0,3.0,458.25,0.3333333333333333,0.0,21.0,0.0,1,High Recency • High Frequency
13958,2010-11-25 10:11:00,380.0,8.0,4709.23,0.375,0.0,172.0,0.3333333333333333,5,High Returns
13959,2011-09-21 15:06:00,79.0,6.0,1076.18,0.1666666666666666,0.0,120.0,0.0,1,High Recency • High Frequency
13960,2011-11-18 15:27:00,21.0,2.0,230.22,0.0,0.0,11.0,0.0,1,High Recency • High Frequency
13961,2010-11-12 14:40:00,392.0,1.0,538.4,0.0,0.0,19.0,0.5,5,High Returns
13962,2011-11-18 08:47:00,22.0,3.0,362.8,0.0,0.0,23.0,0.0,1,High Recency • High Frequency
13963,2011-02-04 14:43:00,308.0,17.0,3011.87,0.1176470588235294,0.0,129.0,0.0555555555555555,1,High Recency • High Frequency
13964,2010-11-17 13:53:00,387.0,2.0,438.9,0.0,0.0,22.0,0.3333333333333333,5,High Returns
13965,2010-08-20 10:40:00,477.0,3.0,996.61,0.0,0.0,23.0,0.4,5,High Returns
13966,2010-09-30 13:08:00,435.0,1.0,390.86,0.0,0.0,21.0,0.0,1,High Recency • High Frequency
13967,2011-07-17 12:02:00,146.0,2.0,166.3,0.5,0.0,4.0,0.0,4,Weekend Shoppers
13968,2010-10-12 13:22:00,423.0,1.0,123.66,0.0,0.0,8.0,0.0,1,High Recency • High Frequency
13969,2011-12-02 15:11:00,7.0,35.0,13365.87,0.0,0.0285714285714285,472.0,0.1025641025641025,3,Diverse Basket • Frequent
13970,2010-11-18 13:21:00,386.0,2.0,846.55,0.0,0.0,10.0,0.0,1,High Recency • High Frequency
13971,2011-11-21 12:06:00,19.0,14.0,4667.57,0.0714285714285714,0.0,184.0,0.2222222222222222,3,Diverse Basket • Frequent
13972,2011-09-30 11:54:00,71.0,2.0,190.25,0.5,0.0,15.0,0.0,4,Weekend Shoppers
13973,2011-02-25 15:21:00,287.0,1.0,264.7,0.0,0.0,11.0,0.0,1,High Recency • High Frequency
13974,2011-10-21 14:41:00,49.0,2.0,677.72,0.0,0.0,43.0,0.5,5,High Returns
13975,2011-11-08 13:19:00,31.0,12.0,5358.84,0.0833333333333333,0.0,434.0,0.1428571428571428,3,Diverse Basket • Frequent
13976,2011-05-17 09:13:00,207.0,4.0,1192.36,0.0,0.0,49.0,0.0,1,High Recency • High Frequency
13977,2010-10-24 14:08:00,411.0,1.0,519.8100000000001,1.0,0.0,13.0,0.0,4,Weekend Shoppers
13978,2011-11-25 11:36:00,15.0,2.0,196.79,0.0,0.0,14.0,0.0,1,High Recency • High Frequency
13979,2011-09-27 13:32:00,73.0,7.0,3416.23,0.1428571428571428,0.0,356.0,0.3636363636363636,3,Diverse Basket • Frequent
13980,2011-10-10 13:34:00,60.0,5.0,799.92,0.4,0.0,57.0,0.4444444444444444,5,High Returns
13981,2010-10-20 10:03:00,416.0,1.0,331.14,0.0,0.0,22.0,0.5,5,High Returns
13982,2011-10-31 16:24:00,39.0,9.0,4445.59,0.0,0.0,123.0,0.3076923076923077,5,High Returns
13983,2011-11-10 11:06:00,30.0,21.0,7108.45,0.0952380952380952,0.0,238.0,0.3,3,Diverse Basket • Frequent
13984,2011-11-13 12:38:00,27.0,12.0,2048.6,0.1666666666666666,0.0,53.0,0.0769230769230769,1,High Recency • High Frequency
13985,2011-12-05 17:06:00,4.0,22.0,10020.86,0.0454545454545454,0.0,149.0,0.0833333333333333,3,Diverse Basket • Frequent
13986,2011-11-22 15:00:00,17.0,1.0,320.46,0.0,0.0,12.0,0.0,1,High Recency • High Frequency
13987,2010-11-25 10:20:00,380.0,2.0,682.54,0.0,0.0,46.0,0.0,1,High Recency • High Frequency
13988,2011-11-20 10:15:00,20.0,8.0,4757.799999999999,0.25,0.0,218.0,0.2727272727272727,3,Diverse Basket • Frequent
13989,2011-10-05 09:47:00,66.0,5.0,2026.06,0.0,0.0,61.0,0.0,1,High Recency • High Frequency
13990,2011-05-10 15:19:00,213.0,1.0,311.3,0.0,0.0,16.0,0.0,1,High Recency • High Frequency
13991,2011-11-27 16:18:00,12.0,6.0,855.9699999999999,0.5,0.0,58.0,0.1428571428571428,4,Weekend Shoppers
13992,2011-11-09 15:23:00,30.0,3.0,219.5,0.0,0.0,10.0,0.0,1,High Recency • High Frequency
13993,2011-10-28 09:06:00,43.0,19.0,6775.71,0.1578947368421052,0.0,110.0,0.2083333333333333,3,Diverse Basket • Frequent
13994,2011-12-06 11:05:00,4.0,6.0,2313.14,0.0,0.0,122.0,0.0,1,High Recency • High Frequency
13995,2011-11-24 14:22:00,15.0,14.0,3902.01,0.0714285714285714,0.0,146.0,0.2222222222222222,3,Diverse Basket • Frequent
13996,2010-11-18 16:27:00,386.0,2.0,895.76,0.0,0.0,29.0,0.0,1,High Recency • High Frequency
13997,2010-07-08 18:06:00,519.0,3.0,382.31,0.0,0.0,36.0,0.0,1,High Recency • High Frequency
13998,2010-09-19 10:20:00,447.0,3.0,566.7,0.3333333333333333,0.0,30.0,0.0,1,High Recency • High Frequency
13999,2011-11-29 13:40:00,10.0,29.0,9502.26,0.0689655172413793,0.0,174.0,0.1944444444444444,3,Diverse Basket • Frequent
14000,2011-05-12 16:50:00,211.0,5.0,2046.34,0.0,0.0,28.0,0.375,5,High Returns
14001,2011-10-25 10:31:00,46.0,9.0,4530.09,0.0,0.0,60.0,0.1,1,High Recency • High Frequency
14002,2011-07-28 15:55:00,134.0,2.0,529.73,0.0,0.0,47.0,0.0,1,High Recency • High Frequency
14003,2009-12-07 08:53:00,733.0,1.0,209.41,0.0,0.0,16.0,0.0,1,High Recency • High Frequency
14004,2011-10-27 14:40:00,43.0,11.0,6258.45,0.0909090909090909,0.0,127.0,0.0,1,High Recency • High Frequency
14005,2011-11-30 12:41:00,10.0,5.0,2874.7200000000003,0.4,0.0,53.0,0.0,1,High Recency • High Frequency
14006,2011-08-16 09:39:00,116.0,7.0,2196.67,0.0,0.0,55.0,0.0,1,High Recency • High Frequency
14007,2010-07-15 09:06:00,513.0,1.0,79.48,0.0,0.0,5.0,0.0,1,High Recency • High Frequency
14008,2010-10-03 13:09:00,432.0,1.0,509.04,1.0,0.0,32.0,0.5,4,Weekend Shoppers
14009,2011-05-25 15:47:00,198.0,3.0,1099.91,0.0,0.0,71.0,0.25,5,High Returns
14010,2010-05-23 13:00:00,565.0,2.0,445.15,1.0,0.0,20.0,0.3333333333333333,4,Weekend Shoppers
14011,2010-08-16 15:31:00,480.0,2.0,457.82,0.5,0.0,32.0,0.3333333333333333,4,Weekend Shoppers
14012,2011-03-07 12:26:00,278.0,1.0,328.8,0.0,0.0,11.0,0.0,1,High Recency • High Frequency
14013,2011-08-21 15:01:00,110.0,5.0,1084.57,0.4,0.0,56.0,0.1666666666666666,1,High Recency • High Frequency
14014,2011-09-23 13:18:00,77.0,3.0,1948.21,0.3333333333333333,0.0,76.0,0.0,1,High Recency • High Frequency
14015,2011-10-18 10:02:00,53.0,1.0,917.34,0.0,0.0,20.0,0.0,1,High Recency • High Frequency
14016,2011-07-01 11:29:00,162.0,11.0,11403.41,0.0909090909090909,0.0,354.0,0.1538461538461538,3,Diverse Basket • Frequent
14017,2010-05-17 14:52:00,571.0,1.0,229.75,0.0,0.0,14.0,0.0,1,High Recency • High Frequency
14018,2010-03-04 14:23:00,645.0,1.0,367.15,0.0,0.0,13.0,0.0,1,High Recency • High Frequency
14019,2011-10-24 10:13:00,47.0,3.0,1421.61,0.3333333333333333,0.0,37.0,0.25,5,High Returns
14020,2011-11-23 09:22:00,17.0,4.0,1249.01,0.0,0.0,63.0,0.2,5,High Returns
14021,2011-07-07 15:46:00,155.0,7.0,1716.5800000000002,0.0,0.0,84.0,0.0,1,High Recency • High Frequency
14022,2011-04-28 14:39:00,225.0,2.0,792.1500000000001,0.0,0.0,45.0,0.0,1,High Recency • High Frequency
14023,2011-12-02 13:58:00,7.0,2.0,584.0699999999999,0.5,0.0,30.0,0.0,4,Weekend Shoppers
14024,2011-08-10 11:30:00,122.0,3.0,645.74,0.6666666666666666,0.0,33.0,0.0,4,Weekend Shoppers
14025,2010-09-01 10:11:00,465.0,8.0,4057.9,0.0,0.0,60.0,0.2,1,High Recency • High Frequency
14026,2010-08-26 10:31:00,471.0,2.0,713.11,0.0,0.0,43.0,0.0,1,High Recency • High Frequency
14027,2011-10-10 09:01:00,61.0,1.0,104.82,0.0,0.0,6.0,0.0,1,High Recency • High Frequency
14028,2010-06-07 13:33:00,550.0,3.0,10396.5,0.0,0.0,3.0,0.4,5,High Returns
14029,2011-10-07 14:46:00,63.0,2.0,467.66,0.0,0.0,15.0,0.0,1,High Recency • High Frequency
14030,2011-11-21 16:48:00,18.0,20.0,8262.289999999999,0.2,0.0,591.0,0.0909090909090909,3,Diverse Basket • Frequent
14031,2011-12-02 17:13:00,7.0,44.0,40999.17,0.0,0.0,280.0,0.2,3,Diverse Basket • Frequent
14032,2011-12-07 15:23:00,2.0,16.0,4850.27,0.0625,0.0,79.0,0.36,5,High Returns
14033,2010-06-02 15:10:00,555.0,1.0,109.44,0.0,0.0,1.0,0.0,1,High Recency • High Frequency
14034,2011-11-17 14:02:00,22.0,3.0,651.8199999999999,0.0,0.0,82.0,0.25,5,High Returns
14035,2011-11-11 10:03:00,29.0,9.0,2856.72,0.1111111111111111,0.0,70.0,0.1818181818181818,1,High Recency • High Frequency
14036,2011-02-28 09:26:00,285.0,1.0,626.65,0.0,0.0,38.0,0.0,1,High Recency • High Frequency
14037,2011-06-16 13:57:00,176.0,6.0,836.95,0.1666666666666666,0.0,96.0,0.1428571428571428,1,High Recency • High Frequency
14038,2011-09-22 13:37:00,78.0,5.0,3069.88,0.2,0.0,99.0,0.375,5,High Returns
14039,2011-11-06 13:48:00,33.0,2.0,267.28,0.5,0.0,10.0,0.0,4,Weekend Shoppers
14040,2011-10-30 12:42:00,41.0,35.0,12645.57,0.2571428571428571,0.0,335.0,0.1666666666666666,3,Diverse Basket • Frequent
14041,2011-03-18 13:25:00,266.0,1.0,141.41,0.0,0.0,21.0,0.0,1,High Recency • High Frequency
14042,2009-12-14 15:07:00,725.0,1.0,431.98,0.0,0.0,21.0,0.0,1,High Recency • High Frequency
14043,2010-08-05 18:18:00,491.0,2.0,304.25,0.0,0.0,37.0,0.3333333333333333,5,High Returns
14044,2011-11-13 12:05:00,27.0,10.0,3123.1,0.8,0.0,533.0,0.0909090909090909,3,Diverse Basket • Frequent
14045,2011-08-22 15:27:00,109.0,16.0,11313.03,0.0,0.0,16.0,0.1578947368421052,1,High Recency • High Frequency
14046,2011-02-28 14:48:00,284.0,1.0,154.99,0.0,0.0,14.0,0.0,1,High Recency • High Frequency
14047,2011-12-01 11:43:00,9.0,14.0,4255.03,0.0714285714285714,0.0,91.0,0.2631578947368421,5,High Returns
14048,2011-02-07 14:53:00,305.0,3.0,748.69,0.0,0.0,126.0,0.25,5,High Returns
14049,2011-11-23 12:20:00,17.0,13.0,13239.03,0.0,0.0,573.0,0.2777777777777778,3,Diverse Basket • Frequent
14050,2011-11-08 10:00:00,32.0,2.0,746.36,0.0,0.0,49.0,0.0,1,High Recency • High Frequency
14051,2011-12-09 10:20:00,1.0,37.0,22434.0,0.081081081081081,0.0,82.0,0.119047619047619,3,Diverse Basket • Frequent
14052,2011-11-20 12:30:00,20.0,2.0,480.81,1.0,0.0,115.0,0.0,4,Weekend Shoppers
14053,2011-08-07 14:27:00,124.0,4.0,572.3,0.75,0.0,3.0,0.0,4,Weekend Shoppers
14054,2011-10-05 15:49:00,65.0,1.0,92.46,0.0,0.0,6.0,0.0,1,High Recency • High Frequency
14055,2011-08-25 15:04:00,106.0,3.0,1520.96,0.0,0.0,33.0,0.0,1,High Recency • High Frequency
14056,2011-12-08 13:36:00,1.0,23.0,8214.65,0.0,0.0,320.0,0.2068965517241379,3,Diverse Basket • Frequent
14057,2011-11-16 10:32:00,24.0,22.0,8408.84,0.0909090909090909,0.0,244.0,0.0434782608695652,3,Diverse Basket • Frequent
14058,2010-09-03 09:31:00,463.0,2.0,469.19000000000005,0.5,0.0,23.0,0.0,4,Weekend Shoppers
14059,2011-03-18 10:06:00,267.0,1.0,183.6,0.0,0.0,8.0,0.0,1,High Recency • High Frequency
14060,2011-12-05 12:29:00,5.0,30.0,9519.08,0.0666666666666666,0.0,100.0,0.0625,3,Diverse Basket • Frequent
14061,2010-07-20 17:22:00,507.0,3.0,917.43,0.0,0.0,17.0,0.0,1,High Recency • High Frequency
14062,2011-11-30 10:04:00,10.0,24.0,25604.2,0.0,0.0,141.0,0.1111111111111111,3,Diverse Basket • Frequent
14063,2010-09-27 16:18:00,438.0,9.0,22710.2,0.0,0.0,30.0,0.3076923076923077,5,High Returns
14064,2011-11-10 13:14:00,29.0,15.0,3332.42,0.0666666666666666,0.0,131.0,0.2857142857142857,3,Diverse Basket • Frequent
14065,2010-11-15 16:13:00,389.0,3.0,891.02,0.0,0.0,42.0,0.25,5,High Returns
14066,2011-03-18 12:21:00,267.0,1.0,152.55,0.0,0.0,7.0,0.0,1,High Recency • High Frequency
14067,2011-10-07 10:21:00,64.0,2.0,374.7,0.5,0.0,51.0,0.0,4,Weekend Shoppers
14068,2011-01-23 16:02:00,320.0,4.0,1528.37,0.75,0.0,93.0,0.2,4,Weekend Shoppers
14069,2010-07-13 12:12:00,515.0,2.0,230.06,0.0,0.0,37.0,0.0,1,High Recency • High Frequency
14070,2010-01-24 12:27:00,685.0,1.0,326.55,1.0,0.0,40.0,0.0,4,Weekend Shoppers
14071,2011-12-06 12:27:00,4.0,8.0,1438.82,0.375,0.0,271.0,0.1111111111111111,3,Diverse Basket • Frequent
14072,2010-02-11 12:31:00,667.0,1.0,390.85,0.0,0.0,19.0,0.0,1,High Recency • High Frequency
14073,2011-11-07 15:49:00,32.0,1.0,151.04,0.0,0.0,13.0,0.5,5,High Returns
14074,2010-03-26 13:55:00,623.0,1.0,219.4,0.0,0.0,6.0,0.0,1,High Recency • High Frequency
14075,2011-12-05 08:38:00,5.0,6.0,1734.87,0.1666666666666666,0.0,59.0,0.0,1,High Recency • High Frequency
14076,2011-08-02 15:19:00,129.0,1.0,122.47,0.0,0.0,43.0,0.0,1,High Recency • High Frequency
14077,2011-10-30 12:35:00,41.0,6.0,615.0799999999999,0.1666666666666666,0.0,43.0,0.0,1,High Recency • High Frequency
14078,2011-08-30 12:16:00,102.0,9.0,1692.63,0.2222222222222222,0.0,107.0,0.0,1,High Recency • High Frequency
14079,2011-08-07 12:10:00,125.0,2.0,618.73,0.5,0.0,13.0,0.0,4,Weekend Shoppers
14080,2011-11-07 11:09:00,33.0,5.0,1115.68,0.2,0.0,74.0,0.1666666666666666,1,High Recency • High Frequency
14081,2011-02-10 16:17:00,302.0,10.0,5370.1,0.1,0.0,465.0,0.375,3,Diverse Basket • Frequent
14082,2010-12-10 11:02:00,365.0,2.0,413.36,0.0,0.0,48.0,0.0,1,High Recency • High Frequency
14083,2011-12-05 13:14:00,4.0,11.0,1407.26,0.0,0.0,169.0,0.0,3,Diverse Basket • Frequent
14084,2010-07-15 14:36:00,512.0,1.0,150.5,0.0,0.0,7.0,0.0,1,High Recency • High Frequency
14085,2011-12-07 13:46:00,2.0,33.0,10104.97,0.0,0.0,479.0,0.0294117647058823,3,Diverse Basket • Frequent
14086,2010-09-03 10:52:00,463.0,1.0,39.95,0.0,0.0,1.0,0.0,1,High Recency • High Frequency
14087,2011-12-07 12:41:00,3.0,3.0,846.22,0.3333333333333333,0.0,175.0,0.4,5,High Returns
14088,2011-11-29 16:16:00,10.0,16.0,64036.8,0.0625,0.0,436.0,0.2,3,Diverse Basket • Frequent
14089,2011-10-14 10:38:00,57.0,1.0,161.0,0.0,0.0,13.0,0.0,1,High Recency • High Frequency
14090,2011-01-19 10:51:00,325.0,1.0,76.32000000000001,0.0,0.0,1.0,0.0,1,High Recency • High Frequency
14091,2010-02-23 15:17:00,654.0,2.0,9530.08,0.5,0.0,13.0,0.0,4,Weekend Shoppers
14092,2011-12-02 12:13:00,8.0,24.0,7229.450000000001,0.125,0.0,169.0,0.1111111111111111,3,Diverse Basket • Frequent
14093,2011-11-27 16:27:00,12.0,1.0,442.85,1.0,0.0,95.0,0.0,4,Weekend Shoppers
14094,2010-09-26 11:58:00,440.0,1.0,335.22,1.0,0.0,41.0,0.5,4,Weekend Shoppers
14095,2009-12-17 12:49:00,723.0,1.0,2.95,0.0,0.0,1.0,0.0,1,High Recency • High Frequency
14096,2011-12-05 17:17:00,4.0,17.0,65164.79,0.0,0.0,1119.0,0.5,3,Diverse Basket • Frequent
14097,2010-08-15 14:20:00,481.0,2.0,422.86,0.5,0.0,39.0,0.0,4,Weekend Shoppers
14098,2011-11-03 10:13:00,37.0,1.0,147.35,0.0,0.0,21.0,0.0,1,High Recency • High Frequency
14099,2011-11-23 13:53:00,16.0,20.0,5765.71,0.0,0.0,273.0,0.0909090909090909,3,Diverse Basket • Frequent
14100,2011-07-25 11:01:00,138.0,1.0,194.9,0.0,0.0,24.0,0.0,1,High Recency • High Frequency
14101,2011-09-27 12:28:00,74.0,13.0,9961.93,0.2307692307692307,0.0,19.0,0.0714285714285714,1,High Recency • High Frequency
14102,2011-12-04 15:38:00,5.0,5.0,1360.28,0.2,0.0,35.0,0.375,5,High Returns
14104,2011-07-08 12:50:00,155.0,5.0,771.58,0.0,0.0,117.0,0.0,1,High Recency • High Frequency
14105,2011-04-14 17:58:00,239.0,5.0,5988.83,0.2,0.0,200.0,0.4444444444444444,5,High Returns
14106,2009-12-02 14:09:00,737.0,1.0,214.8,0.0,0.0,1.0,0.0,1,High Recency • High Frequency
14107,2011-10-19 12:12:00,52.0,11.0,4877.3,0.1818181818181818,0.0,102.0,0.1538461538461538,3,Diverse Basket • Frequent
14108,2011-11-09 10:41:00,31.0,4.0,1044.96,0.0,0.0,49.0,0.2,5,High Returns
14109,2011-09-28 10:18:00,73.0,1.0,144.2,0.0,0.0,9.0,0.5,5,High Returns
14110,2011-12-06 12:26:00,4.0,33.0,12987.95,0.0909090909090909,0.0,177.0,0.0571428571428571,3,Diverse Basket • Frequent
14111,2011-11-25 13:44:00,14.0,4.0,692.85,0.0,0.0,10.0,0.2,5,High Returns
14112,2011-11-17 12:30:00,23.0,13.0,5834.59,0.1538461538461538,0.0,199.0,0.5185185185185185,5,High Returns
14113,2011-12-06 12:18:00,4.0,16.0,7092.610000000001,0.0,0.0,76.0,0.4838709677419355,5,High Returns
14114,2011-03-11 09:42:00,274.0,7.0,1364.09,0.1428571428571428,0.0,72.0,0.0,1,High Recency • High Frequency
14115,2010-07-26 12:36:00,502.0,2.0,622.6700000000001,0.0,0.0,22.0,0.0,1,High Recency • High Frequency
14116,2011-11-20 10:29:00,20.0,5.0,1382.74,0.2,0.0,61.0,0.0,1,High Recency • High Frequency
14117,2011-07-19 09:49:00,144.0,1.0,90.0,0.0,0.0,3.0,0.0,1,High Recency • High Frequency
14118,2010-10-07 11:59:00,429.0,1.0,458.45,0.0,0.0,15.0,0.0,1,High Recency • High Frequency
14119,2010-11-29 10:33:00,376.0,2.0,183.37,0.0,0.0,11.0,0.3333333333333333,5,High Returns
14121,2011-12-06 12:19:00,4.0,4.0,2780.15,0.0,0.0,148.0,0.3333333333333333,5,High Returns
14122,2010-10-29 15:11:00,406.0,3.0,362.42,0.0,0.0,12.0,0.4,5,High Returns
14123,2009-12-06 15:35:00,733.0,1.0,436.18,1.0,0.0,24.0,0.0,4,Weekend Shoppers
14124,2011-09-16 13:32:00,84.0,1.0,419.58,0.0,0.0,4.0,0.0,1,High Recency • High Frequency
14125,2011-11-29 12:47:00,11.0,3.0,2740.43,0.0,0.0,159.0,0.0,1,High Recency • High Frequency
14126,2011-12-02 11:45:00,8.0,4.0,1172.46,0.0,0.0,37.0,0.2,5,High Returns
14127,2011-08-09 10:49:00,123.0,6.0,1900.08,0.3333333333333333,0.0,96.0,0.0,1,High Recency • High Frequency
14128,2011-10-10 12:00:00,61.0,3.0,924.21,0.3333333333333333,0.0,50.0,0.25,5,High Returns
14129,2011-12-08 11:02:00,2.0,9.0,2591.34,0.1111111111111111,0.0,40.0,0.0,1,High Recency • High Frequency
14130,2011-01-24 16:05:00,319.0,4.0,1882.67,0.0,0.0,189.0,0.0,1,High Recency • High Frequency
14131,2010-03-01 11:59:00,649.0,1.0,187.87,0.0,0.0,45.0,0.0,1,High Recency • High Frequency
14132,2011-12-07 13:35:00,2.0,11.0,3586.03,0.0,0.0,100.0,0.0833333333333333,1,High Recency • High Frequency
14133,2011-08-02 11:34:00,130.0,4.0,911.14,0.25,0.0,33.0,0.3333333333333333,5,High Returns
14134,2010-11-22 12:26:00,383.0,15.0,11123.35,0.0666666666666666,0.0,130.0,0.0,1,High Recency • High Frequency
14135,2011-12-08 11:38:00,2.0,24.0,9643.92,0.125,0.0,138.0,0.04,3,Diverse Basket • Frequent
14136,2010-11-04 11:53:00,401.0,5.0,1570.8100000000002,0.0,0.0,86.0,0.2857142857142857,5,High Returns
14137,2010-01-13 12:30:00,696.0,1.0,332.7,0.0,0.0,11.0,0.5,5,High Returns
14138,2011-12-08 12:44:00,2.0,2.0,982.38,0.0,0.0,40.0,0.0,1,High Recency • High Frequency
14139,2011-10-24 13:34:00,46.0,4.0,1086.8,0.0,0.0,48.0,0.0,1,High Recency • High Frequency
14140,2011-12-06 09:05:00,4.0,2.0,935.05,0.0,0.0,60.0,0.3333333333333333,5,High Returns
14141,2011-12-07 09:53:00,3.0,4.0,915.13,0.0,0.0,27.0,0.3333333333333333,5,High Returns
14142,2010-12-01 16:33:00,373.0,2.0,983.15,0.0,0.0,42.0,0.5,5,High Returns
14143,2011-07-29 09:48:00,134.0,1.0,115.8,0.0,0.0,7.0,0.0,1,High Recency • High Frequency
14144,2010-08-10 15:17:00,486.0,1.0,30.6,0.0,0.0,1.0,0.0,1,High Recency • High Frequency
14145,2011-10-24 12:10:00,47.0,7.0,7600.049999999999,0.1428571428571428,0.0,11.0,0.125,1,High Recency • High Frequency
14146,2011-12-01 10:18:00,9.0,12.0,9450.3,0.0833333333333333,0.0,337.0,0.0769230769230769,3,Diverse Basket • Frequent
14147,2011-09-22 18:10:00,78.0,9.0,2590.2000000000003,0.1111111111111111,0.0,24.0,0.25,5,High Returns
14148,2011-04-20 12:02:00,234.0,2.0,466.29,0.0,0.0,15.0,0.0,1,High Recency • High Frequency
14149,2011-05-03 09:44:00,221.0,1.0,446.62,0.0,0.0,28.0,0.6666666666666666,5,High Returns
14150,2011-11-04 10:05:00,36.0,2.0,658.6400000000001,0.0,0.0,23.0,0.0,1,High Recency • High Frequency
14151,2010-02-04 15:35:00,673.0,2.0,679.45,0.0,0.0,44.0,0.3333333333333333,5,High Returns
14152,2011-09-25 12:54:00,75.0,7.0,1997.34,0.1428571428571428,0.0,104.0,0.2222222222222222,5,High Returns
14153,2010-08-13 14:35:00,483.0,1.0,233.4,0.0,0.0,17.0,0.0,1,High Recency • High Frequency
14154,2011-04-14 16:26:00,239.0,8.0,6460.7,0.0,0.0,236.0,0.2,3,Diverse Basket • Frequent
14155,2011-03-18 14:13:00,266.0,1.0,118.75,0.0,0.0,6.0,0.0,1,High Recency • High Frequency
14156,2011-11-30 10:54:00,10.0,156.0,313946.37,0.0833333333333333,0.0,1446.0,0.2277227722772277,2,High Spend • Frequent
14157,2011-11-20 11:32:00,20.0,5.0,1002.78,0.4,0.0,75.0,0.1666666666666666,1,High Recency • High Frequency
14158,2011-10-30 15:08:00,40.0,1.0,507.66,1.0,0.0,41.0,0.0,4,Weekend Shoppers
14159,2011-11-20 12:36:00,20.0,20.0,7938.01,0.2,0.0,706.0,0.2,3,Diverse Basket • Frequent
14160,2010-04-08 14:30:00,610.0,7.0,8421.470000000001,0.1428571428571428,0.0,80.0,0.0,1,High Recency • High Frequency
14161,2011-05-08 11:41:00,216.0,7.0,3318.88,1.0,0.0,202.0,0.0,4,Weekend Shoppers
14162,2011-06-19 11:36:00,174.0,2.0,289.36,1.0,0.0,25.0,0.0,4,Weekend Shoppers
14163,2011-09-13 15:18:00,87.0,5.0,2594.62,0.2,0.0,42.0,0.0,1,High Recency • High Frequency
14164,2011-09-30 12:24:00,71.0,2.0,1631.77,0.0,0.0,28.0,0.0,1,High Recency • High Frequency
14165,2011-03-09 12:39:00,276.0,1.0,122.54,0.0,0.0,23.0,0.0,1,High Recency • High Frequency
14166,2010-07-22 19:42:00,505.0,2.0,256.85,0.0,0.0,39.0,0.0,1,High Recency • High Frequency
14167,2011-10-31 14:29:00,39.0,8.0,1296.49,0.0,0.0,48.0,0.0,1,High Recency • High Frequency
14168,2010-10-15 10:49:00,421.0,2.0,370.45,0.0,0.0,11.0,0.3333333333333333,5,High Returns
14169,2010-10-05 08:45:00,431.0,2.0,624.4300000000001,0.0,0.0,50.0,0.0,1,High Recency • High Frequency
14170,2010-11-29 13:10:00,375.0,3.0,597.33,0.0,0.0,123.0,0.0,1,High Recency • High Frequency
14171,2011-09-02 16:43:00,98.0,2.0,498.79,0.0,0.0,61.0,0.0,1,High Recency • High Frequency
14172,2010-04-13 13:26:00,605.0,3.0,402.72,0.3333333333333333,0.0,38.0,0.25,5,High Returns
14173,2011-11-29 11:54:00,11.0,6.0,586.0,0.0,0.0,30.0,0.1428571428571428,1,High Recency • High Frequency
14174,2011-11-06 13:17:00,33.0,1.0,134.46,1.0,0.0,26.0,0.0,4,Weekend Shoppers
14175,2011-10-11 11:55:00,60.0,8.0,7678.88,0.125,0.0,237.0,0.5294117647058824,5,High Returns
14176,2011-02-15 13:12:00,297.0,5.0,916.01,0.0,0.0,33.0,0.1666666666666666,1,High Recency • High Frequency
14177,2011-09-14 15:11:00,86.0,13.0,2229.34,0.0769230769230769,0.0,141.0,0.0714285714285714,3,Diverse Basket • Frequent
14178,2011-12-01 12:01:00,9.0,7.0,1620.93,0.1428571428571428,0.0,191.0,0.0,3,Diverse Basket • Frequent
14179,2011-10-30 12:07:00,41.0,2.0,719.7800000000001,0.5,0.0,135.0,0.0,4,Weekend Shoppers
14180,2011-11-29 10:56:00,11.0,33.0,6319.25,0.0606060606060606,0.0,125.0,0.2142857142857142,3,Diverse Basket • Frequent
14181,2010-10-25 08:27:00,411.0,2.0,310.55,0.0,0.0,48.0,0.0,1,High Recency • High Frequency
14182,2010-09-22 11:45:00,444.0,4.0,678.77,0.0,0.0,42.0,0.2,1,High Recency • High Frequency
14183,2010-10-24 14:45:00,411.0,2.0,286.29,1.0,0.0,27.0,0.0,4,Weekend Shoppers
14184,2011-10-04 12:43:00,67.0,1.0,452.89,0.0,0.0,24.0,0.0,1,High Recency • High Frequency
14185,2011-01-12 13:52:00,331.0,1.0,197.65,0.0,0.0,3.0,0.0,1,High Recency • High Frequency
14186,2010-10-08 13:30:00,427.0,5.0,1550.63,0.0,0.0,75.0,0.0,1,High Recency • High Frequency
14187,2010-08-23 12:06:00,474.0,1.0,123.5,0.0,0.0,8.0,0.0,1,High Recency • High Frequency
14188,2011-11-09 12:45:00,31.0,6.0,2054.36,0.0,0.0,34.0,0.4,5,High Returns
14189,2011-12-07 15:55:00,2.0,16.0,5814.39,0.0625,0.0,199.0,0.36,3,Diverse Basket • Frequent
14190,2010-02-11 14:27:00,666.0,1.0,79.9,0.0,0.0,1.0,0.0,1,High Recency • High Frequency
14191,2011-12-08 09:23:00,2.0,15.0,4817.66,0.0,0.0,147.0,0.1176470588235294,3,Diverse Basket • Frequent
14192,2010-11-16 17:44:00,388.0,1.0,293.74,0.0,0.0,14.0,0.0,1,High Recency • High Frequency
14193,2011-10-03 09:34:00,68.0,3.0,1210.19,0.0,0.0,49.0,0.0,1,High Recency • High Frequency
14194,2011-12-05 10:38:00,5.0,36.0,18670.59,0.1111111111111111,0.0,432.0,0.3333333333333333,3,Diverse Basket • Frequent
14195,2011-05-22 10:29:00,202.0,6.0,2615.6,0.3333333333333333,0.0,10.0,0.4,5,High Returns
14196,2011-08-25 10:25:00,107.0,1.0,335.52,0.0,0.0,6.0,0.0,1,High Recency • High Frequency
14197,2010-10-25 10:01:00,411.0,1.0,390.05,0.0,0.0,20.0,0.0,1,High Recency • High Frequency
14198,2011-11-21 16:35:00,18.0,9.0,1569.73,0.1111111111111111,0.0,58.0,0.3076923076923077,5,High Returns
14199,2011-05-05 13:44:00,218.0,4.0,1091.6999999999998,0.25,0.0,15.0,0.3333333333333333,5,High Returns
14200,2010-04-01 13:01:00,617.0,1.0,379.2,0.0,0.0,21.0,0.0,1,High Recency • High Frequency
14201,2011-10-10 13:27:00,60.0,10.0,1193.54,0.1,0.0,47.0,0.1666666666666666,1,High Recency • High Frequency
14202,2010-11-23 17:13:00,381.0,3.0,847.76,0.0,0.0,27.0,0.0,1,High Recency • High Frequency
14203,2010-11-07 13:35:00,397.0,1.0,339.34,1.0,0.0,16.0,0.0,4,Weekend Shoppers
14204,2011-12-07 13:38:00,2.0,4.0,1062.96,0.0,0.0,186.0,0.0,1,High Recency • High Frequency
14205,2011-11-23 10:55:00,17.0,9.0,2414.2,0.3333333333333333,0.0,79.0,0.25,5,High Returns
14206,2011-04-14 16:38:00,239.0,3.0,1185.0099999999998,0.0,0.0,62.0,0.4,5,High Returns
14207,2010-01-21 09:33:00,688.0,1.0,157.8,0.0,0.0,2.0,0.0,1,High Recency • High Frequency
14208,2011-09-06 12:48:00,95.0,2.0,567.05,0.5,0.0,34.0,0.0,4,Weekend Shoppers
14209,2011-11-29 10:18:00,11.0,15.0,4993.27,0.0666666666666666,0.0,133.0,0.2105263157894736,3,Diverse Basket • Frequent
14210,2011-08-26 12:36:00,106.0,16.0,5861.52,0.0625,0.0,143.0,0.238095238095238,3,Diverse Basket • Frequent
14211,2011-10-17 13:23:00,53.0,18.0,4402.29,0.1666666666666666,0.0,155.0,0.3076923076923077,3,Diverse Basket • Frequent
14212,2011-09-11 12:45:00,90.0,2.0,2190.14,0.5,0.0,18.0,0.0,4,Weekend Shoppers
14213,2010-10-31 10:37:00,405.0,1.0,1192.2,1.0,0.0,5.0,0.5,4,Weekend Shoppers
14214,2011-11-09 10:31:00,31.0,5.0,1004.38,0.0,0.0,64.0,0.2857142857142857,5,High Returns
14215,2011-11-28 12:19:00,12.0,9.0,3416.33,0.0,0.0,167.0,0.1,3,Diverse Basket • Frequent
14216,2011-12-06 14:56:00,3.0,5.0,2150.04,0.0,0.0,65.0,0.1666666666666666,1,High Recency • High Frequency
14217,2011-12-08 11:53:00,2.0,23.0,3416.89,0.1304347826086956,0.0,122.0,0.303030303030303,3,Diverse Basket • Frequent
14218,2011-10-28 10:00:00,43.0,1.0,169.48000000000002,0.0,0.0,12.0,0.0,1,High Recency • High Frequency
14219,2011-12-05 16:23:00,4.0,3.0,633.8299999999999,0.0,0.0,39.0,0.0,1,High Recency • High Frequency
14220,2011-04-06 13:23:00,247.0,4.0,1515.0,0.0,0.0,26.0,0.0,1,High Recency • High Frequency
14221,2011-10-28 13:42:00,42.0,17.0,6517.49,0.1176470588235294,0.0,166.0,0.1052631578947368,3,Diverse Basket • Frequent
14222,2011-06-15 16:42:00,177.0,1.0,683.17,0.0,0.0,41.0,0.0,1,High Recency • High Frequency
14223,2011-09-08 13:38:00,92.0,3.0,991.13,0.3333333333333333,0.0,50.0,0.25,5,High Returns
14224,2011-08-21 13:24:00,110.0,9.0,1897.9,0.6666666666666666,0.0,189.0,0.0,4,Weekend Shoppers
14225,2010-10-01 10:32:00,435.0,4.0,2037.02,0.0,0.0,70.0,0.2,1,High Recency • High Frequency
14226,2011-11-11 11:34:00,29.0,6.0,3002.53,0.0,0.0,89.0,0.3333333333333333,5,High Returns
14227,2011-11-13 15:48:00,26.0,15.0,6368.71,0.0666666666666666,0.0,246.0,0.3181818181818182,3,Diverse Basket • Frequent
14228,2010-09-28 09:45:00,438.0,3.0,745.5,0.0,0.0,38.0,0.0,1,High Recency • High Frequency
14229,2011-10-19 10:04:00,52.0,7.0,2594.04,0.0,0.0,41.0,0.3636363636363636,5,High Returns
14230,2010-09-30 09:07:00,436.0,3.0,979.8,0.0,0.0,27.0,0.0,1,High Recency • High Frequency
14231,2011-06-09 11:05:00,184.0,4.0,1235.62,0.0,0.0,66.0,0.3333333333333333,5,High Returns
14232,2011-10-28 11:09:00,43.0,5.0,2048.07,0.2,0.0,81.0,0.375,5,High Returns
14233,2011-10-21 15:54:00,49.0,7.0,2904.27,0.0,0.0,42.0,0.3,5,High Returns
14234,2011-11-17 17:53:00,22.0,4.0,775.4599999999999,0.0,0.0,122.0,0.0,1,High Recency • High Frequency
14235,2011-09-25 14:37:00,75.0,9.0,4717.990000000001,0.1111111111111111,0.0,107.0,0.1,1,High Recency • High Frequency
14236,2011-09-20 09:13:00,81.0,5.0,1744.64,0.0,0.0,39.0,0.2857142857142857,5,High Returns
14237,2010-12-01 13:20:00,373.0,2.0,632.14,0.0,0.0,26.0,0.3333333333333333,5,High Returns
14238,2011-01-17 14:40:00,326.0,3.0,434.23,0.3333333333333333,0.0,13.0,0.0,1,High Recency • High Frequency
14239,2011-10-27 14:40:00,43.0,21.0,4263.17,0.0952380952380952,0.0,97.0,0.125,3,Diverse Basket • Frequent
14240,2011-11-09 13:45:00,30.0,3.0,1247.49,0.0,0.0,46.0,0.0,1,High Recency • High Frequency
14241,2011-06-09 11:46:00,184.0,2.0,333.70000000000005,0.0,0.0,12.0,0.0,1,High Recency • High Frequency
14242,2011-04-19 11:46:00,235.0,2.0,280.54999999999995,0.0,0.0,13.0,0.0,1,High Recency • High Frequency
14243,2011-12-01 11:12:00,9.0,17.0,7431.05,0.1176470588235294,0.0,235.0,0.2608695652173913,3,Diverse Basket • Frequent
14244,2010-02-17 11:40:00,661.0,1.0,366.42,0.0,0.0,16.0,0.5,5,High Returns
14245,2011-05-04 08:40:00,220.0,2.0,1693.45,0.0,0.0,107.0,0.6,5,High Returns
14246,2011-08-21 11:50:00,111.0,3.0,1474.06,0.3333333333333333,0.0,57.0,0.0,1,High Recency • High Frequency
14247,2011-03-06 15:21:00,278.0,5.0,772.66,1.0,0.0,82.0,0.1666666666666666,4,Weekend Shoppers
14248,2011-01-25 14:45:00,318.0,3.0,1032.95,0.0,0.0,41.0,0.0,1,High Recency • High Frequency
14249,2010-10-25 12:34:00,411.0,12.0,5625.461,0.3333333333333333,0.0,178.0,0.0,1,High Recency • High Frequency
14250,2011-12-02 14:30:00,7.0,3.0,1904.05,0.3333333333333333,0.0,94.0,0.0,1,High Recency • High Frequency
14251,2011-12-08 08:32:00,2.0,5.0,2879.7,0.0,0.0,37.0,0.0,1,High Recency • High Frequency
14252,2010-11-23 13:36:00,381.0,1.0,350.99,0.0,0.0,10.0,0.0,1,High Recency • High Frequency
14253,2010-08-03 14:55:00,493.0,2.0,363.4,0.0,0.0,11.0,0.0,1,High Recency • High Frequency
14254,2010-10-03 11:52:00,433.0,1.0,601.03,1.0,0.0,23.0,0.0,4,Weekend Shoppers
14255,2010-06-11 15:54:00,546.0,1.0,1000.63,0.0,0.0,1.0,0.75,5,High Returns
14256,2011-03-24 13:17:00,260.0,5.0,2473.99,0.0,0.0,100.0,0.4444444444444444,5,High Returns
14257,2011-10-06 16:54:00,64.0,9.0,5954.45,0.1111111111111111,0.0,167.0,0.1,3,Diverse Basket • Frequent
14258,2011-11-30 15:27:00,9.0,25.0,32051.34,0.08,0.0,97.0,0.21875,3,Diverse Basket • Frequent
14259,2011-07-21 10:44:00,142.0,1.0,120.0,0.0,0.0,5.0,0.0,1,High Recency • High Frequency
14260,2010-08-25 14:55:00,471.0,3.0,824.28,0.0,0.0,50.0,0.0,1,High Recency • High Frequency
14261,2011-10-20 10:04:00,51.0,2.0,1163.45,0.0,0.0,52.0,0.0,1,High Recency • High Frequency
14262,2011-12-01 14:17:00,8.0,8.0,2618.23,0.0,0.0,87.0,0.0,1,High Recency • High Frequency
14263,2010-10-12 14:09:00,423.0,1.0,322.93,0.0,0.0,16.0,0.0,1,High Recency • High Frequency
14264,2011-07-08 10:20:00,155.0,6.0,1517.36,0.3333333333333333,0.0,59.0,0.25,5,High Returns
14265,2011-08-22 13:32:00,109.0,4.0,1373.35,0.0,0.0,74.0,0.0,1,High Recency • High Frequency
14266,2010-10-07 13:32:00,428.0,1.0,40.56,0.0,0.0,1.0,0.0,1,High Recency • High Frequency
14267,2011-06-30 10:09:00,163.0,3.0,1516.24,0.0,0.0,25.0,0.6666666666666666,5,High Returns
14268,2010-08-26 10:45:00,471.0,1.0,354.85,0.0,0.0,19.0,0.0,1,High Recency • High Frequency
14269,2010-09-26 12:53:00,439.0,1.0,295.73,1.0,0.0,16.0,0.5,4,Weekend Shoppers
14270,2011-01-12 09:33:00,332.0,1.0,492.65,0.0,0.0,29.0,0.0,1,High Recency • High Frequency
14271,2011-04-28 12:47:00,226.0,2.0,219.13,0.0,0.0,38.0,0.0,1,High Recency • High Frequency
14272,2011-09-27 10:08:00,74.0,4.0,920.81,0.0,0.0,62.0,0.0,1,High Recency • High Frequency
14273,2011-10-19 13:20:00,51.0,4.0,559.97,0.0,0.0,22.0,0.0,1,High Recency • High Frequency
14274,2010-01-22 12:51:00,686.0,1.0,256.6,0.0,0.0,15.0,0.0,1,High Recency • High Frequency
14275,2010-11-09 09:06:00,396.0,6.0,1189.38,0.3333333333333333,0.0,14.0,0.0,1,High Recency • High Frequency
14276,2011-09-02 09:45:00,99.0,7.0,2102.68,0.1428571428571428,0.0,75.0,0.4615384615384615,5,High Returns
14277,2011-11-24 15:01:00,15.0,9.0,17225.809999999998,0.3333333333333333,0.0,334.0,0.3571428571428571,3,Diverse Basket • Frequent
14278,2010-10-26 12:07:00,410.0,1.0,205.83,0.0,0.0,13.0,0.0,1,High Recency • High Frequency
14279,2010-07-07 08:42:00,521.0,2.0,191.86,0.0,0.0,3.0,0.0,1,High Recency • High Frequency
14280,2011-05-27 10:37:00,197.0,1.0,134.04,0.0,0.0,8.0,0.0,1,High Recency • High Frequency
14281,2010-10-27 14:45:00,408.0,1.0,245.15,0.0,0.0,7.0,0.0,1,High Recency • High Frequency
14282,2011-12-06 17:04:00,3.0,25.0,7849.66,0.08,0.0,100.0,0.0384615384615384,3,Diverse Basket • Frequent
14283,2010-09-02 14:46:00,463.0,4.0,628.44,0.0,0.0,36.0,0.0,1,High Recency • High Frequency
14284,2011-11-09 08:11:00,31.0,3.0,1299.65,0.0,0.0,59.0,0.25,5,High Returns
14285,2011-11-18 14:50:00,21.0,8.0,3284.42,0.125,0.0,48.0,0.1111111111111111,1,High Recency • High Frequency
14286,2011-11-16 10:34:00,24.0,7.0,8479.76,0.1428571428571428,0.0,270.0,0.4166666666666667,3,Diverse Basket • Frequent
14287,2011-12-01 13:25:00,8.0,3.0,176.63,0.0,0.0,9.0,0.25,5,High Returns
14288,2011-05-10 13:22:00,213.0,1.0,426.6,0.0,0.0,16.0,0.5,5,High Returns
14289,2011-12-01 11:44:00,9.0,6.0,911.26,0.0,0.0,33.0,0.0,1,High Recency • High Frequency
14290,2011-11-28 14:02:00,11.0,8.0,4516.56,0.0,0.0,120.0,0.4285714285714285,5,High Returns
14291,2011-12-08 10:26:00,2.0,23.0,7904.1,0.0434782608695652,0.0,241.0,0.08,3,Diverse Basket • Frequent
14292,2011-12-02 11:50:00,8.0,16.0,9226.25,0.25,0.0,120.0,0.4074074074074074,5,High Returns
14293,2011-12-06 15:17:00,3.0,9.0,3267.9300000000003,0.2222222222222222,0.0,88.0,0.1,1,High Recency • High Frequency
14294,2010-10-28 16:25:00,407.0,1.0,375.34,0.0,0.0,23.0,0.0,1,High Recency • High Frequency
14295,2011-10-30 15:50:00,40.0,5.0,2362.91,0.2,0.0,66.0,0.375,5,High Returns
14296,2010-10-14 14:14:00,421.0,2.0,456.4,0.0,0.0,27.0,0.3333333333333333,5,High Returns
14297,2011-11-22 09:06:00,18.0,4.0,1305.33,0.0,0.0,48.0,0.3333333333333333,5,High Returns
14298,2011-12-01 13:12:00,8.0,82.0,91194.49,0.0,0.0,1370.0,0.0238095238095238,2,High Spend • Frequent
14299,2011-12-01 16:05:00,8.0,27.0,14499.49,0.1111111111111111,0.0,164.0,0.3414634146341463,3,Diverse Basket • Frequent
14300,2011-11-21 08:57:00,19.0,1.0,43.2,0.0,0.0,3.0,0.0,1,High Recency • High Frequency
14301,2011-08-14 15:33:00,117.0,4.0,1992.18,0.5,0.0,37.0,0.4285714285714285,5,High Returns
14302,2010-10-05 08:10:00,431.0,3.0,742.9000000000001,0.0,0.0,25.0,0.0,1,High Recency • High Frequency
14303,2010-10-28 15:37:00,407.0,2.0,277.94,0.0,0.0,21.0,0.0,1,High Recency • High Frequency
14304,2011-05-01 11:50:00,223.0,3.0,1725.01,0.3333333333333333,0.0,69.0,0.4,5,High Returns
14305,2011-09-29 15:29:00,71.0,3.0,1858.96,0.0,0.0,96.0,0.4,5,High Returns
14306,2011-10-19 13:23:00,51.0,6.0,3151.4,0.1666666666666666,0.0,43.0,0.1428571428571428,1,High Recency • High Frequency
14307,2011-09-12 09:38:00,89.0,10.0,5071.03,0.0,0.0,205.0,0.0909090909090909,3,Diverse Basket • Frequent
14308,2010-06-08 16:48:00,549.0,2.0,1147.02,0.0,0.0,1.0,0.6,5,High Returns
14309,2011-12-01 13:33:00,8.0,11.0,3780.81,0.0,0.0,125.0,0.0833333333333333,3,Diverse Basket • Frequent
14310,2010-10-03 12:34:00,433.0,1.0,492.1,1.0,0.0,22.0,0.0,4,Weekend Shoppers
14311,2011-04-11 10:14:00,243.0,2.0,516.45,0.0,0.0,31.0,0.3333333333333333,5,High Returns
14312,2011-10-24 09:46:00,47.0,11.0,3090.29,0.0,0.0,148.0,0.0,1,High Recency • High Frequency
14314,2011-08-25 10:39:00,107.0,2.0,229.8,0.0,0.0,10.0,0.3333333333333333,5,High Returns
14315,2011-10-26 12:06:00,45.0,8.0,3197.82,0.0,0.0,83.0,0.2,5,High Returns
14316,2010-10-13 16:31:00,422.0,5.0,1370.34,0.0,0.0,21.0,0.1666666666666666,1,High Recency • High Frequency
14317,2011-10-06 10:44:00,65.0,1.0,508.58,0.0,0.0,24.0,0.0,1,High Recency • High Frequency
14318,2010-09-05 15:32:00,460.0,1.0,158.02,1.0,0.0,9.0,0.0,4,Weekend Shoppers
14319,2010-10-11 13:38:00,424.0,1.0,494.85,0.0,0.0,26.0,0.5,5,High Returns
14320,2011-05-17 09:24:00,207.0,5.0,1346.75,0.0,0.0,68.0,0.2857142857142857,5,High Returns
14321,2011-11-29 09:47:00,11.0,7.0,2218.06,0.0,0.0,162.0,0.125,3,Diverse Basket • Frequent
14322,2010-10-06 15:17:00,429.0,4.0,474.1,0.0,0.0,10.0,0.3333333333333333,5,High Returns
14323,2011-08-17 11:37:00,115.0,2.0,605.06,0.0,0.0,32.0,0.5,5,High Returns
14324,2010-10-26 11:44:00,410.0,2.0,701.61,0.0,0.0,41.0,0.0,1,High Recency • High Frequency
14325,2010-05-19 09:20:00,570.0,1.0,245.48,0.0,0.0,18.0,0.0,1,High Recency • High Frequency
14326,2011-04-11 15:04:00,242.0,3.0,940.98,0.0,0.0,54.0,0.25,5,High Returns
14327,2011-06-29 13:58:00,163.0,6.0,1894.93,0.0,0.0,99.0,0.0,1,High Recency • High Frequency
14328,2010-09-27 16:01:00,438.0,1.0,445.05,0.0,0.0,1.0,0.6666666666666666,5,High Returns
14329,2011-11-22 15:50:00,17.0,15.0,9927.22,0.0,0.0,349.0,0.4642857142857143,3,Diverse Basket • Frequent
14330,2010-03-26 09:10:00,624.0,1.0,200.63,0.0,0.0,13.0,0.0,1,High Recency • High Frequency
14331,2011-08-07 13:17:00,124.0,2.0,462.66,0.5,0.0,27.0,0.0,4,Weekend Shoppers
14332,2011-11-17 11:54:00,23.0,5.0,1943.51,0.0,0.0,47.0,0.0,1,High Recency • High Frequency
14333,2011-10-03 10:38:00,68.0,1.0,415.2,0.0,0.0,15.0,0.5,5,High Returns
14334,2011-11-23 10:01:00,17.0,12.0,4318.48,0.0833333333333333,0.0,148.0,0.1428571428571428,3,Diverse Basket • Frequent
14335,2011-11-23 13:41:00,16.0,2.0,468.26,0.5,0.0,55.0,0.0,4,Weekend Shoppers
14336,2011-11-23 11:40:00,17.0,4.0,1614.91,0.0,0.0,77.0,0.0,1,High Recency • High Frequency
14338,2011-07-01 14:08:00,161.0,3.0,928.1,0.0,0.0,43.0,0.4,5,High Returns
14339,2011-04-11 11:06:00,243.0,2.0,620.27,0.0,0.0,21.0,0.6,5,High Returns
14340,2011-05-05 09:44:00,219.0,1.0,134.7,0.0,0.0,6.0,0.0,1,High Recency • High Frequency
14341,2011-10-25 15:48:00,45.0,18.0,4467.32,0.2777777777777778,0.0,185.0,0.1,3,Diverse Basket • Frequent
14342,2011-11-18 13:21:00,21.0,6.0,918.44,0.1666666666666666,0.0,27.0,0.3333333333333333,5,High Returns
14343,2010-10-14 13:05:00,421.0,4.0,1088.91,0.25,0.0,193.0,0.0,1,High Recency • High Frequency
14344,2011-08-04 13:51:00,127.0,20.0,3333.7000000000003,0.0,0.0,140.0,0.0,3,Diverse Basket • Frequent
14345,2011-11-01 09:51:00,39.0,1.0,108.98,0.0,0.0,6.0,0.0,1,High Recency • High Frequency
14346,2011-08-11 09:47:00,121.0,5.0,2315.75,0.4,0.0,123.0,0.0,1,High Recency • High Frequency
14347,2009-12-03 10:49:00,737.0,1.0,82.6,0.0,0.0,6.0,0.0,1,High Recency • High Frequency
14348,2011-03-24 16:23:00,260.0,1.0,409.57,0.0,0.0,18.0,0.0,1,High Recency • High Frequency
14349,2011-11-29 15:39:00,10.0,1.0,133.5,0.0,0.0,31.0,0.0,1,High Recency • High Frequency
14350,2011-03-10 14:14:00,274.0,3.0,972.03,0.0,0.0,55.0,0.25,5,High Returns
14351,2011-06-28 11:56:00,165.0,1.0,51.0,0.0,0.0,1.0,0.0,1,High Recency • High Frequency
14352,2011-07-05 15:41:00,157.0,4.0,1078.96,0.0,0.0,44.0,0.0,1,High Recency • High Frequency
14353,2011-05-08 16:06:00,215.0,3.0,376.5,0.3333333333333333,0.0,18.0,0.0,1,High Recency • High Frequency
14354,2011-12-04 11:32:00,6.0,2.0,163.62,0.5,0.0,9.0,0.0,4,Weekend Shoppers
14355,2010-12-09 12:16:00,366.0,3.0,1014.45,0.0,0.0,57.0,0.0,1,High Recency • High Frequency
14356,2011-09-21 09:18:00,80.0,2.0,701.23,0.0,0.0,33.0,0.5,5,High Returns
14357,2011-10-27 16:23:00,43.0,1.0,225.77,0.0,0.0,39.0,0.0,1,High Recency • High Frequency
14358,2010-11-15 15:51:00,389.0,2.0,400.06,0.0,0.0,21.0,0.3333333333333333,5,High Returns
14359,2011-11-20 13:17:00,19.0,3.0,912.18,0.3333333333333333,0.0,44.0,0.5,5,High Returns
14360,2011-11-08 09:12:00,32.0,4.0,2128.23,0.0,0.0,104.0,0.0,1,High Recency • High Frequency
14361,2010-05-10 12:29:00,579.0,1.0,214.71,0.0,0.0,14.0,0.0,1,High Recency • High Frequency
14362,2011-11-17 15:08:00,22.0,1.0,161.2,0.0,0.0,37.0,0.0,1,High Recency • High Frequency
14363,2010-11-02 17:01:00,402.0,2.0,227.47,0.0,0.0,8.0,0.0,1,High Recency • High Frequency
14364,2011-08-23 11:01:00,109.0,8.0,3717.35,0.25,0.0,61.0,0.0,1,High Recency • High Frequency
14365,2010-11-10 09:52:00,395.0,2.0,634.6800000000001,0.0,0.0,50.0,0.0,1,High Recency • High Frequency
14366,2010-07-02 17:23:00,525.0,1.0,136.0,0.0,0.0,1.0,0.0,1,High Recency • High Frequency
14367,2011-12-01 13:19:00,8.0,16.0,9261.52,0.0625,0.0,270.0,0.1578947368421052,3,Diverse Basket • Frequent
14368,2011-01-24 09:52:00,320.0,1.0,155.0,0.0,0.0,8.0,0.0,1,High Recency • High Frequency
14369,2010-03-07 15:47:00,642.0,2.0,469.13,0.5,0.0,24.0,0.0,4,Weekend Shoppers
14370,2010-09-15 10:53:00,451.0,6.0,1175.78,0.1666666666666666,0.0,37.0,0.3333333333333333,5,High Returns
14371,2011-02-17 16:35:00,295.0,1.0,100.5,0.0,0.0,4.0,0.0,1,High Recency • High Frequency
14372,2010-09-22 16:17:00,443.0,2.0,860.08,0.0,0.0,36.0,0.3333333333333333,5,High Returns
14373,2010-12-16 15:40:00,358.0,1.0,76.55,0.0,0.0,4.0,0.0,1,High Recency • High Frequency
14374,2010-06-16 14:25:00,541.0,1.0,108.0,0.0,0.0,7.0,0.0,1,High Recency • High Frequency
14375,2011-06-07 13:44:00,185.0,3.0,1132.99,0.0,0.0,176.0,0.0,1,High Recency • High Frequency
14376,2010-01-25 15:36:00,683.0,1.0,215.46,0.0,0.0,17.0,0.0,1,High Recency • High Frequency
14377,2011-06-01 13:32:00,191.0,2.0,617.05,0.0,0.0,11.0,0.0,1,High Recency • High Frequency
14378,2010-03-28 12:22:00,622.0,1.0,131.25,1.0,0.0,9.0,0.0,4,Weekend Shoppers
14379,2011-10-26 16:43:00,44.0,4.0,1268.91,0.0,0.0,93.0,0.0,1,High Recency • High Frequency
14380,2010-01-26 17:11:00,682.0,1.0,48.96,0.0,0.0,1.0,0.5,5,High Returns
14381,2011-10-18 17:10:00,52.0,2.0,631.3399999999999,0.0,0.0,104.0,0.0,1,High Recency • High Frequency
14382,2011-11-13 16:18:00,26.0,2.0,1246.8,1.0,0.0,227.0,0.3333333333333333,4,Weekend Shoppers
14383,2011-11-01 15:53:00,38.0,3.0,1247.69,0.0,0.0,49.0,0.0,1,High Recency • High Frequency
14384,2010-07-27 09:53:00,501.0,1.0,58.5,0.0,0.0,3.0,0.0,1,High Recency • High Frequency
14385,2011-11-30 15:36:00,9.0,3.0,202.11,0.0,0.0,13.0,0.0,1,High Recency • High Frequency
14386,2011-02-16 09:45:00,297.0,1.0,142.4,0.0,0.0,7.0,0.0,1,High Recency • High Frequency
14387,2011-11-07 12:29:00,33.0,3.0,1770.56,0.0,0.0,125.0,0.0,1,High Recency • High Frequency
14388,2011-11-29 13:32:00,10.0,16.0,6701.0,0.0625,0.0,184.0,0.2,3,Diverse Basket • Frequent
14389,2011-10-05 15:17:00,65.0,5.0,1898.01,0.0,0.0,48.0,0.5454545454545454,5,High Returns
14390,2011-11-29 13:49:00,10.0,13.0,6399.83,0.0769230769230769,0.0,197.0,0.2777777777777778,3,Diverse Basket • Frequent
14391,2010-05-12 09:42:00,577.0,1.0,135.6,0.0,0.0,14.0,0.0,1,High Recency • High Frequency
14392,2010-10-03 12:56:00,432.0,1.0,266.4,1.0,0.0,14.0,0.0,4,Weekend Shoppers
14393,2011-05-05 18:16:00,218.0,1.0,67.95,0.0,0.0,5.0,0.0,1,High Recency • High Frequency
14394,2010-05-24 10:43:00,565.0,1.0,93.8,0.0,0.0,6.0,0.0,1,High Recency • High Frequency
14395,2011-12-07 14:34:00,2.0,20.0,8208.01,0.15,0.0,320.0,0.1666666666666666,3,Diverse Basket • Frequent
14396,2011-10-05 16:09:00,65.0,7.0,2121.9300000000003,0.5714285714285714,0.0,202.0,0.0,4,Weekend Shoppers
14397,2011-12-07 09:22:00,3.0,19.0,2612.96,0.1578947368421052,0.0,18.0,0.1739130434782608,1,High Recency • High Frequency
14398,2010-11-03 13:46:00,401.0,2.0,707.79,0.0,0.0,50.0,0.0,1,High Recency • High Frequency
14399,2010-11-10 13:23:00,394.0,8.0,2113.16,0.0,0.0,119.0,0.1111111111111111,1,High Recency • High Frequency
14400,2011-07-13 15:50:00,149.0,3.0,1732.47,0.0,0.0,71.0,0.4,5,High Returns
14401,2011-12-05 13:30:00,4.0,22.0,6795.9,0.0,0.0,171.0,0.12,3,Diverse Basket • Frequent
14402,2010-02-25 13:20:00,652.0,1.0,285.6,0.0,0.0,8.0,0.0,1,High Recency • High Frequency
14403,2011-08-01 12:57:00,130.0,6.0,1880.51,0.0,0.0,20.0,0.3333333333333333,5,High Returns
14404,2011-11-06 12:30:00,34.0,13.0,2899.11,0.6153846153846154,0.0,123.0,0.1333333333333333,4,Weekend Shoppers
14405,2010-11-18 11:40:00,387.0,1.0,195.0,0.0,0.0,2.0,0.0,1,High Recency • High Frequency
14406,2011-08-12 16:54:00,119.0,1.0,156.75,0.0,0.0,8.0,0.0,1,High Recency • High Frequency
14407,2011-08-24 14:02:00,107.0,6.0,2157.73,0.0,0.0,67.0,0.3333333333333333,5,High Returns
14408,2011-11-29 11:41:00,11.0,11.0,4109.77,0.0909090909090909,0.0,63.0,0.0,1,High Recency • High Frequency
14409,2011-09-29 18:18:00,71.0,9.0,3756.09,0.0,0.0,76.0,0.1,1,High Recency • High Frequency
14410,2011-09-08 15:08:00,92.0,11.0,2651.1400000000003,0.0909090909090909,0.0,307.0,0.3529411764705882,3,Diverse Basket • Frequent
14411,2011-02-02 10:56:00,311.0,1.0,1063.0,0.0,0.0,14.0,0.0,1,High Recency • High Frequency
14412,2011-10-28 10:45:00,43.0,3.0,1426.19,0.0,0.0,75.0,0.25,5,High Returns
14413,2010-12-12 13:37:00,362.0,4.0,770.37,0.25,0.0,93.0,0.0,1,High Recency • High Frequency
14414,2011-09-09 12:09:00,92.0,8.0,2399.33,0.125,0.0,99.0,0.1111111111111111,1,High Recency • High Frequency
14415,2011-12-08 14:38:00,1.0,23.0,12091.6,0.391304347826087,0.0,445.0,0.28125,3,Diverse Basket • Frequent
14416,2011-11-17 15:22:00,22.0,2.0,490.22,0.0,0.0,13.0,0.0,1,High Recency • High Frequency
14417,2010-11-17 10:55:00,388.0,1.0,604.2,0.0,0.0,106.0,0.0,1,High Recency • High Frequency
14418,2011-12-06 11:39:00,4.0,3.0,1937.25,0.0,0.0,114.0,0.0,1,High Recency • High Frequency
14419,2011-11-29 11:22:00,11.0,7.0,1260.91,0.0,0.0,118.0,0.0,1,High Recency • High Frequency
14420,2011-09-01 18:07:00,99.0,4.0,1639.17,0.25,0.0,85.0,0.4285714285714285,5,High Returns
14421,2011-10-13 13:24:00,57.0,6.0,2469.37,0.1666666666666666,0.0,72.0,0.1428571428571428,1,High Recency • High Frequency
14422,2011-12-09 11:26:00,1.0,19.0,10271.52,0.0526315789473684,0.0,317.0,0.0952380952380952,3,Diverse Basket • Frequent
14423,2011-05-05 15:12:00,218.0,3.0,916.61,0.0,0.0,12.0,0.25,5,High Returns
14424,2011-11-22 11:48:00,18.0,1.0,322.08,0.0,0.0,1.0,0.0,1,High Recency • High Frequency
14425,2010-10-01 10:24:00,435.0,3.0,661.39,0.0,0.0,35.0,0.4,5,High Returns
14426,2011-11-16 12:25:00,24.0,17.0,11727.94,0.0588235294117647,0.0,452.0,0.3703703703703703,3,Diverse Basket • Frequent
14427,2011-10-20 14:23:00,50.0,4.0,1263.52,0.0,0.0,43.0,0.0,1,High Recency • High Frequency
14428,2011-12-02 13:17:00,7.0,5.0,1244.83,0.0,0.0,108.0,0.2857142857142857,5,High Returns
14429,2010-11-01 10:08:00,404.0,1.0,516.28,0.0,0.0,22.0,0.0,1,High Recency • High Frequency
14430,2010-07-16 11:35:00,512.0,3.0,1220.9,0.3333333333333333,0.0,29.0,0.4,5,High Returns
14431,2011-02-10 10:40:00,303.0,4.0,2614.2,0.0,0.0,72.0,0.2,1,High Recency • High Frequency
14432,2011-11-30 08:04:00,10.0,6.0,2255.51,0.6666666666666666,0.0,256.0,0.0,4,Weekend Shoppers
14433,2010-08-31 12:35:00,466.0,1.0,289.6,0.0,0.0,72.0,0.0,1,High Recency • High Frequency
14434,2011-11-18 08:56:00,22.0,6.0,1372.8,0.0,0.0,3.0,0.0,1,High Recency • High Frequency
14435,2010-07-26 12:33:00,502.0,1.0,90.42,0.0,0.0,3.0,0.0,1,High Recency • High Frequency
14436,2011-09-02 10:13:00,99.0,2.0,271.70000000000005,0.0,0.0,11.0,0.0,1,High Recency • High Frequency
14437,2010-12-09 09:27:00,366.0,5.0,958.84,0.2,0.0,34.0,0.2857142857142857,5,High Returns
14438,2011-02-06 14:56:00,306.0,1.0,131.9,1.0,0.0,9.0,0.0,4,Weekend Shoppers
14439,2011-01-24 11:39:00,320.0,5.0,9443.04,0.0,0.0,105.0,0.0,1,High Recency • High Frequency
14440,2011-12-01 15:42:00,8.0,13.0,6638.7300000000005,0.0,0.0,63.0,0.1333333333333333,1,High Recency • High Frequency
14441,2011-12-09 09:07:00,1.0,11.0,4611.69,0.0909090909090909,0.0,103.0,0.4210526315789473,5,High Returns
14442,2011-05-19 11:36:00,205.0,7.0,5367.02,0.0,0.0,128.0,0.4166666666666667,5,High Returns
14443,2011-10-17 10:10:00,54.0,5.0,2386.47,0.2,0.0,119.0,0.375,5,High Returns
14444,2010-09-09 18:56:00,456.0,1.0,132.04,0.0,0.0,11.0,0.0,1,High Recency • High Frequency
14445,2010-09-10 11:09:00,456.0,1.0,221.65,0.0,0.0,32.0,0.0,1,High Recency • High Frequency
14446,2011-12-09 11:34:00,1.0,5.0,1241.31,0.0,0.0,259.0,0.0,3,Diverse Basket • Frequent
14447,2011-11-21 08:28:00,19.0,6.0,1711.73,0.0,0.0,81.0,0.0,1,High Recency • High Frequency
14448,2011-11-30 13:50:00,9.0,2.0,375.35,0.0,0.0,20.0,0.0,1,High Recency • High Frequency
14449,2011-11-21 12:06:00,19.0,8.0,2482.8,0.0,0.0,301.0,0.0,3,Diverse Basket • Frequent
14450,2011-06-12 10:46:00,181.0,7.0,1128.44,0.4285714285714285,0.0,47.0,0.0,4,Weekend Shoppers
14451,2011-10-10 13:38:00,60.0,12.0,3308.77,0.5,0.0,245.0,0.3333333333333333,3,Diverse Basket • Frequent
14452,2011-11-29 12:06:00,11.0,4.0,665.59,0.0,0.0,108.0,0.0,1,High Recency • High Frequency
14453,2011-06-02 14:15:00,190.0,1.0,119.93,0.0,0.0,22.0,0.0,1,High Recency • High Frequency
14454,2010-11-28 13:26:00,376.0,5.0,977.3,1.0,0.0,93.0,0.1666666666666666,4,Weekend Shoppers
14455,2010-10-03 15:48:00,432.0,4.0,628.21,0.75,0.0,65.0,0.2,4,Weekend Shoppers
14456,2011-12-04 13:59:00,5.0,9.0,3062.4,0.4444444444444444,0.0,580.0,0.3571428571428571,3,Diverse Basket • Frequent
14457,2011-02-02 09:39:00,311.0,1.0,113.64,0.0,0.0,4.0,0.0,1,High Recency • High Frequency
14458,2010-11-24 12:43:00,381.0,1.0,237.42,0.0,0.0,46.0,0.0,1,High Recency • High Frequency
14459,2011-07-07 13:35:00,155.0,2.0,5375.741,0.0,0.0,113.0,0.3333333333333333,5,High Returns
14460,2011-08-21 14:19:00,110.0,9.0,1093.5,0.2222222222222222,0.0,33.0,0.25,5,High Returns
14461,2011-07-14 17:11:00,148.0,13.0,6713.5,0.0,0.0,515.0,0.0714285714285714,3,Diverse Basket • Frequent
14462,2011-10-04 15:55:00,66.0,12.0,2270.01,0.1666666666666666,0.0,182.0,0.25,3,Diverse Basket • Frequent
14463,2011-09-02 15:20:00,98.0,4.0,786.5699999999999,0.0,0.0,7.0,0.0,1,High Recency • High Frequency
14464,2010-05-20 18:00:00,568.0,2.0,111.0,0.0,0.0,4.0,0.0,1,High Recency • High Frequency
14465,2011-04-07 12:38:00,247.0,11.0,3946.03,0.0909090909090909,0.0,128.0,0.0,1,High Recency • High Frequency
14466,2011-11-10 14:07:00,29.0,13.0,4646.9,0.2307692307692307,0.0,77.0,0.0,1,High Recency • High Frequency
14467,2011-11-22 12:48:00,18.0,12.0,2220.99,0.0,0.0,144.0,0.0,3,Diverse Basket • Frequent
14468,2009-12-06 12:21:00,734.0,1.0,204.24,1.0,0.0,12.0,0.0,4,Weekend Shoppers
14469,2010-10-19 14:30:00,416.0,4.0,2112.21,0.0,0.0,120.0,0.0,1,High Recency • High Frequency
14470,2011-11-28 10:31:00,12.0,3.0,712.04,0.0,0.0,56.0,0.0,1,High Recency • High Frequency
14471,2010-04-27 17:12:00,591.0,2.0,400.95,0.0,0.0,38.0,0.0,1,High Recency • High Frequency
14472,2011-08-28 11:01:00,104.0,9.0,2228.22,0.8888888888888888,0.0,173.0,0.0,4,Weekend Shoppers
14473,2011-09-26 15:10:00,74.0,2.0,234.34000000000003,0.0,0.0,7.0,0.0,1,High Recency • High Frequency
14474,2011-10-24 13:26:00,46.0,2.0,1278.08,0.5,0.0,122.0,0.3333333333333333,5,High Returns
14475,2011-09-29 10:46:00,72.0,4.0,1151.15,0.0,0.0,40.0,0.4285714285714285,5,High Returns
14476,2011-03-27 15:39:00,257.0,1.0,215.7,1.0,0.0,17.0,0.0,4,Weekend Shoppers
14477,2011-11-20 11:11:00,20.0,7.0,1969.6,0.1428571428571428,0.0,7.0,0.3,5,High Returns
14478,2010-11-22 15:29:00,382.0,4.0,1276.66,0.0,0.0,59.0,0.0,1,High Recency • High Frequency
14479,2011-03-31 09:07:00,254.0,4.0,1299.11,0.5,0.0,127.0,0.0,4,Weekend Shoppers
14480,2011-11-28 16:35:00,11.0,4.0,1299.52,0.0,0.0,52.0,0.2,5,High Returns
14481,2011-06-28 10:38:00,165.0,5.0,2311.49,0.2,0.0,114.0,0.1666666666666666,1,High Recency • High Frequency
14482,2011-11-21 13:14:00,18.0,12.0,4357.91,0.0833333333333333,0.0,185.0,0.1428571428571428,3,Diverse Basket • Frequent
14483,2011-03-03 10:26:00,282.0,2.0,257.1,0.0,0.0,13.0,0.3333333333333333,5,High Returns
14484,2011-10-20 14:11:00,50.0,4.0,1070.98,0.0,0.0,47.0,0.0,1,High Recency • High Frequency
14485,2011-11-01 12:25:00,39.0,1.0,165.75,0.0,0.0,44.0,0.0,1,High Recency • High Frequency
14486,2010-07-16 09:42:00,512.0,2.0,175.5,0.0,0.0,4.0,0.0,1,High Recency • High Frequency
14487,2011-11-13 12:17:00,27.0,7.0,1453.61,0.7142857142857143,0.0,129.0,0.125,4,Weekend Shoppers
14488,2011-10-03 09:30:00,68.0,1.0,1064.28,0.0,0.0,46.0,0.5,5,High Returns
14489,2011-05-16 14:51:00,207.0,4.0,1574.93,0.0,0.0,65.0,0.0,1,High Recency • High Frequency
14490,2010-10-29 15:04:00,406.0,2.0,1273.47,0.0,0.0,72.0,0.0,1,High Recency • High Frequency
14491,2011-06-17 15:22:00,175.0,2.0,468.13,0.0,0.0,17.0,0.0,1,High Recency • High Frequency
14492,2010-10-05 13:21:00,430.0,7.0,1921.91,0.1428571428571428,0.0,70.0,0.3,5,High Returns
14493,2011-12-02 16:14:00,7.0,10.0,5130.15,0.1,0.0,292.0,0.2857142857142857,3,Diverse Basket • Frequent
14494,2011-11-14 09:21:00,26.0,3.0,401.46,0.0,0.0,17.0,0.0,1,High Recency • High Frequency
14495,2011-10-20 12:28:00,51.0,3.0,174.8,0.0,0.0,7.0,0.25,5,High Returns
14496,2011-02-01 09:01:00,312.0,7.0,2668.23,0.1428571428571428,0.0,64.0,0.3,5,High Returns
14497,2011-02-03 17:01:00,309.0,2.0,697.06,0.0,0.0,40.0,0.3333333333333333,5,High Returns
14498,2011-10-28 12:09:00,43.0,10.0,3911.27,0.0,0.0,276.0,0.0,3,Diverse Basket • Frequent
14499,2011-11-13 13:01:00,26.0,7.0,2138.9700000000003,0.4285714285714285,0.0,199.0,0.3,3,Diverse Basket • Frequent
14500,2011-09-12 16:45:00,88.0,3.0,356.85,0.0,0.0,6.0,0.0,1,High Recency • High Frequency
14501,2011-06-09 12:02:00,184.0,2.0,251.21,0.0,0.0,9.0,0.3333333333333333,5,High Returns
14502,2011-11-20 11:50:00,20.0,11.0,2470.67,0.6363636363636364,0.0,368.0,0.2142857142857142,3,Diverse Basket • Frequent
14503,2011-12-06 13:30:00,3.0,6.0,3543.26,0.1666666666666666,0.0,113.0,0.0,1,High Recency • High Frequency
14504,2011-10-23 16:00:00,47.0,4.0,673.26,0.75,0.0,85.0,0.0,4,Weekend Shoppers
14505,2011-11-22 15:45:00,17.0,19.0,12001.84,0.3684210526315789,0.0,898.0,0.2962962962962963,3,Diverse Basket • Frequent
14506,2011-11-22 13:02:00,17.0,7.0,3290.67,0.1428571428571428,0.0,251.0,0.0,3,Diverse Basket • Frequent
14507,2011-11-16 12:21:00,24.0,11.0,3284.4300000000003,0.3636363636363636,0.0,182.0,0.2142857142857142,3,Diverse Basket • Frequent
14508,2011-11-17 19:48:00,22.0,5.0,874.94,0.4,0.0,142.0,0.1666666666666666,3,Diverse Basket • Frequent
14509,2010-06-23 13:21:00,534.0,1.0,110.95,0.0,0.0,25.0,0.0,1,High Recency • High Frequency
14510,2010-11-29 12:46:00,376.0,3.0,1007.28,0.0,0.0,67.0,0.25,5,High Returns
14511,2011-11-28 17:05:00,11.0,5.0,1314.81,0.2,0.0,53.0,0.1666666666666666,1,High Recency • High Frequency
14512,2011-06-05 12:39:00,188.0,7.0,1223.47,0.2857142857142857,0.0,55.0,0.0,1,High Recency • High Frequency
14513,2011-08-31 11:25:00,101.0,6.0,788.01,0.1666666666666666,0.0,15.0,0.1428571428571428,1,High Recency • High Frequency
14514,2011-10-09 16:05:00,61.0,9.0,4598.98,0.3333333333333333,0.0,212.0,0.1,3,Diverse Basket • Frequent
14515,2011-11-22 11:37:00,18.0,12.0,3749.26,0.0,0.0,109.0,0.2,3,Diverse Basket • Frequent
14516,2010-07-11 14:07:00,516.0,1.0,163.92,1.0,0.0,35.0,0.0,4,Weekend Shoppers
14517,2011-11-06 14:20:00,33.0,2.0,330.45,0.5,0.0,17.0,0.0,4,Weekend Shoppers
14518,2011-10-06 14:43:00,64.0,1.0,174.37,0.0,0.0,16.0,0.0,1,High Recency • High Frequency
14519,2010-01-25 11:18:00,684.0,2.0,206.09,0.0,0.0,38.0,0.0,1,High Recency • High Frequency
14520,2011-12-08 09:46:00,2.0,2.0,270.6,0.0,0.0,3.0,0.0,1,High Recency • High Frequency
14521,2010-08-05 16:35:00,491.0,1.0,199.45,0.0,0.0,17.0,0.5,5,High Returns
14522,2011-11-15 13:24:00,24.0,8.0,1758.62,0.125,0.0,34.0,0.0,1,High Recency • High Frequency
14523,2011-08-23 13:13:00,108.0,1.0,241.09,0.0,0.0,12.0,0.0,1,High Recency • High Frequency
14524,2011-11-08 12:29:00,32.0,13.0,2933.71,0.1538461538461538,0.0,250.0,0.0,3,Diverse Basket • Frequent
14525,2011-11-20 11:37:00,20.0,17.0,8240.64,0.1764705882352941,0.0,340.0,0.1904761904761904,3,Diverse Basket • Frequent
14526,2010-11-15 13:32:00,389.0,1.0,262.4,0.0,0.0,41.0,0.0,1,High Recency • High Frequency
14527,2011-12-07 12:19:00,3.0,122.0,27792.3,0.0327868852459016,0.0,607.0,0.3578947368421052,3,Diverse Basket • Frequent
14528,2011-11-02 17:09:00,37.0,1.0,364.22,0.0,0.0,18.0,0.0,1,High Recency • High Frequency
14529,2011-10-10 15:27:00,60.0,3.0,620.04,0.3333333333333333,0.0,177.0,0.0,1,High Recency • High Frequency
14530,2011-11-14 10:38:00,26.0,16.0,6197.4,0.0,0.0,269.0,0.1578947368421052,3,Diverse Basket • Frequent
14531,2010-08-17 10:16:00,480.0,1.0,376.34,0.0,0.0,29.0,0.0,1,High Recency • High Frequency
14532,2011-04-17 13:05:00,236.0,11.0,3859.18,0.9090909090909092,0.0,209.0,0.0833333333333333,4,Weekend Shoppers
14533,2011-11-15 12:05:00,25.0,11.0,3466.37,0.1818181818181818,0.0,74.0,0.2666666666666666,5,High Returns
14534,2011-12-07 12:19:00,3.0,26.0,6271.11,0.0384615384615384,0.0,437.0,0.3157894736842105,3,Diverse Basket • Frequent
14535,2011-10-10 15:39:00,60.0,9.0,6030.73,0.0,0.0,589.0,0.1818181818181818,3,Diverse Basket • Frequent
14536,2011-03-25 12:21:00,260.0,1.0,171.8,0.0,0.0,18.0,0.0,1,High Recency • High Frequency
14537,2011-10-13 10:54:00,58.0,2.0,641.4000000000001,0.0,0.0,23.0,0.3333333333333333,5,High Returns
14538,2011-10-06 10:31:00,65.0,5.0,1370.84,0.4,0.0,45.0,0.0,1,High Recency • High Frequency
14539,2011-11-24 09:50:00,16.0,2.0,537.48,0.0,0.0,31.0,0.0,1,High Recency • High Frequency
14540,2011-11-30 10:15:00,10.0,11.0,3795.34,0.0909090909090909,0.0,197.0,0.0833333333333333,3,Diverse Basket • Frequent
14541,2011-10-12 10:08:00,59.0,14.0,2499.68,0.0,0.0,99.0,0.0,1,High Recency • High Frequency
14542,2011-06-07 08:19:00,186.0,1.0,103.25,0.0,0.0,5.0,0.0,1,High Recency • High Frequency
14543,2011-11-11 12:45:00,29.0,39.0,14906.77,0.0,0.0,106.0,0.22,3,Diverse Basket • Frequent
14544,2011-11-15 15:06:00,24.0,3.0,2982.4300000000003,0.0,0.0,148.0,0.0,1,High Recency • High Frequency
14545,2010-02-03 15:23:00,674.0,1.0,349.25,0.0,0.0,23.0,0.0,1,High Recency • High Frequency
14546,2011-12-04 13:00:00,5.0,11.0,5197.9,0.7272727272727273,0.0,410.0,0.45,3,Diverse Basket • Frequent
14547,2011-12-06 11:06:00,4.0,8.0,4007.54,0.625,0.0,198.0,0.1111111111111111,4,Weekend Shoppers
14548,2011-07-12 12:19:00,151.0,9.0,2627.49,0.2222222222222222,0.0,66.0,0.0,1,High Recency • High Frequency
14549,2011-02-01 13:47:00,311.0,4.0,916.55,0.25,0.0,117.0,0.0,1,High Recency • High Frequency
14550,2011-11-29 12:12:00,11.0,4.0,1353.31,0.0,0.0,77.0,0.0,1,High Recency • High Frequency
14551,2011-11-21 13:36:00,18.0,7.0,880.04,0.5714285714285714,0.0,69.0,0.2222222222222222,4,Weekend Shoppers
14552,2011-07-11 12:49:00,152.0,3.0,511.28,0.0,0.0,124.0,0.0,1,High Recency • High Frequency
14553,2011-11-20 13:20:00,19.0,9.0,1841.54,0.7777777777777778,0.0,233.0,0.1,4,Weekend Shoppers
14554,2011-11-29 16:44:00,10.0,4.0,2381.04,0.0,0.0,147.0,0.0,1,High Recency • High Frequency
14555,2011-10-13 16:24:00,57.0,6.0,2315.63,0.0,0.0,94.0,0.1428571428571428,1,High Recency • High Frequency
14556,2010-04-22 14:57:00,596.0,3.0,835.3399999999999,0.0,0.0,158.0,0.0,1,High Recency • High Frequency
14557,2011-09-15 15:48:00,85.0,1.0,788.38,0.0,0.0,16.0,0.5,5,High Returns
14558,2010-02-23 12:51:00,654.0,3.0,655.5,0.0,0.0,13.0,0.4,5,High Returns
14559,2010-11-14 16:05:00,390.0,1.0,75.6,1.0,0.0,2.0,0.0,4,Weekend Shoppers
14560,2011-12-02 15:22:00,7.0,44.0,6114.03,0.1818181818181818,0.0,60.0,0.0434782608695652,3,Diverse Basket • Frequent
14561,2011-09-25 12:39:00,76.0,3.0,1080.76,0.3333333333333333,0.0,67.0,0.0,1,High Recency • High Frequency
14562,2011-12-06 11:05:00,4.0,26.0,6729.4,0.1923076923076923,0.0384615384615384,245.0,0.1333333333333333,3,Diverse Basket • Frequent
14563,2010-07-18 12:01:00,510.0,2.0,679.4399999999999,0.5,0.0,95.0,0.0,4,Weekend Shoppers
14564,2010-10-01 09:02:00,435.0,2.0,2605.62,0.0,0.0,107.0,0.6,5,High Returns
14565,2011-09-05 09:07:00,96.0,5.0,3859.22,0.0,0.0,139.0,0.2857142857142857,5,High Returns
14566,2011-08-21 11:05:00,111.0,4.0,4092.0,0.25,0.0,9.0,0.0,1,High Recency • High Frequency
14567,2011-10-14 10:21:00,57.0,2.0,1530.36,0.0,0.0,33.0,0.3333333333333333,5,High Returns
14568,2010-09-30 17:15:00,435.0,1.0,919.7,0.0,0.0,47.0,0.5,5,High Returns
14569,2011-12-08 14:58:00,1.0,4.0,598.98,0.0,0.0,31.0,0.0,1,High Recency • High Frequency
14570,2011-03-04 10:58:00,281.0,3.0,613.75,0.0,0.0,64.0,0.0,1,High Recency • High Frequency
14571,2010-10-10 15:06:00,425.0,1.0,161.65,1.0,0.0,30.0,0.0,4,Weekend Shoppers
14572,2011-12-06 14:40:00,3.0,11.0,5615.18,0.3636363636363636,0.0,336.0,0.2666666666666666,3,Diverse Basket • Frequent
14573,2011-06-13 11:15:00,180.0,13.0,2621.42,0.3076923076923077,0.0,183.0,0.2352941176470588,3,Diverse Basket • Frequent
14574,2009-12-07 12:42:00,733.0,1.0,143.70000000000002,0.0,0.0,11.0,0.0,1,High Recency • High Frequency
14575,2010-08-08 14:51:00,488.0,1.0,460.71,1.0,0.0,71.0,0.0,4,Weekend Shoppers
14576,2010-12-02 17:51:00,372.0,1.0,70.80000000000001,0.0,0.0,1.0,0.0,1,High Recency • High Frequency
14577,2011-11-27 12:47:00,13.0,7.0,1374.25,0.2857142857142857,0.0,104.0,0.0,1,High Recency • High Frequency
14578,2011-12-06 17:18:00,3.0,1.0,168.63,0.0,0.0,24.0,0.0,1,High Recency • High Frequency
14579,2010-10-03 14:36:00,432.0,1.0,105.56,1.0,0.0,24.0,0.0,4,Weekend Shoppers
14580,2010-07-09 15:20:00,518.0,1.0,14.85,0.0,0.0,1.0,0.0,1,High Recency • High Frequency
14581,2011-11-23 12:39:00,17.0,2.0,433.8,0.5,0.0,59.0,0.0,4,Weekend Shoppers
14582,2011-10-30 11:56:00,41.0,1.0,114.11,1.0,0.0,6.0,0.0,4,Weekend Shoppers
14583,2011-12-04 12:32:00,6.0,8.0,1781.03,0.375,0.0,353.0,0.0,3,Diverse Basket • Frequent
14584,2011-06-23 18:33:00,169.0,8.0,1747.91,0.0,0.125,127.0,0.1111111111111111,1,High Recency • High Frequency
14585,2011-10-20 14:33:00,50.0,5.0,1143.27,0.0,0.0,88.0,0.0,1,High Recency • High Frequency
14586,2011-03-08 10:04:00,277.0,1.0,237.36,0.0,0.0,19.0,0.6666666666666666,5,High Returns
14587,2011-11-21 11:34:00,19.0,9.0,1601.14,0.0,0.0,170.0,0.1,3,Diverse Basket • Frequent
14588,2010-05-10 15:08:00,578.0,1.0,135.39,0.0,0.0,16.0,0.0,1,High Recency • High Frequency
14589,2010-12-03 11:42:00,372.0,1.0,79.5,0.0,0.0,3.0,0.0,1,High Recency • High Frequency
14590,2010-10-11 12:06:00,425.0,20.0,3006.62,0.0,0.0,124.0,0.2857142857142857,5,High Returns
14591,2011-11-24 13:57:00,15.0,4.0,1447.14,0.0,0.0,138.0,0.0,1,High Recency • High Frequency
14592,2011-11-04 16:35:00,35.0,3.0,570.46,0.0,0.0,132.0,0.0,1,High Recency • High Frequency
14593,2011-11-18 12:48:00,22.0,12.0,3712.01,0.0833333333333333,0.0,436.0,0.3333333333333333,3,Diverse Basket • Frequent
14594,2011-12-02 13:28:00,7.0,2.0,634.83,0.0,0.0,48.0,0.0,1,High Recency • High Frequency
14595,2011-11-20 12:12:00,20.0,8.0,2164.4500000000003,0.5,0.0,119.0,0.0,4,Weekend Shoppers
14596,2010-03-23 12:13:00,627.0,1.0,229.47,0.0,0.0,50.0,0.0,1,High Recency • High Frequency
14597,2011-11-28 13:13:00,11.0,6.0,2201.54,0.0,0.0,79.0,0.0,1,High Recency • High Frequency
14598,2011-10-26 13:19:00,44.0,2.0,384.04,0.0,0.0,83.0,0.3333333333333333,5,High Returns
14599,2010-11-14 14:49:00,390.0,2.0,474.54,1.0,0.0,77.0,0.0,4,Weekend Shoppers
14600,2011-02-07 09:48:00,306.0,2.0,865.1700000000001,0.0,0.0,53.0,0.0,1,High Recency • High Frequency
14601,2011-11-29 09:48:00,11.0,1.0,213.96,0.0,0.0,7.0,0.0,1,High Recency • High Frequency
14602,2010-02-21 15:47:00,656.0,1.0,205.36,1.0,0.0,31.0,0.0,4,Weekend Shoppers
14603,2011-03-10 10:27:00,275.0,1.0,660.0,0.0,0.0,2.0,0.0,1,High Recency • High Frequency
14604,2010-03-16 13:00:00,633.0,1.0,143.86,0.0,0.0,20.0,0.0,1,High Recency • High Frequency
14605,2010-11-30 14:07:00,374.0,4.0,937.16,0.0,0.0,88.0,0.0,1,High Recency • High Frequency
14606,2011-12-08 19:28:00,1.0,192.0,30861.06,0.171875,0.0,1262.0,0.2586872586872586,2,High Spend • Frequent
14607,2011-11-24 10:35:00,16.0,22.0,24137.63,0.0909090909090909,0.0,106.0,0.1851851851851851,3,Diverse Basket • Frequent
14608,2011-12-05 16:52:00,4.0,11.0,3352.94,0.1818181818181818,0.0,15.0,0.0833333333333333,1,High Recency • High Frequency
14609,2011-09-28 12:54:00,72.0,10.0,1486.2,0.1,0.0,6.0,0.0909090909090909,1,High Recency • High Frequency
14610,2010-11-09 10:58:00,396.0,2.0,24.35,0.0,0.0,10.0,0.0,1,High Recency • High Frequency
14611,2010-09-22 09:19:00,444.0,2.0,604.3299999999999,0.0,0.0,37.0,0.3333333333333333,5,High Returns
14612,2010-10-20 16:01:00,415.0,1.0,877.7,0.0,0.0,14.0,0.0,1,High Recency • High Frequency
14613,2010-01-28 13:02:00,680.0,1.0,76.32000000000001,0.0,0.0,1.0,0.0,1,High Recency • High Frequency
14614,2010-11-18 13:04:00,386.0,1.0,295.13,0.0,0.0,19.0,0.0,1,High Recency • High Frequency
14615,2010-11-10 13:36:00,394.0,5.0,951.76,0.0,0.0,40.0,0.1666666666666666,1,High Recency • High Frequency
14616,2011-04-11 09:54:00,243.0,5.0,527.78,0.0,0.0,3.0,0.0,1,High Recency • High Frequency
14617,2010-11-02 11:41:00,403.0,2.0,190.47000000000003,0.0,0.0,7.0,0.0,1,High Recency • High Frequency
14618,2011-11-30 13:45:00,9.0,7.0,1342.3200000000002,0.1428571428571428,0.0,40.0,0.2222222222222222,5,High Returns
14619,2011-04-08 07:37:00,246.0,2.0,1291.24,0.0,0.0,58.0,0.3333333333333333,5,High Returns
14620,2011-05-18 11:58:00,206.0,2.0,412.78,0.0,0.0,26.0,0.3333333333333333,5,High Returns
14621,2011-12-08 16:22:00,1.0,9.0,3000.57,0.1111111111111111,0.0,134.0,0.4375,5,High Returns
14622,2011-06-08 12:42:00,185.0,1.0,320.58000000000004,0.0,0.0,21.0,0.0,1,High Recency • High Frequency
14623,2011-11-07 13:56:00,32.0,10.0,2059.58,0.0,0.0,193.0,0.1666666666666666,3,Diverse Basket • Frequent
14624,2011-10-13 13:44:00,57.0,6.0,814.07,0.0,0.0,39.0,0.0,1,High Recency • High Frequency
14625,2011-05-27 15:32:00,196.0,11.0,4497.88,0.0,0.0,167.0,0.3888888888888889,5,High Returns
14626,2011-11-16 10:37:00,24.0,11.0,5410.92,0.0909090909090909,0.0,181.0,0.2666666666666666,3,Diverse Basket • Frequent
14627,2010-11-25 16:32:00,379.0,1.0,462.75,0.0,0.0,29.0,0.6666666666666666,5,High Returns
14628,2011-09-09 14:58:00,91.0,5.0,1998.0,0.0,0.0,65.0,0.0,1,High Recency • High Frequency
14629,2011-12-05 16:55:00,4.0,2.0,959.01,0.5,0.0,133.0,0.3333333333333333,5,High Returns
14630,2010-08-12 16:38:00,484.0,1.0,338.65,0.0,0.0,21.0,0.0,1,High Recency • High Frequency
14631,2011-10-20 11:17:00,51.0,6.0,2025.69,0.0,0.0,65.0,0.1428571428571428,1,High Recency • High Frequency
14632,2011-03-22 08:49:00,263.0,1.0,114.56,0.0,0.0,8.0,0.0,1,High Recency • High Frequency
14633,2011-03-18 17:07:00,266.0,1.0,344.90000000000003,0.0,0.0,20.0,0.0,1,High Recency • High Frequency
14634,2010-09-28 10:40:00,438.0,4.0,2124.46,0.0,0.0,105.0,0.4285714285714285,5,High Returns
14635,2010-09-12 10:47:00,454.0,1.0,215.22,1.0,0.0,15.0,0.0,4,Weekend Shoppers
14636,2011-11-03 16:12:00,36.0,2.0,609.85,0.0,0.0,27.0,0.0,1,High Recency • High Frequency
14637,2010-01-31 15:52:00,677.0,1.0,106.68,1.0,0.0,7.0,0.0,4,Weekend Shoppers
14638,2011-10-20 10:10:00,51.0,1.0,443.6,0.0,0.0,16.0,0.0,1,High Recency • High Frequency
14639,2011-10-18 15:06:00,52.0,9.0,4978.96,0.0,0.0,203.0,0.1818181818181818,3,Diverse Basket • Frequent
14640,2011-11-15 13:07:00,24.0,10.0,3667.06,0.0,0.0,165.0,0.375,5,High Returns
14641,2011-11-18 10:42:00,22.0,1.0,110.46,0.0,0.0,7.0,0.0,1,High Recency • High Frequency
14642,2011-10-12 11:08:00,59.0,1.0,96.12,0.0,0.0,2.0,0.0,1,High Recency • High Frequency
14643,2011-06-22 14:41:00,170.0,5.0,1679.89,0.0,0.0,57.0,0.1666666666666666,1,High Recency • High Frequency
14644,2011-10-03 08:30:00,68.0,7.0,2247.7200000000003,0.0,0.0,50.0,0.4166666666666667,5,High Returns
14645,2011-07-06 09:15:00,157.0,3.0,876.8900000000001,0.0,0.0,45.0,0.25,5,High Returns
14646,2011-12-08 12:12:00,2.0,151.0,528602.52,0.0198675496688741,0.0,961.0,0.073170731707317,2,High Spend • Frequent
14647,2011-05-22 13:40:00,201.0,2.0,519.97,1.0,0.0,42.0,0.0,4,Weekend Shoppers
14648,2010-10-19 13:12:00,416.0,15.0,4546.86,0.0,0.0,286.0,0.2105263157894736,3,Diverse Basket • Frequent
14649,2011-12-05 12:30:00,5.0,9.0,3775.31,0.1111111111111111,0.0,374.0,0.1818181818181818,3,Diverse Basket • Frequent
14650,2010-04-29 20:27:00,589.0,1.0,62.5,0.0,1.0,4.0,0.0,0,Night Shoppers
14651,2011-10-03 15:52:00,67.0,9.0,2034.12,0.0,0.0,216.0,0.0,3,Diverse Basket • Frequent
14652,2011-09-23 14:21:00,77.0,1.0,114.18,0.0,0.0,29.0,0.0,1,High Recency • High Frequency
14653,2011-12-08 13:45:00,1.0,12.0,3614.54,0.1666666666666666,0.0,271.0,0.0,3,Diverse Basket • Frequent
14654,2009-12-01 12:57:00,738.0,1.0,246.86,0.0,0.0,27.0,0.0,1,High Recency • High Frequency
14655,2011-12-01 16:28:00,8.0,7.0,3878.51,0.1428571428571428,0.0,72.0,0.4166666666666667,5,High Returns
14656,2011-06-23 13:51:00,169.0,5.0,814.65,0.0,0.0,148.0,0.0,1,High Recency • High Frequency
14657,2011-11-22 12:47:00,18.0,6.0,1460.87,0.0,0.0,143.0,0.1428571428571428,3,Diverse Basket • Frequent
14658,2011-12-04 15:35:00,5.0,2.0,247.15,1.0,0.0,27.0,0.0,4,Weekend Shoppers
14659,2011-12-01 12:17:00,9.0,9.0,2529.93,0.2222222222222222,0.0,147.0,0.25,3,Diverse Basket • Frequent
14660,2011-09-14 11:34:00,87.0,2.0,285.74,0.0,0.0,24.0,0.0,1,High Recency • High Frequency
14661,2011-11-13 11:51:00,27.0,1.0,107.95,1.0,0.0,4.0,0.0,4,Weekend Shoppers
14662,2011-11-11 12:13:00,29.0,7.0,1416.33,0.0,0.0,199.0,0.0,3,Diverse Basket • Frequent
14663,2010-10-05 13:21:00,430.0,2.0,490.6,0.0,0.0,60.0,0.0,1,High Recency • High Frequency
14664,2011-11-20 10:59:00,20.0,2.0,637.89,1.0,0.0,78.0,0.0,4,Weekend Shoppers
14665,2011-10-10 09:14:00,61.0,7.0,2749.65,0.1428571428571428,0.0,94.0,0.2222222222222222,5,High Returns
14666,2011-11-15 12:57:00,24.0,1.0,195.25,0.0,0.0,14.0,0.0,1,High Recency • High Frequency
14667,2011-11-29 11:30:00,11.0,54.0,21927.14,0.074074074074074,0.0,578.0,0.1147540983606557,3,Diverse Basket • Frequent
14668,2010-09-20 15:03:00,445.0,1.0,111.63,0.0,0.0,10.0,0.0,1,High Recency • High Frequency
14669,2011-04-12 11:43:00,242.0,7.0,3243.9300000000003,0.0,0.0,334.0,0.0,3,Diverse Basket • Frequent
14670,2011-03-04 14:13:00,280.0,3.0,602.0,0.0,0.0,159.0,0.0,1,High Recency • High Frequency
14671,2010-06-08 13:39:00,549.0,2.0,1127.45,0.0,0.0,48.0,0.0,1,High Recency • High Frequency
14672,2011-04-19 10:19:00,235.0,4.0,1113.14,0.0,0.0,93.0,0.0,1,High Recency • High Frequency
14673,2011-12-06 14:31:00,3.0,7.0,3410.81,0.0,0.0,86.0,0.0,1,High Recency • High Frequency
14674,2010-07-18 14:25:00,509.0,1.0,173.66,1.0,0.0,14.0,0.0,4,Weekend Shoppers
14675,2011-11-23 12:58:00,16.0,2.0,1066.9,0.0,0.0,196.0,0.0,1,High Recency • High Frequency
14676,2011-11-08 13:29:00,31.0,12.0,8356.789999999999,0.0833333333333333,0.0,77.0,0.25,5,High Returns
14677,2010-04-26 09:48:00,593.0,1.0,184.91,0.0,0.0,14.0,0.0,1,High Recency • High Frequency
14678,2010-05-09 14:32:00,579.0,1.0,403.39,1.0,0.0,24.0,0.5,4,Weekend Shoppers
14679,2010-11-23 11:51:00,382.0,3.0,1289.44,0.0,0.0,49.0,0.4,5,High Returns
14680,2011-11-14 16:59:00,25.0,58.0,57412.77,0.0,0.0,222.0,0.3333333333333333,3,Diverse Basket • Frequent
14681,2011-09-29 15:52:00,71.0,6.0,875.1500000000001,0.0,0.0,19.0,0.0,1,High Recency • High Frequency
14682,2011-06-05 12:12:00,188.0,6.0,1514.81,0.3333333333333333,0.0,79.0,0.0,1,High Recency • High Frequency
14683,2010-04-30 17:18:00,588.0,1.0,146.56,0.0,0.0,21.0,0.0,1,High Recency • High Frequency
14684,2011-11-14 11:33:00,26.0,6.0,1468.55,0.6666666666666666,0.0,272.0,0.0,4,Weekend Shoppers
14685,2010-05-12 13:08:00,576.0,8.0,4619.79,0.75,0.0,109.0,0.3846153846153846,4,Weekend Shoppers
14686,2010-10-21 18:31:00,414.0,5.0,885.8299999999999,0.0,0.0,185.0,0.1666666666666666,1,High Recency • High Frequency
14687,2011-08-25 11:59:00,107.0,3.0,1402.06,0.3333333333333333,0.0,34.0,0.0,1,High Recency • High Frequency
14688,2011-12-02 12:26:00,8.0,28.0,7713.570000000001,0.0357142857142857,0.0,197.0,0.1764705882352941,3,Diverse Basket • Frequent
14689,2011-05-15 11:22:00,209.0,1.0,112.8,1.0,0.0,13.0,0.0,4,Weekend Shoppers
14690,2011-10-26 15:39:00,44.0,4.0,794.33,0.0,0.0,69.0,0.2,5,High Returns
14691,2011-11-09 12:30:00,31.0,5.0,2114.33,0.2,0.0,50.0,0.0,1,High Recency • High Frequency
14692,2011-07-25 15:08:00,137.0,12.0,1745.09,0.0833333333333333,0.0,101.0,0.0769230769230769,1,High Recency • High Frequency
14693,2011-03-20 12:50:00,265.0,7.0,1165.36,0.5714285714285714,0.0,43.0,0.125,4,Weekend Shoppers
14694,2010-04-01 19:46:00,617.0,1.0,244.31,0.0,0.0,15.0,0.0,1,High Recency • High Frequency
14695,2010-07-08 14:18:00,519.0,3.0,1620.0700000000002,0.0,0.0,76.0,0.25,5,High Returns
14696,2011-12-05 13:43:00,4.0,8.0,2767.9,0.125,0.0,137.0,0.2,3,Diverse Basket • Frequent
14697,2011-05-05 15:39:00,218.0,2.0,188.61,0.0,0.0,22.0,0.0,1,High Recency • High Frequency
14698,2011-12-08 12:26:00,2.0,5.0,1250.76,0.4,0.0,148.0,0.0,3,Diverse Basket • Frequent
14699,2011-05-09 14:54:00,214.0,4.0,702.6,0.0,0.0,45.0,0.0,1,High Recency • High Frequency
14700,2011-11-07 14:40:00,32.0,5.0,3116.26,0.0,0.0,111.0,0.0,1,High Recency • High Frequency
14701,2011-11-29 12:38:00,11.0,15.0,4562.09,0.1333333333333333,0.0,455.0,0.1666666666666666,3,Diverse Basket • Frequent
14702,2011-12-08 19:29:00,1.0,29.0,6754.22,0.1034482758620689,0.0344827586206896,338.0,0.09375,3,Diverse Basket • Frequent
14703,2011-11-25 09:23:00,15.0,1.0,318.17,0.0,0.0,22.0,0.0,1,High Recency • High Frequency
14704,2011-11-28 12:51:00,11.0,11.0,1813.57,0.2727272727272727,0.0,319.0,0.0,3,Diverse Basket • Frequent
14705,2011-05-25 12:39:00,199.0,1.0,179.0,0.0,0.0,1.0,0.0,1,High Recency • High Frequency
14706,2010-03-31 11:09:00,619.0,1.0,390.69,0.0,0.0,25.0,0.0,1,High Recency • High Frequency
14707,2010-09-30 11:37:00,436.0,2.0,139.2,0.0,0.0,1.0,0.0,1,High Recency • High Frequency
14708,2011-12-07 08:21:00,3.0,5.0,2212.28,0.0,0.0,27.0,0.1666666666666666,1,High Recency • High Frequency
14709,2011-11-24 15:41:00,15.0,25.0,8886.33,0.24,0.0,105.0,0.074074074074074,3,Diverse Basket • Frequent
14710,2011-11-25 14:53:00,14.0,13.0,1922.59,0.1538461538461538,0.0,310.0,0.0,3,Diverse Basket • Frequent
14711,2011-11-29 14:58:00,10.0,11.0,2868.8,0.0909090909090909,0.0,221.0,0.0833333333333333,3,Diverse Basket • Frequent
14712,2011-11-10 12:59:00,29.0,4.0,1328.0700000000002,0.5,0.0,24.0,0.0,4,Weekend Shoppers
14713,2011-11-30 16:26:00,9.0,21.0,5418.87,0.0,0.0,222.0,0.16,3,Diverse Basket • Frequent
14714,2011-11-15 13:07:00,24.0,4.0,906.24,0.0,0.0,64.0,0.4285714285714285,5,High Returns
14715,2011-11-15 12:10:00,25.0,8.0,1840.45,0.0,0.0,102.0,0.0,1,High Recency • High Frequency
14716,2011-10-27 17:29:00,43.0,3.0,565.45,0.0,0.0,85.0,0.0,1,High Recency • High Frequency
14717,2009-12-06 13:05:00,733.0,1.0,81.3,1.0,0.0,11.0,0.5,4,Weekend Shoppers
14718,2010-10-25 13:07:00,410.0,1.0,226.42,0.0,0.0,11.0,0.0,1,High Recency • High Frequency
14719,2011-12-08 12:43:00,2.0,5.0,1602.13,0.0,0.0,177.0,0.1666666666666666,3,Diverse Basket • Frequent
14720,2011-12-04 12:02:00,6.0,3.0,663.8100000000001,0.6666666666666666,0.0,34.0,0.0,4,Weekend Shoppers
14721,2010-11-25 13:08:00,379.0,1.0,115.77,0.0,0.0,24.0,0.0,1,High Recency • High Frequency
14722,2011-07-15 14:58:00,147.0,3.0,513.37,0.0,0.0,72.0,0.0,1,High Recency • High Frequency
14723,2011-11-29 15:23:00,10.0,11.0,2093.06,0.1818181818181818,0.0,287.0,0.0,3,Diverse Basket • Frequent
14724,2010-04-28 13:26:00,590.0,1.0,345.25,0.0,0.0,40.0,0.0,1,High Recency • High Frequency
14725,2011-11-15 12:42:00,25.0,4.0,1315.24,0.0,0.0,85.0,0.2,5,High Returns
14726,2010-02-23 12:35:00,655.0,1.0,124.75,0.0,0.0,15.0,0.0,1,High Recency • High Frequency
14727,2011-03-10 14:45:00,274.0,3.0,467.93,0.0,0.0,43.0,0.25,5,High Returns
14728,2010-10-22 15:57:00,413.0,1.0,190.58,0.0,0.0,14.0,0.0,1,High Recency • High Frequency
14729,2010-12-01 12:43:00,374.0,3.0,907.38,0.0,0.0,126.0,0.0,1,High Recency • High Frequency
14730,2011-12-08 14:39:00,1.0,8.0,2005.06,0.0,0.0,317.0,0.0,3,Diverse Basket • Frequent
14731,2011-10-23 15:54:00,47.0,3.0,380.02,0.3333333333333333,0.0,38.0,0.0,1,High Recency • High Frequency
14732,2011-12-01 14:34:00,8.0,19.0,5517.07,0.0,0.0,162.0,0.2083333333333333,3,Diverse Basket • Frequent
14733,2011-11-23 15:39:00,16.0,15.0,16184.97,0.0666666666666666,0.0,140.0,0.1666666666666666,3,Diverse Basket • Frequent
14734,2010-10-10 12:04:00,426.0,4.0,1056.42,0.5,0.0,48.0,0.2,4,Weekend Shoppers
14735,2011-12-06 12:09:00,4.0,56.0,12240.16,0.0714285714285714,0.0,198.0,0.0508474576271186,3,Diverse Basket • Frequent
14736,2010-08-11 15:21:00,485.0,2.0,401.08,0.0,0.0,70.0,0.0,1,High Recency • High Frequency
14737,2011-12-06 10:16:00,4.0,4.0,3554.17,0.0,0.0,28.0,0.0,1,High Recency • High Frequency
14738,2011-10-28 08:56:00,43.0,9.0,1821.9,0.0,0.1111111111111111,58.0,0.25,5,High Returns
14739,2011-12-05 16:54:00,4.0,25.0,12287.5,0.08,0.0,129.0,0.1071428571428571,3,Diverse Basket • Frequent
14740,2011-05-26 18:17:00,197.0,11.0,4161.06,0.0909090909090909,0.0,173.0,0.1538461538461538,3,Diverse Basket • Frequent
14741,2011-11-28 08:48:00,12.0,7.0,1897.59,0.1428571428571428,0.0,48.0,0.0,1,High Recency • High Frequency
14742,2010-09-30 14:07:00,435.0,1.0,579.85,0.0,0.0,34.0,0.0,1,High Recency • High Frequency
14743,2010-04-26 10:26:00,593.0,1.0,50.48,0.0,0.0,3.0,0.0,1,High Recency • High Frequency
14744,2011-11-23 12:51:00,16.0,14.0,3885.08,0.0,0.0,57.0,0.1764705882352941,1,High Recency • High Frequency
14745,2011-08-19 10:05:00,113.0,12.0,2571.81,0.0833333333333333,0.0,74.0,0.2941176470588235,5,High Returns
14746,2010-10-29 14:44:00,406.0,4.0,593.5,0.0,0.0,7.0,0.0,1,High Recency • High Frequency
14747,2011-04-04 14:09:00,249.0,1.0,328.2,0.0,0.0,18.0,0.5,5,High Returns
14748,2011-11-10 18:33:00,29.0,10.0,3152.32,0.0,0.0,129.0,0.375,5,High Returns
14749,2010-08-17 12:36:00,480.0,1.0,310.15,0.0,0.0,18.0,0.0,1,High Recency • High Frequency
14750,2009-12-03 17:57:00,736.0,1.0,112.03,0.0,0.0,32.0,0.0,1,High Recency • High Frequency
14751,2010-01-24 13:37:00,684.0,2.0,126.45,1.0,0.0,7.0,0.0,4,Weekend Shoppers
14752,2011-10-27 11:55:00,44.0,1.0,389.64,0.0,0.0,5.0,0.0,1,High Recency • High Frequency
14753,2011-09-13 14:50:00,87.0,2.0,869.51,0.5,0.0,45.0,0.0,4,Weekend Shoppers
14754,2011-10-26 12:01:00,45.0,6.0,1550.48,0.1666666666666666,0.0,110.0,0.1428571428571428,1,High Recency • High Frequency
14755,2011-11-30 11:24:00,10.0,25.0,9972.55,0.12,0.0,219.0,0.1666666666666666,3,Diverse Basket • Frequent
14756,2011-11-24 18:13:00,15.0,3.0,2653.76,0.0,0.0,102.0,0.25,5,High Returns
14757,2011-09-25 14:36:00,75.0,1.0,420.5,1.0,0.0,19.0,0.0,4,Weekend Shoppers
14758,2011-07-18 08:21:00,145.0,7.0,2864.97,0.0,0.0,91.0,0.0,1,High Recency • High Frequency
14759,2011-12-05 12:03:00,5.0,3.0,1625.97,0.0,0.0,92.0,0.0,1,High Recency • High Frequency
14760,2011-02-15 16:27:00,297.0,1.0,89.2,0.0,0.0,5.0,0.5,5,High Returns
14761,2011-10-12 12:10:00,59.0,3.0,447.92,0.3333333333333333,0.0,21.0,0.0,1,High Recency • High Frequency
14762,2011-03-21 08:20:00,264.0,2.0,417.57,0.0,0.0,28.0,0.0,1,High Recency • High Frequency
14764,2011-10-24 11:54:00,47.0,1.0,278.3,0.0,0.0,6.0,0.5,5,High Returns
14765,2011-11-10 19:53:00,29.0,3.0,254.11,0.0,0.0,38.0,0.0,1,High Recency • High Frequency
14766,2011-12-01 16:05:00,8.0,11.0,6556.13,0.0909090909090909,0.0,251.0,0.2142857142857142,3,Diverse Basket • Frequent
14767,2010-08-22 14:54:00,474.0,1.0,382.81,1.0,0.0,18.0,0.0,4,Weekend Shoppers
14768,2011-11-22 12:54:00,17.0,2.0,192.6,0.0,0.0,4.0,0.3333333333333333,5,High Returns
14769,2011-12-07 10:24:00,3.0,17.0,15771.88,0.2941176470588235,0.0,834.0,0.1904761904761904,3,Diverse Basket • Frequent
14770,2011-04-21 14:21:00,232.0,8.0,3637.64,0.125,0.0,152.0,0.1111111111111111,1,High Recency • High Frequency
14771,2010-03-28 12:52:00,621.0,2.0,594.62,0.5,0.0,46.0,0.3333333333333333,4,Weekend Shoppers
14772,2011-08-19 15:04:00,112.0,1.0,139.26,0.0,0.0,9.0,0.0,1,High Recency • High Frequency
14773,2010-04-26 10:29:00,593.0,1.0,140.55,0.0,0.0,10.0,0.5,5,High Returns
14774,2010-06-29 12:26:00,529.0,1.0,241.45,0.0,0.0,13.0,0.0,1,High Recency • High Frequency
14775,2011-10-12 15:27:00,58.0,3.0,1418.46,0.0,0.0,57.0,0.0,1,High Recency • High Frequency
14776,2011-10-19 15:34:00,51.0,15.0,3708.3,0.0666666666666666,0.0,68.0,0.2105263157894736,5,High Returns
14777,2010-11-01 12:50:00,404.0,1.0,307.56,0.0,0.0,16.0,0.75,5,High Returns
14778,2011-08-04 15:23:00,127.0,2.0,730.86,0.0,0.0,34.0,0.0,1,High Recency • High Frequency
14779,2011-03-04 12:42:00,281.0,3.0,386.15,0.0,0.0,40.0,0.0,1,High Recency • High Frequency
14780,2011-10-16 12:46:00,55.0,2.0,447.68,0.5,0.0,26.0,0.0,4,Weekend Shoppers
14782,2011-01-24 11:12:00,320.0,1.0,200.1,0.0,0.0,6.0,0.0,1,High Recency • High Frequency
14783,2010-02-18 16:16:00,659.0,1.0,307.3,0.0,0.0,17.0,0.5,5,High Returns
14784,2011-11-13 13:30:00,26.0,3.0,449.93,0.3333333333333333,0.0,25.0,0.0,1,High Recency • High Frequency
14785,2011-11-29 13:21:00,10.0,2.0,77.4,0.0,0.0,2.0,0.0,1,High Recency • High Frequency
14786,2010-06-07 13:42:00,550.0,1.0,90.96,0.0,0.0,7.0,0.0,1,High Recency • High Frequency
14787,2010-08-25 14:38:00,471.0,1.0,110.65,0.0,0.0,14.0,0.0,1,High Recency • High Frequency
14788,2011-12-02 17:06:00,7.0,3.0,1156.32,0.3333333333333333,0.0,53.0,0.0,1,High Recency • High Frequency
14789,2011-11-11 08:59:00,29.0,1.0,197.64,0.0,0.0,6.0,0.0,1,High Recency • High Frequency
14790,2011-11-23 09:28:00,17.0,10.0,2526.62,0.1,0.0,65.0,0.0,1,High Recency • High Frequency
14791,2010-04-12 10:24:00,607.0,1.0,303.63,0.0,0.0,19.0,0.0,1,High Recency • High Frequency
14792,2011-10-07 09:19:00,64.0,1.0,6.2,0.0,0.0,2.0,0.5,5,High Returns
14793,2011-11-18 14:50:00,21.0,2.0,625.9000000000001,0.0,0.0,39.0,0.3333333333333333,5,High Returns
14794,2011-12-07 10:11:00,3.0,10.0,1953.9,0.1,0.0,85.0,0.2307692307692307,5,High Returns
14795,2011-06-26 13:04:00,166.0,1.0,131.45000000000002,1.0,0.0,6.0,0.0,4,Weekend Shoppers
14796,2011-12-08 15:31:00,1.0,27.0,10889.64,0.0,0.0,487.0,0.3076923076923077,3,Diverse Basket • Frequent
14797,2010-07-20 14:07:00,507.0,1.0,300.31,0.0,0.0,16.0,0.0,1,High Recency • High Frequency
14798,2011-10-18 10:58:00,53.0,8.0,724.3100000000001,0.0,0.0,30.0,0.1111111111111111,1,High Recency • High Frequency
14799,2011-10-19 16:16:00,51.0,2.0,338.15,0.0,0.0,20.0,0.0,1,High Recency • High Frequency
14800,2011-10-23 12:46:00,48.0,17.0,7774.32,0.7058823529411765,0.0,337.0,0.2608695652173913,3,Diverse Basket • Frequent
14801,2011-10-09 15:24:00,61.0,1.0,193.14,1.0,0.0,56.0,0.0,4,Weekend Shoppers
14802,2010-09-27 16:34:00,438.0,2.0,1502.98,0.0,0.0,1.0,0.6666666666666666,5,High Returns
14803,2011-06-30 13:58:00,162.0,3.0,845.55,0.3333333333333333,0.0,35.0,0.0,1,High Recency • High Frequency
14804,2011-12-01 11:20:00,9.0,1.0,353.27,0.0,0.0,12.0,0.0,1,High Recency • High Frequency
14805,2011-11-24 16:20:00,15.0,7.0,1104.64,0.7142857142857143,0.0,88.0,0.0,4,Weekend Shoppers
14806,2011-09-25 15:32:00,75.0,2.0,303.43,1.0,0.0,17.0,0.0,4,Weekend Shoppers
14807,2010-11-14 12:47:00,391.0,2.0,519.29,1.0,0.0,37.0,0.0,4,Weekend Shoppers
14808,2011-10-31 12:21:00,40.0,8.0,2741.17,0.5,0.0,176.0,0.4666666666666667,5,High Returns
14809,2010-03-28 15:44:00,621.0,2.0,686.76,1.0,0.0,18.0,0.0,4,Weekend Shoppers
14810,2011-10-30 11:19:00,41.0,13.0,2537.02,0.6923076923076923,0.0,125.0,0.0,4,Weekend Shoppers
14811,2010-11-17 13:09:00,387.0,1.0,170.5,0.0,0.0,28.0,0.0,1,High Recency • High Frequency
14812,2010-04-20 12:13:00,599.0,1.0,185.8,0.0,0.0,36.0,0.0,1,High Recency • High Frequency
14813,2010-12-05 11:57:00,370.0,4.0,1090.87,0.5,0.0,110.0,0.0,4,Weekend Shoppers
14814,2010-05-07 14:10:00,581.0,1.0,160.46,0.0,0.0,28.0,0.0,1,High Recency • High Frequency
14815,2011-11-03 11:36:00,37.0,2.0,778.5,0.0,0.0,53.0,0.0,1,High Recency • High Frequency
14816,2011-05-26 13:16:00,197.0,1.0,271.85,0.0,0.0,4.0,0.0,1,High Recency • High Frequency
14817,2011-05-23 13:35:00,200.0,7.0,3959.86,0.1428571428571428,0.0,142.0,0.2222222222222222,5,High Returns
14818,2011-09-27 11:01:00,74.0,6.0,1170.41,0.0,0.0,87.0,0.0,1,High Recency • High Frequency
14819,2011-10-06 13:41:00,64.0,4.0,470.16,0.0,0.0,52.0,0.0,1,High Recency • High Frequency
14820,2011-11-18 15:41:00,21.0,9.0,1274.76,0.5555555555555556,0.0,51.0,0.0,4,Weekend Shoppers
14821,2010-12-08 08:43:00,367.0,7.0,1286.4499999999998,0.0,0.0,65.0,0.0,1,High Recency • High Frequency
14822,2010-08-11 12:52:00,485.0,1.0,157.70000000000002,0.0,0.0,9.0,0.0,1,High Recency • High Frequency
14823,2011-06-12 13:12:00,180.0,3.0,321.43,1.0,0.0,56.0,0.0,4,Weekend Shoppers
14824,2011-11-29 14:20:00,10.0,10.0,4022.91,0.1,0.0,84.0,0.1666666666666666,1,High Recency • High Frequency
14825,2011-12-06 11:38:00,4.0,24.0,4925.08,0.0416666666666666,0.0,187.0,0.1111111111111111,3,Diverse Basket • Frequent
14826,2010-05-07 09:00:00,582.0,2.0,385.2000000000001,0.0,0.0,10.0,0.0,1,High Recency • High Frequency
14828,2011-05-27 10:16:00,197.0,13.0,9839.46,0.0769230769230769,0.0,72.0,0.0714285714285714,1,High Recency • High Frequency
14829,2011-11-10 16:16:00,29.0,7.0,1692.84,0.0,0.0,77.0,0.2222222222222222,5,High Returns
14830,2011-10-17 14:29:00,53.0,1.0,197.13,0.0,0.0,39.0,0.0,1,High Recency • High Frequency
14831,2010-01-28 14:31:00,680.0,3.0,1676.5700000000002,0.0,0.0,67.0,0.5714285714285714,5,High Returns
14832,2010-03-19 15:14:00,630.0,1.0,322.69,0.0,0.0,1.0,0.6666666666666666,5,High Returns
14833,2010-07-29 10:06:00,499.0,1.0,94.8,0.0,0.0,7.0,0.0,1,High Recency • High Frequency
14834,2011-11-22 10:30:00,18.0,7.0,2206.16,0.0,0.0,55.0,0.2222222222222222,5,High Returns
14835,2010-06-29 10:08:00,529.0,2.0,297.0,0.0,0.0,1.0,0.3333333333333333,5,High Returns
14836,2011-11-29 16:45:00,10.0,3.0,102.45,0.0,0.0,5.0,0.0,1,High Recency • High Frequency
14837,2011-09-11 10:58:00,90.0,9.0,3460.32,0.5555555555555556,0.0,171.0,0.25,4,Weekend Shoppers
14838,2010-10-12 15:46:00,423.0,2.0,773.6700000000001,0.0,0.0,69.0,0.0,1,High Recency • High Frequency
14839,2010-10-17 13:01:00,418.0,3.0,915.28,0.6666666666666666,0.0,61.0,0.0,4,Weekend Shoppers
14840,2011-03-17 12:00:00,268.0,2.0,362.71,0.0,0.0,20.0,0.3333333333333333,5,High Returns
14841,2011-10-17 15:03:00,53.0,14.0,7163.0,0.0,0.0,196.0,0.0,3,Diverse Basket • Frequent
14842,2011-10-27 12:37:00,44.0,4.0,2824.69,0.0,0.0,128.0,0.5,5,High Returns
14843,2010-09-29 12:39:00,437.0,1.0,211.8,0.0,0.0,9.0,0.0,1,High Recency • High Frequency
14844,2011-10-07 10:41:00,64.0,10.0,6702.43,0.0,0.0,158.0,0.1666666666666666,3,Diverse Basket • Frequent
14845,2010-04-19 10:19:00,600.0,1.0,150.0,0.0,0.0,1.0,0.0,1,High Recency • High Frequency
14846,2010-10-08 17:07:00,427.0,1.0,437.4,0.0,0.0,12.0,0.5,5,High Returns
14847,2011-07-14 10:52:00,149.0,3.0,1348.9499999999998,0.0,0.0,56.0,0.25,5,High Returns
14848,2010-10-31 12:22:00,405.0,1.0,310.56,1.0,0.0,11.0,0.0,4,Weekend Shoppers
14849,2011-11-18 10:58:00,22.0,43.0,15763.45,0.1395348837209302,0.0,279.0,0.14,3,Diverse Basket • Frequent
14850,2011-02-01 11:21:00,312.0,7.0,1794.0100000000002,0.4285714285714285,0.0,129.0,0.2222222222222222,4,Weekend Shoppers
14851,2011-11-16 14:20:00,23.0,3.0,829.4100000000001,0.0,0.0,38.0,0.0,1,High Recency • High Frequency
14852,2011-10-12 13:20:00,58.0,18.0,6147.18,0.0555555555555555,0.0,152.0,0.1428571428571428,3,Diverse Basket • Frequent
14853,2011-11-15 16:56:00,24.0,5.0,1376.87,0.0,0.0,26.0,0.2857142857142857,5,High Returns
14854,2011-09-22 17:00:00,78.0,11.0,4322.86,0.0909090909090909,0.0,170.0,0.2142857142857142,3,Diverse Basket • Frequent
14855,2011-08-12 14:02:00,119.0,7.0,6520.3,0.2857142857142857,0.0,168.0,0.0,3,Diverse Basket • Frequent
14856,2011-11-03 14:53:00,36.0,3.0,1311.38,0.0,0.0,65.0,0.0,1,High Recency • High Frequency
14857,2011-10-11 09:23:00,60.0,7.0,3651.851,0.0,0.0,170.0,0.3,5,High Returns
14858,2010-07-22 10:51:00,506.0,1.0,180.75,0.0,0.0,11.0,0.0,1,High Recency • High Frequency
14859,2011-11-27 11:18:00,13.0,5.0,1705.64,0.4,0.0,51.0,0.1666666666666666,1,High Recency • High Frequency
14860,2011-11-20 14:17:00,19.0,1.0,170.32,1.0,0.0,11.0,0.5,4,Weekend Shoppers
14861,2011-10-18 12:54:00,52.0,10.0,1380.73,0.1,0.0,62.0,0.2857142857142857,5,High Returns
14862,2011-11-14 10:01:00,26.0,2.0,841.2,0.0,0.0,47.0,0.0,1,High Recency • High Frequency
14863,2011-11-10 15:04:00,29.0,1.0,266.76,0.0,0.0,11.0,0.0,1,High Recency • High Frequency
14865,2011-12-02 16:25:00,7.0,4.0,129.72000000000003,0.0,0.0,4.0,0.0,1,High Recency • High Frequency
14866,2011-11-29 11:45:00,11.0,19.0,20850.22,0.0526315789473684,0.0,40.0,0.05,3,Diverse Basket • Frequent
14867,2011-06-07 11:39:00,186.0,16.0,2952.06,0.125,0.0,67.0,0.1578947368421052,1,High Recency • High Frequency
14868,2011-12-06 14:49:00,3.0,12.0,4184.01,0.0833333333333333,0.0,132.0,0.0769230769230769,3,Diverse Basket • Frequent
14869,2011-12-01 12:36:00,9.0,6.0,2804.24,0.5,0.0,187.0,0.3333333333333333,3,Diverse Basket • Frequent
14870,2011-03-23 10:51:00,262.0,6.0,1838.95,0.0,0.0,43.0,0.3333333333333333,5,High Returns
14871,2011-12-06 13:42:00,3.0,9.0,1258.97,0.0,0.0,123.0,0.0,1,High Recency • High Frequency
14872,2010-08-13 12:34:00,484.0,3.0,816.6,0.0,0.0,34.0,0.25,5,High Returns
14873,2011-05-13 13:52:00,210.0,2.0,854.1299999999999,0.0,0.0,48.0,0.0,1,High Recency • High Frequency
14874,2010-06-22 14:58:00,535.0,1.0,116.18,0.0,0.0,6.0,0.0,1,High Recency • High Frequency
14875,2011-08-24 12:20:00,108.0,3.0,2862.4,0.0,0.0,88.0,0.5714285714285714,5,High Returns
14876,2010-07-06 14:57:00,521.0,2.0,256.7,0.0,0.0,12.0,0.0,1,High Recency • High Frequency
14877,2010-10-17 13:09:00,418.0,2.0,437.0,1.0,0.0,57.0,0.0,4,Weekend Shoppers
14878,2011-11-27 11:15:00,13.0,25.0,4105.24,0.68,0.0,159.0,0.1071428571428571,3,Diverse Basket • Frequent
14879,2010-01-24 11:35:00,685.0,1.0,185.06,1.0,0.0,27.0,0.0,4,Weekend Shoppers
14880,2011-09-23 13:42:00,77.0,3.0,706.19,0.0,0.0,45.0,0.0,1,High Recency • High Frequency
14881,2011-11-20 11:06:00,20.0,1.0,255.4,1.0,0.0,17.0,0.0,4,Weekend Shoppers
14882,2011-11-13 12:47:00,27.0,14.0,3628.15,0.2857142857142857,0.0,32.0,0.0666666666666666,1,High Recency • High Frequency
14883,2011-11-21 10:23:00,19.0,6.0,761.59,0.0,0.0,39.0,0.1428571428571428,1,High Recency • High Frequency
14884,2010-02-08 12:56:00,669.0,1.0,120.6,0.0,0.0,8.0,0.0,1,High Recency • High Frequency
14885,2011-07-31 12:05:00,132.0,3.0,1598.12,0.3333333333333333,0.0,24.0,0.25,5,High Returns
14886,2011-04-01 08:56:00,253.0,1.0,364.8,0.0,0.0,18.0,0.0,1,High Recency • High Frequency
14887,2011-09-21 15:32:00,79.0,1.0,1862.0,0.0,0.0,6.0,0.0,1,High Recency • High Frequency
14888,2011-05-16 14:58:00,207.0,1.0,369.2,0.0,0.0,20.0,0.0,1,High Recency • High Frequency
14889,2011-01-07 15:19:00,336.0,1.0,135.9,0.0,0.0,10.0,0.0,1,High Recency • High Frequency
14890,2011-03-31 11:57:00,254.0,3.0,817.25,0.0,0.0,55.0,0.0,1,High Recency • High Frequency
14891,2011-07-14 18:08:00,148.0,4.0,1106.73,0.25,0.0,55.0,0.0,1,High Recency • High Frequency
14892,2010-01-18 08:58:00,691.0,1.0,202.35,0.0,0.0,13.0,0.0,1,High Recency • High Frequency
14893,2011-11-30 12:31:00,10.0,3.0,1809.61,0.0,0.0,98.0,0.5,5,High Returns
14894,2011-09-15 13:51:00,85.0,3.0,1492.81,0.0,0.0,39.0,0.4,5,High Returns
14895,2011-12-02 09:23:00,8.0,38.0,25119.54,0.2368421052631578,0.0,441.0,0.2083333333333333,3,Diverse Basket • Frequent
14896,2011-05-19 10:20:00,205.0,8.0,2092.42,0.375,0.0,150.0,0.2,3,Diverse Basket • Frequent
14897,2011-12-02 10:32:00,8.0,8.0,3140.54,0.0,0.0,94.0,0.1111111111111111,1,High Recency • High Frequency
14898,2011-11-16 14:54:00,23.0,14.0,3507.81,0.1428571428571428,0.0,185.0,0.2222222222222222,3,Diverse Basket • Frequent
14899,2010-11-09 15:20:00,395.0,1.0,1384.88,0.0,0.0,126.0,0.0,1,High Recency • High Frequency
14900,2010-07-05 15:09:00,522.0,1.0,13.919999999999998,0.0,0.0,1.0,0.0,1,High Recency • High Frequency
14901,2011-11-28 17:09:00,11.0,12.0,2289.65,0.0,0.0,103.0,0.0769230769230769,1,High Recency • High Frequency
14902,2011-11-14 10:34:00,26.0,3.0,1035.62,0.0,0.0,51.0,0.4,5,High Returns
14903,2011-11-18 16:07:00,21.0,5.0,2810.63,0.4,0.0,227.0,0.5,5,High Returns
14904,2011-12-07 12:55:00,2.0,4.0,1640.64,0.0,0.0,127.0,0.0,1,High Recency • High Frequency
14905,2011-07-05 12:41:00,158.0,8.0,1971.39,0.0,0.0,45.0,0.2,1,High Recency • High Frequency
14906,2010-09-20 16:30:00,445.0,1.0,68.44,0.0,0.0,1.0,0.6666666666666666,5,High Returns
14907,2011-12-06 14:14:00,3.0,16.0,6165.79,0.0625,0.0,153.0,0.3043478260869565,3,Diverse Basket • Frequent
14908,2011-09-26 12:56:00,74.0,2.0,381.9,0.0,0.0,14.0,0.0,1,High Recency • High Frequency
14909,2010-09-28 16:56:00,437.0,3.0,1404.6799999999998,0.3333333333333333,0.0,61.0,0.4,5,High Returns
14910,2011-12-07 10:06:00,3.0,4.0,434.35,0.25,0.0,25.0,0.4285714285714285,5,High Returns
14911,2011-12-08 15:54:00,1.0,398.0,295972.63,0.0678391959798995,0.0,2550.0,0.2196078431372549,2,High Spend • Frequent
14912,2011-11-23 09:20:00,17.0,6.0,1889.25,0.0,0.0,44.0,0.4545454545454545,5,High Returns
14913,2011-11-04 08:29:00,36.0,8.0,4073.13,0.0,0.0,176.0,0.0,3,Diverse Basket • Frequent
14915,2011-09-09 13:34:00,91.0,11.0,1811.25,0.0,0.0,65.0,0.1538461538461538,1,High Recency • High Frequency
14916,2011-09-30 09:20:00,71.0,8.0,3042.9500000000003,0.125,0.0,113.0,0.2727272727272727,5,High Returns
14917,2010-04-22 11:28:00,597.0,2.0,1123.75,0.0,0.0,29.0,0.0,1,High Recency • High Frequency
14918,2011-08-16 11:50:00,116.0,9.0,5955.81,0.1111111111111111,0.0,79.0,0.0,1,High Recency • High Frequency
14919,2010-06-18 13:06:00,539.0,1.0,359.35,0.0,0.0,13.0,0.0,1,High Recency • High Frequency
14920,2011-05-11 10:32:00,213.0,3.0,1607.17,0.3333333333333333,0.0,90.0,0.0,1,High Recency • High Frequency
14921,2011-11-09 13:17:00,30.0,2.0,1316.07,0.5,0.0,78.0,0.0,4,Weekend Shoppers
14922,2010-11-11 11:14:00,394.0,2.0,843.74,0.0,0.0,49.0,0.0,1,High Recency • High Frequency
14923,2011-10-20 11:51:00,51.0,1.0,749.1,0.0,0.0,44.0,0.0,1,High Recency • High Frequency
14924,2011-04-08 09:25:00,246.0,3.0,931.01,0.0,0.0,30.0,0.0,1,High Recency • High Frequency
14926,2010-11-23 07:13:00,382.0,2.0,359.4,0.0,0.0,2.0,0.3333333333333333,5,High Returns
14927,2010-11-08 12:30:00,397.0,1.0,308.2,0.0,0.0,20.0,0.0,1,High Recency • High Frequency
14928,2010-03-22 09:14:00,628.0,1.0,223.91000000000005,0.0,0.0,21.0,0.5,5,High Returns
14929,2011-11-07 17:21:00,32.0,2.0,836.69,0.0,0.0,34.0,0.0,1,High Recency • High Frequency
14930,2011-08-23 10:31:00,109.0,6.0,5246.63,0.0,0.0,213.0,0.3333333333333333,5,High Returns
14931,2011-12-05 10:19:00,5.0,5.0,1257.68,0.0,0.0,30.0,0.1666666666666666,1,High Recency • High Frequency
14932,2010-12-09 11:48:00,366.0,2.0,1029.66,0.0,0.0,29.0,0.0,1,High Recency • High Frequency
14933,2010-09-22 10:47:00,444.0,4.0,1770.0,0.0,0.0,1.0,0.2,1,High Recency • High Frequency
14934,2011-09-19 10:10:00,82.0,5.0,3503.5,0.0,0.0,115.0,0.4444444444444444,5,High Returns
14935,2011-02-15 14:44:00,297.0,2.0,2849.83,0.0,0.0,25.0,0.0,1,High Recency • High Frequency
14936,2011-11-06 10:30:00,34.0,12.0,12410.81,0.25,0.0,267.0,0.1428571428571428,3,Diverse Basket • Frequent
14937,2011-10-14 12:29:00,57.0,3.0,1621.88,0.0,0.0,33.0,0.25,5,High Returns
14938,2010-05-26 13:38:00,562.0,2.0,2322.43,0.0,0.0,71.0,0.5,5,High Returns
14940,2010-10-18 10:47:00,418.0,2.0,531.49,0.5,0.0,32.0,0.0,4,Weekend Shoppers
14941,2010-05-10 11:30:00,579.0,1.0,182.1,0.0,0.0,7.0,0.0,1,High Recency • High Frequency
14942,2010-11-03 10:51:00,402.0,4.0,746.56,0.0,0.0,12.0,0.2,1,High Recency • High Frequency
14943,2010-02-14 16:04:00,663.0,1.0,107.62,1.0,0.0,5.0,0.0,4,Weekend Shoppers
14944,2011-11-10 09:10:00,30.0,19.0,9784.67,0.0,0.0,184.0,0.2083333333333333,3,Diverse Basket • Frequent
14945,2010-10-22 11:26:00,414.0,1.0,179.4,0.0,0.0,11.0,0.0,1,High Recency • High Frequency
14946,2011-11-25 13:33:00,14.0,1.0,100.9,0.0,0.0,3.0,0.0,1,High Recency • High Frequency
14947,2011-09-28 15:48:00,72.0,6.0,1049.79,0.0,0.0,47.0,0.0,1,High Recency • High Frequency
14948,2011-11-16 17:16:00,23.0,6.0,1101.9699999999998,0.0,0.0,56.0,0.1428571428571428,1,High Recency • High Frequency
14949,2010-08-27 15:38:00,469.0,4.0,515.0,0.0,0.0,16.0,0.3333333333333333,5,High Returns
14950,2011-11-20 13:48:00,19.0,1.0,371.2,1.0,0.0,19.0,0.5,4,Weekend Shoppers
14951,2011-09-21 15:15:00,79.0,1.0,311.69,0.0,0.0,20.0,0.0,1,High Recency • High Frequency
14952,2011-10-11 10:33:00,60.0,32.0,17629.35,0.03125,0.0,240.0,0.2558139534883721,3,Diverse Basket • Frequent
14953,2011-11-14 14:59:00,25.0,4.0,1013.77,0.5,0.0,202.0,0.2,3,Diverse Basket • Frequent
14954,2011-11-27 14:30:00,12.0,2.0,503.44000000000005,0.5,0.0,111.0,0.0,4,Weekend Shoppers
14955,2009-12-07 11:35:00,733.0,1.0,163.77,0.0,0.0,30.0,0.0,1,High Recency • High Frequency
14956,2010-10-14 16:40:00,421.0,1.0,1325.0,0.0,0.0,4.0,0.0,1,High Recency • High Frequency
14957,2011-03-31 17:59:00,253.0,2.0,333.29,0.0,0.0,27.0,0.0,1,High Recency • High Frequency
14958,2011-07-15 14:20:00,147.0,6.0,957.94,0.0,0.0,52.0,0.0,1,High Recency • High Frequency
14959,2011-10-06 18:23:00,64.0,4.0,695.42,0.25,0.0,37.0,0.2,5,High Returns
14960,2011-12-01 12:54:00,8.0,2.0,221.27,0.0,0.0,23.0,0.0,1,High Recency • High Frequency
14961,2011-11-29 09:42:00,11.0,22.0,16410.15,0.0454545454545454,0.0,328.0,0.2142857142857142,3,Diverse Basket • Frequent
14962,2011-03-14 09:42:00,271.0,4.0,366.91,0.0,0.0,14.0,0.0,1,High Recency • High Frequency
14963,2011-11-30 12:16:00,10.0,12.0,3164.48,0.0833333333333333,0.0,304.0,0.0769230769230769,3,Diverse Basket • Frequent
14964,2011-04-06 14:13:00,247.0,1.0,206.21,0.0,0.0,13.0,0.0,1,High Recency • High Frequency
14965,2011-09-04 13:20:00,96.0,2.0,599.0,1.0,0.0,80.0,0.0,4,Weekend Shoppers
14966,2011-11-25 12:20:00,15.0,6.0,1115.84,0.0,0.0,125.0,0.0,1,High Recency • High Frequency
14967,2011-10-21 11:06:00,50.0,6.0,1982.61,0.0,0.0,22.0,0.1428571428571428,1,High Recency • High Frequency
14968,2011-11-09 13:58:00,30.0,2.0,504.99,0.0,0.0,83.0,0.0,1,High Recency • High Frequency
14969,2010-01-05 12:43:00,704.0,1.0,906.23,0.0,0.0,13.0,0.0,1,High Recency • High Frequency
14970,2011-10-02 13:44:00,68.0,12.0,4919.35,0.5833333333333334,0.0,71.0,0.25,4,Weekend Shoppers
14971,2011-11-04 17:07:00,35.0,3.0,1116.57,0.0,0.0,144.0,0.0,1,High Recency • High Frequency
14972,2011-08-03 14:54:00,128.0,2.0,145.07,0.0,0.0,20.0,0.0,1,High Recency • High Frequency
14973,2011-08-24 15:51:00,107.0,3.0,1314.45,0.0,0.0,29.0,0.0,1,High Recency • High Frequency
14974,2011-11-02 13:01:00,37.0,1.0,114.39,0.0,0.0,17.0,0.0,1,High Recency • High Frequency
14975,2011-10-13 14:08:00,57.0,2.0,472.39,0.0,0.0,25.0,0.0,1,High Recency • High Frequency
14976,2011-10-13 16:37:00,57.0,7.0,790.86,0.0,0.0,47.0,0.125,1,High Recency • High Frequency
14977,2009-12-14 10:37:00,726.0,1.0,31.93,0.0,0.0,4.0,0.0,1,High Recency • High Frequency
14978,2011-09-28 13:07:00,72.0,10.0,3142.14,0.0,0.0,175.0,0.1666666666666666,3,Diverse Basket • Frequent
14979,2009-12-04 12:54:00,735.0,1.0,439.46,0.0,0.0,42.0,0.0,1,High Recency • High Frequency
14980,2009-12-02 14:09:00,737.0,1.0,150.68,0.0,0.0,24.0,0.0,1,High Recency • High Frequency
14981,2011-04-07 13:45:00,246.0,2.0,372.92,0.0,0.0,20.0,0.3333333333333333,5,High Returns
14982,2010-05-16 15:52:00,572.0,1.0,237.78,1.0,0.0,39.0,0.0,4,Weekend Shoppers
14983,2010-01-19 17:32:00,689.0,1.0,183.2,0.0,0.0,30.0,0.0,1,High Recency • High Frequency
14984,2011-11-20 14:28:00,19.0,6.0,1271.41,0.6666666666666666,0.0,48.0,0.0,4,Weekend Shoppers
14985,2011-05-25 14:29:00,198.0,2.0,296.75,0.0,0.0,78.0,0.0,1,High Recency • High Frequency
14986,2010-11-28 15:25:00,376.0,2.0,566.9,1.0,0.0,87.0,0.0,4,Weekend Shoppers
14987,2011-11-24 09:59:00,16.0,8.0,1713.85,0.25,0.0,4.0,0.1111111111111111,1,High Recency • High Frequency
14988,2011-05-12 12:05:00,212.0,7.0,2066.6,0.0,0.0,171.0,0.0,1,High Recency • High Frequency
14989,2010-02-16 10:40:00,662.0,1.0,342.4,0.0,0.0,18.0,0.0,1,High Recency • High Frequency
14990,2010-04-06 13:54:00,612.0,2.0,305.42,0.0,0.0,41.0,0.0,1,High Recency • High Frequency
14991,2010-10-05 13:01:00,430.0,1.0,314.67,0.0,0.0,21.0,0.0,1,High Recency • High Frequency
14992,2010-09-23 17:48:00,442.0,1.0,210.5,0.0,0.0,27.0,0.0,1,High Recency • High Frequency
14993,2010-05-25 12:47:00,564.0,1.0,36.13,0.0,0.0,9.0,0.0,1,High Recency • High Frequency
14994,2010-11-22 12:59:00,382.0,5.0,960.63,0.0,0.0,233.0,0.375,5,High Returns
14995,2011-11-01 11:39:00,39.0,2.0,233.23,0.0,0.0,53.0,0.0,1,High Recency • High Frequency
14996,2010-08-15 13:44:00,481.0,2.0,442.29,1.0,0.0,37.0,0.0,4,Weekend Shoppers
14997,2011-10-24 13:28:00,46.0,4.0,776.6,0.0,0.0,36.0,0.2,5,High Returns
14998,2011-06-22 17:30:00,170.0,4.0,770.73,0.0,0.0,111.0,0.0,1,High Recency • High Frequency
14999,2010-04-26 10:47:00,593.0,1.0,129.48000000000002,0.0,0.0,9.0,0.0,1,High Recency • High Frequency
15000,2011-10-23 11:42:00,48.0,1.0,490.52,1.0,0.0,76.0,0.0,4,Weekend Shoppers
15001,2010-11-10 13:51:00,394.0,2.0,230.86,0.0,0.0,44.0,0.0,1,High Recency • High Frequency
15002,2011-08-16 10:44:00,116.0,9.0,4817.28,0.0,0.0,220.0,0.0,3,Diverse Basket • Frequent
15003,2010-08-23 15:44:00,473.0,6.0,1060.7,0.0,0.0,253.0,0.1428571428571428,1,High Recency • High Frequency
15004,2011-07-15 14:05:00,147.0,1.0,1246.32,0.0,0.0,154.0,0.0,1,High Recency • High Frequency
15005,2011-11-24 12:25:00,16.0,56.0,14106.2,0.0892857142857142,0.0,591.0,0.2631578947368421,3,Diverse Basket • Frequent
15006,2011-10-19 15:08:00,51.0,2.0,825.14,0.5,0.0,165.0,0.0,4,Weekend Shoppers
15007,2011-07-03 16:00:00,159.0,1.0,156.91,1.0,0.0,12.0,0.0,4,Weekend Shoppers
15008,2010-08-16 13:09:00,480.0,2.0,360.0,0.0,0.0,6.0,0.0,1,High Recency • High Frequency
15009,2011-11-27 13:35:00,12.0,3.0,1261.7800000000002,0.6666666666666666,0.0,148.0,0.0,4,Weekend Shoppers
15010,2011-11-04 12:42:00,36.0,1.0,308.94,0.0,0.0,20.0,0.0,1,High Recency • High Frequency
15011,2010-11-09 11:10:00,396.0,2.0,416.6,0.0,0.0,17.0,0.0,1,High Recency • High Frequency
15012,2011-10-17 12:22:00,54.0,3.0,860.62,0.0,0.0,165.0,0.0,1,High Recency • High Frequency
15013,2010-08-09 12:05:00,488.0,10.0,1641.3,0.3,0.0,177.0,0.0,1,High Recency • High Frequency
15014,2011-10-27 20:07:00,43.0,2.0,260.17,0.0,0.5,29.0,0.0,0,Night Shoppers
15015,2010-07-26 13:50:00,501.0,13.0,2365.02,0.0769230769230769,0.0,158.0,0.35,5,High Returns
15016,2011-06-20 12:06:00,173.0,5.0,630.3,0.0,0.0,93.0,0.1666666666666666,1,High Recency • High Frequency
15017,2011-11-06 10:33:00,34.0,1.0,125.58,1.0,0.0,20.0,0.0,4,Weekend Shoppers
15018,2011-11-01 12:47:00,39.0,3.0,607.46,0.0,0.0,30.0,0.25,5,High Returns
15019,2011-03-18 12:35:00,267.0,1.0,266.0,0.0,0.0,64.0,0.0,1,High Recency • High Frequency
15020,2010-11-25 13:29:00,379.0,1.0,203.42,0.0,0.0,27.0,0.0,1,High Recency • High Frequency
15021,2011-12-01 11:53:00,9.0,12.0,2783.83,0.1666666666666666,0.0,355.0,0.2941176470588235,3,Diverse Basket • Frequent
15022,2011-11-28 12:35:00,12.0,5.0,1186.09,0.8,0.0,115.0,0.0,4,Weekend Shoppers
15023,2011-12-06 17:23:00,3.0,20.0,12170.68,0.1,0.0,486.0,0.1304347826086956,3,Diverse Basket • Frequent
15024,2011-11-30 12:06:00,10.0,16.0,4075.51,0.0,0.0,168.0,0.0,3,Diverse Basket • Frequent
15025,2011-11-06 15:20:00,33.0,2.0,1013.09,0.5,0.0,132.0,0.0,4,Weekend Shoppers
15026,2011-09-20 13:52:00,80.0,5.0,1061.61,0.0,0.0,109.0,0.0,1,High Recency • High Frequency
15027,2011-11-09 10:16:00,31.0,10.0,3195.6,0.0,0.0,69.0,0.2307692307692307,5,High Returns
15028,2011-12-01 14:06:00,8.0,6.0,1157.71,0.0,0.0,65.0,0.0,1,High Recency • High Frequency
15029,2010-03-30 12:16:00,620.0,1.0,365.1,0.0,0.0,10.0,0.5,5,High Returns
15030,2011-09-29 10:50:00,72.0,8.0,1979.91,0.125,0.0,25.0,0.1111111111111111,1,High Recency • High Frequency
15031,2011-12-05 14:19:00,4.0,14.0,3156.58,0.1428571428571428,0.0,237.0,0.125,3,Diverse Basket • Frequent
15032,2011-03-28 15:03:00,256.0,8.0,13780.65,0.0,0.0,39.0,0.2,1,High Recency • High Frequency
15033,2011-12-05 12:40:00,5.0,10.0,2586.67,0.2,0.0,315.0,0.0909090909090909,3,Diverse Basket • Frequent
15034,2011-11-24 12:11:00,16.0,14.0,8313.4,0.1428571428571428,0.0,416.0,0.1764705882352941,3,Diverse Basket • Frequent
15035,2011-09-11 11:08:00,90.0,1.0,252.73,1.0,0.0,26.0,0.0,4,Weekend Shoppers
15036,2011-09-28 15:42:00,72.0,3.0,465.55,0.0,0.0,107.0,0.0,1,High Recency • High Frequency
15037,2010-11-28 13:05:00,376.0,2.0,402.51,1.0,0.0,40.0,0.0,4,Weekend Shoppers
15038,2011-10-12 11:33:00,59.0,9.0,1309.86,0.8888888888888888,0.0,190.0,0.1,4,Weekend Shoppers
15039,2011-11-30 11:31:00,10.0,93.0,40031.43,0.032258064516129,0.0,562.0,0.1308411214953271,3,Diverse Basket • Frequent
15040,2010-06-16 11:40:00,542.0,1.0,7.49,0.0,0.0,1.0,0.0,1,High Recency • High Frequency
15041,2011-06-22 16:16:00,170.0,2.0,294.02,0.0,0.0,98.0,0.0,1,High Recency • High Frequency
15042,2011-05-24 16:25:00,199.0,2.0,315.45000000000005,0.0,0.0,9.0,0.0,1,High Recency • High Frequency
15043,2011-11-08 14:26:00,31.0,6.0,2873.8,0.0,0.0,39.0,0.0,1,High Recency • High Frequency
15044,2011-11-20 13:20:00,19.0,35.0,16204.330000000002,0.1428571428571428,0.0,344.0,0.2553191489361702,3,Diverse Basket • Frequent
15045,2011-07-11 11:33:00,152.0,2.0,735.66,0.5,0.0,11.0,0.3333333333333333,5,High Returns
15046,2011-11-30 15:50:00,9.0,25.0,7812.39,0.4,0.0,248.0,0.1071428571428571,3,Diverse Basket • Frequent
15047,2011-03-15 10:49:00,270.0,1.0,343.62,0.0,0.0,22.0,0.0,1,High Recency • High Frequency
15048,2011-10-05 14:55:00,65.0,4.0,482.75,0.0,0.0,86.0,0.2,5,High Returns
15049,2011-03-11 12:13:00,274.0,1.0,121.17000000000002,0.0,0.0,3.0,0.0,1,High Recency • High Frequency
15050,2011-11-14 16:17:00,25.0,5.0,4193.79,0.0,0.0,116.0,0.2857142857142857,5,High Returns
15051,2011-11-16 15:38:00,23.0,9.0,3935.16,0.0,0.0,226.0,0.1,3,Diverse Basket • Frequent
15052,2011-01-24 15:52:00,319.0,1.0,215.78,0.0,0.0,27.0,0.0,1,High Recency • High Frequency
15053,2011-12-05 12:08:00,5.0,3.0,697.79,0.0,0.0,49.0,0.0,1,High Recency • High Frequency
15054,2011-11-27 15:02:00,12.0,2.0,302.1,1.0,0.0,105.0,0.0,4,Weekend Shoppers
15055,2010-08-22 11:06:00,475.0,3.0,560.0699999999999,0.6666666666666666,0.0,77.0,0.0,4,Weekend Shoppers
15056,2010-07-07 15:58:00,520.0,1.0,133.45,0.0,0.0,6.0,0.0,1,High Recency • High Frequency
15057,2011-03-09 15:17:00,275.0,5.0,3255.96,0.2,0.0,62.0,0.1666666666666666,1,High Recency • High Frequency
15058,2011-11-14 14:57:00,25.0,16.0,3410.03,0.4375,0.0,232.0,0.0588235294117647,3,Diverse Basket • Frequent
15059,2011-10-30 11:35:00,41.0,19.0,3523.57,0.6842105263157895,0.0,308.0,0.2962962962962963,3,Diverse Basket • Frequent
15060,2011-12-01 13:47:00,8.0,4.0,303.09,0.0,0.0,81.0,0.0,1,High Recency • High Frequency
15061,2011-12-06 12:06:00,4.0,127.0,137818.52,0.0236220472440944,0.0,131.0,0.0797101449275362,2,High Spend • Frequent
15062,2011-09-29 16:51:00,71.0,8.0,2585.62,0.0,0.0,98.0,0.0,1,High Recency • High Frequency
15063,2011-05-10 13:25:00,213.0,1.0,370.8,0.0,0.0,5.0,0.0,1,High Recency • High Frequency
15064,2010-10-25 14:32:00,410.0,4.0,1254.41,0.0,0.0,75.0,0.0,1,High Recency • High Frequency
15065,2011-11-02 09:45:00,38.0,5.0,3326.86,0.0,0.0,156.0,0.2857142857142857,5,High Returns
15066,2011-10-17 13:25:00,53.0,1.0,893.59,0.0,0.0,42.0,0.5,5,High Returns
15067,2011-09-22 13:20:00,78.0,5.0,3877.88,0.2,0.0,170.0,0.1666666666666666,3,Diverse Basket • Frequent
15068,2011-10-24 14:47:00,46.0,4.0,1176.85,0.5,0.0,178.0,0.0,4,Weekend Shoppers
15069,2011-06-13 14:16:00,179.0,1.0,1109.53,0.0,0.0,70.0,0.0,1,High Recency • High Frequency
15070,2010-12-02 11:23:00,373.0,3.0,843.25,0.0,0.0,26.0,0.0,1,High Recency • High Frequency
15071,2011-09-07 11:43:00,94.0,4.0,1455.5600000000002,0.0,0.0,41.0,0.0,1,High Recency • High Frequency
15072,2010-08-17 15:46:00,479.0,1.0,187.52,0.0,0.0,13.0,0.0,1,High Recency • High Frequency
15073,2011-11-30 10:44:00,10.0,8.0,2788.02,0.0,0.0,115.0,0.1111111111111111,1,High Recency • High Frequency
15074,2011-08-26 14:45:00,105.0,3.0,1566.33,0.3333333333333333,0.0,63.0,0.0,1,High Recency • High Frequency
15075,2011-09-23 12:27:00,78.0,1.0,773.03,0.0,0.0,27.0,0.0,1,High Recency • High Frequency
15076,2011-06-20 08:23:00,173.0,3.0,1447.7400000000002,0.0,0.0,68.0,0.4,5,High Returns
15077,2010-08-02 11:13:00,495.0,2.0,2428.08,0.0,0.0,28.0,0.5,5,High Returns
15078,2011-12-02 15:41:00,7.0,53.0,17761.88,0.0188679245283018,0.0,118.0,0.171875,3,Diverse Basket • Frequent
15079,2011-05-11 12:45:00,213.0,11.0,3767.35,0.0,0.0,119.0,0.3529411764705882,5,High Returns
15080,2010-10-08 11:52:00,428.0,2.0,546.25,0.0,0.0,31.0,0.0,1,High Recency • High Frequency
15081,2011-11-17 17:08:00,22.0,12.0,1965.72,0.0833333333333333,0.0,75.0,0.0769230769230769,1,High Recency • High Frequency
15082,2010-02-09 10:23:00,669.0,1.0,93.35,0.0,0.0,6.0,0.0,1,High Recency • High Frequency
15083,2011-03-28 12:18:00,257.0,1.0,88.2,0.0,0.0,5.0,0.0,1,High Recency • High Frequency
15084,2010-11-25 11:58:00,380.0,2.0,965.2,0.0,0.0,31.0,0.0,1,High Recency • High Frequency
15085,2009-12-10 11:47:00,730.0,1.0,347.54,0.0,0.0,9.0,0.0,1,High Recency • High Frequency
15086,2010-05-24 12:27:00,565.0,2.0,218.53,0.0,0.0,10.0,0.0,1,High Recency • High Frequency
15087,2011-03-03 10:34:00,282.0,1.0,306.94,0.0,0.0,15.0,0.0,1,High Recency • High Frequency
15088,2011-11-18 13:14:00,21.0,2.0,1160.0700000000002,0.0,0.0,53.0,0.3333333333333333,5,High Returns
15089,2011-11-29 16:31:00,10.0,6.0,2420.84,0.0,0.0,139.0,0.0,1,High Recency • High Frequency
15090,2011-02-04 14:03:00,308.0,1.0,381.32,0.0,0.0,23.0,0.0,1,High Recency • High Frequency
15091,2011-10-03 12:47:00,68.0,3.0,1046.61,0.0,0.0,55.0,0.5,5,High Returns
15092,2011-05-08 14:10:00,215.0,3.0,776.46,0.3333333333333333,0.0,39.0,0.25,5,High Returns
15093,2011-11-21 13:09:00,18.0,23.0,14326.11,0.1304347826086956,0.0,104.0,0.3235294117647059,3,Diverse Basket • Frequent
15094,2010-09-02 16:55:00,463.0,2.0,83.0,0.0,0.0,4.0,0.0,1,High Recency • High Frequency
15095,2011-08-28 12:01:00,104.0,10.0,3141.64,0.3,0.0,90.0,0.0909090909090909,1,High Recency • High Frequency
15096,2011-10-28 10:27:00,43.0,1.0,219.39,0.0,0.0,11.0,0.0,1,High Recency • High Frequency
15097,2011-12-05 14:03:00,4.0,3.0,908.35,0.0,0.0,59.0,0.4,5,High Returns
15098,2011-06-10 15:33:00,182.0,3.0,39916.5,0.0,0.0,1.0,0.4,5,High Returns
15099,2011-09-16 13:13:00,84.0,1.0,410.48,0.0,0.0,23.0,0.0,1,High Recency • High Frequency
15100,2011-01-10 10:35:00,334.0,7.0,2894.7,0.0,0.0,11.0,0.5,5,High Returns
15101,2011-12-01 10:18:00,9.0,6.0,1477.94,0.0,0.0,52.0,0.4545454545454545,5,High Returns
15102,2010-06-27 12:16:00,531.0,2.0,554.67,0.5,0.0,26.0,0.0,4,Weekend Shoppers
15103,2011-11-08 14:53:00,31.0,2.0,703.36,0.0,0.0,35.0,0.0,1,High Recency • High Frequency
15104,2011-05-27 12:29:00,197.0,2.0,1027.44,0.0,0.0,66.0,0.3333333333333333,5,High Returns
15105,2011-11-21 16:54:00,18.0,9.0,3094.91,0.0,0.0,129.0,0.0,1,High Recency • High Frequency
15106,2011-11-22 09:16:00,18.0,5.0,1422.52,0.0,0.0,90.0,0.2857142857142857,5,High Returns
15107,2011-02-01 14:46:00,311.0,9.0,940.35,0.1111111111111111,0.0,32.0,0.25,5,High Returns
15108,2011-07-21 10:24:00,142.0,4.0,1300.25,0.25,0.0,50.0,0.2,5,High Returns
15109,2011-04-08 09:58:00,246.0,3.0,983.1,0.3333333333333333,0.0,46.0,0.25,5,High Returns
15110,2011-11-16 11:16:00,24.0,6.0,1505.85,0.0,0.0,23.0,0.3333333333333333,5,High Returns
15111,2011-11-10 16:58:00,29.0,5.0,2730.87,0.0,0.0,109.0,0.0,1,High Recency • High Frequency
15112,2010-04-07 14:17:00,611.0,1.0,209.4,0.0,0.0,7.0,0.0,1,High Recency • High Frequency
15113,2011-11-30 08:23:00,10.0,3.0,3609.33,0.3333333333333333,0.0,77.0,0.25,5,High Returns
15114,2011-11-09 15:05:00,30.0,12.0,3400.12,0.0833333333333333,0.0,151.0,0.0,3,Diverse Basket • Frequent
15115,2011-11-21 14:59:00,18.0,2.0,531.85,0.0,0.0,35.0,0.3333333333333333,5,High Returns
15116,2011-11-22 12:25:00,18.0,4.0,1352.75,0.0,0.0,37.0,0.0,1,High Recency • High Frequency
15117,2011-11-25 08:12:00,15.0,8.0,2485.9700000000003,0.125,0.0,89.0,0.1111111111111111,1,High Recency • High Frequency
15118,2011-07-28 14:54:00,134.0,1.0,244.8,0.0,0.0,1.0,0.0,1,High Recency • High Frequency
15119,2011-04-08 09:08:00,246.0,1.0,266.4,0.0,0.0,14.0,0.0,1,High Recency • High Frequency
15120,2011-07-29 09:48:00,134.0,1.0,358.82,0.0,0.0,21.0,0.5,5,High Returns
15121,2011-10-20 14:51:00,50.0,2.0,457.72,0.0,0.0,28.0,0.0,1,High Recency • High Frequency
15122,2011-08-17 16:48:00,114.0,11.0,4497.47,0.0,0.0,155.0,0.3125,5,High Returns
15123,2011-12-02 13:12:00,7.0,5.0,4656.17,0.0,0.0,149.0,0.0,1,High Recency • High Frequency
15124,2011-11-17 10:09:00,23.0,4.0,450.82,0.0,0.0,30.0,0.0,1,High Recency • High Frequency
15125,2011-11-14 13:57:00,25.0,24.0,17024.87,0.0,0.0,151.0,0.3333333333333333,3,Diverse Basket • Frequent
15126,2010-06-21 12:31:00,537.0,2.0,449.49,0.0,0.0,25.0,0.0,1,High Recency • High Frequency
15127,2011-10-05 10:30:00,66.0,2.0,711.5,0.0,0.0,27.0,0.0,1,High Recency • High Frequency
15128,2011-10-10 13:54:00,60.0,5.0,1783.6799999999998,0.0,0.0,87.0,0.4444444444444444,5,High Returns
15129,2011-10-20 14:40:00,50.0,23.0,6860.18,0.0,0.0,86.0,0.0,3,Diverse Basket • Frequent
15130,2011-06-23 10:15:00,170.0,1.0,330.11,0.0,0.0,22.0,0.0,1,High Recency • High Frequency
15131,2010-11-10 12:07:00,395.0,1.0,80.28,0.0,0.0,7.0,0.0,1,High Recency • High Frequency
15132,2011-11-21 17:10:00,18.0,5.0,977.93,0.0,0.0,49.0,0.0,1,High Recency • High Frequency
15133,2011-08-04 10:44:00,128.0,5.0,1806.9,0.2,0.0,45.0,0.0,1,High Recency • High Frequency
15134,2011-11-25 08:55:00,15.0,10.0,1596.29,0.0,0.0,47.0,0.0,1,High Recency • High Frequency
15135,2011-04-14 19:16:00,239.0,2.0,305.68,0.0,0.0,17.0,0.3333333333333333,5,High Returns
15136,2011-12-07 12:26:00,3.0,4.0,1286.7,0.25,0.0,61.0,0.2,5,High Returns
15137,2010-07-07 09:41:00,521.0,2.0,823.4,0.0,0.0,34.0,0.6,5,High Returns
15138,2010-11-11 09:16:00,394.0,1.0,502.52,0.0,0.0,31.0,0.5,5,High Returns
15139,2011-04-14 11:39:00,240.0,2.0,178.96,0.0,0.0,13.0,0.0,1,High Recency • High Frequency
15140,2011-10-18 14:07:00,52.0,8.0,3243.69,0.125,0.0,103.0,0.1111111111111111,1,High Recency • High Frequency
15141,2010-09-08 11:33:00,458.0,7.0,1388.47,0.1428571428571428,0.0,44.0,0.2222222222222222,1,High Recency • High Frequency
15142,2011-10-24 12:51:00,46.0,6.0,2619.92,0.0,0.0,115.0,0.1428571428571428,1,High Recency • High Frequency
15143,2011-04-28 12:03:00,226.0,2.0,563.63,0.5,0.0,27.0,0.0,4,Weekend Shoppers
15144,2011-12-01 15:12:00,8.0,29.0,12160.31,0.0689655172413793,0.0,199.0,0.1212121212121212,3,Diverse Basket • Frequent
15145,2011-12-05 17:21:00,4.0,4.0,1194.73,0.0,0.0,54.0,0.0,1,High Recency • High Frequency
15146,2011-06-28 12:09:00,165.0,2.0,1327.16,0.0,0.0,90.0,0.3333333333333333,5,High Returns
15147,2011-04-13 15:57:00,240.0,1.0,623.5,0.0,0.0,28.0,0.5,5,High Returns
15148,2011-11-29 08:21:00,11.0,1.0,301.29,0.0,0.0,20.0,0.0,1,High Recency • High Frequency
15149,2011-07-29 10:58:00,134.0,5.0,1554.61,0.4,0.0,62.0,0.0,1,High Recency • High Frequency
15150,2011-11-22 12:52:00,17.0,13.0,9001.08,0.1538461538461538,0.0,495.0,0.0714285714285714,3,Diverse Basket • Frequent
15151,2010-10-12 16:37:00,423.0,2.0,2085.61,0.5,0.0,56.0,0.0,4,Weekend Shoppers
15152,2011-11-30 12:32:00,10.0,14.0,5263.83,0.1428571428571428,0.0,214.0,0.2222222222222222,3,Diverse Basket • Frequent
15153,2011-11-08 17:09:00,31.0,1.0,329.25,0.0,0.0,22.0,0.0,1,High Recency • High Frequency
15154,2011-09-25 16:05:00,75.0,3.0,1388.41,0.3333333333333333,0.0,166.0,0.25,5,High Returns
15155,2010-11-21 12:59:00,383.0,1.0,383.97,1.0,0.0,24.0,0.0,4,Weekend Shoppers
15156,2011-12-08 18:22:00,1.0,3.0,961.49,0.3333333333333333,0.0,51.0,0.0,1,High Recency • High Frequency
15157,2011-12-06 11:28:00,4.0,5.0,2654.11,0.0,0.0,152.0,0.2857142857142857,5,High Returns
15158,2011-10-25 13:53:00,45.0,2.0,606.02,0.0,0.0,11.0,0.3333333333333333,5,High Returns
15159,2011-12-08 12:05:00,2.0,34.0,22116.73,0.0588235294117647,0.0,413.0,0.1052631578947368,3,Diverse Basket • Frequent
15160,2010-12-17 14:15:00,357.0,4.0,589.27,0.0,0.0,17.0,0.0,1,High Recency • High Frequency
15161,2010-11-16 16:08:00,388.0,1.0,119.92,0.0,0.0,33.0,0.0,1,High Recency • High Frequency
15162,2009-12-08 13:14:00,731.0,1.0,312.9,0.0,0.0,12.0,0.5,5,High Returns
15163,2011-11-21 13:10:00,18.0,2.0,304.47,0.0,0.0,29.0,0.0,1,High Recency • High Frequency
15164,2011-10-02 12:05:00,69.0,9.0,2068.92,0.4444444444444444,0.0,243.0,0.1,3,Diverse Basket • Frequent
15165,2010-12-01 14:03:00,373.0,1.0,975.5,0.0,0.0,27.0,0.0,1,High Recency • High Frequency
15166,2010-08-29 12:31:00,468.0,1.0,167.16,1.0,0.0,12.0,0.0,4,Weekend Shoppers
15167,2011-01-23 12:41:00,321.0,5.0,1659.67,0.2,0.0,262.0,0.0,3,Diverse Basket • Frequent
15168,2011-11-14 11:26:00,26.0,1.0,106.56,0.0,0.0,5.0,0.0,1,High Recency • High Frequency
15169,2010-11-22 13:04:00,382.0,2.0,569.22,0.5,0.0,58.0,0.0,4,Weekend Shoppers
15170,2010-10-29 10:34:00,407.0,1.0,81.15,0.0,0.0,4.0,0.0,1,High Recency • High Frequency
15171,2011-01-12 15:36:00,331.0,1.0,1289.5,0.0,0.0,5.0,0.5,5,High Returns
15172,2011-12-01 11:51:00,9.0,5.0,1624.05,0.2,0.0,106.0,0.0,1,High Recency • High Frequency
15173,2010-11-24 10:21:00,381.0,7.0,1494.6,0.1428571428571428,0.0,68.0,0.125,1,High Recency • High Frequency
15174,2011-01-21 09:06:00,323.0,2.0,481.46,0.0,0.0,34.0,0.0,1,High Recency • High Frequency
15175,2011-09-29 11:31:00,72.0,1.0,224.14,0.0,0.0,23.0,0.0,1,High Recency • High Frequency
15176,2010-02-10 10:36:00,668.0,1.0,988.04,0.0,0.0,52.0,0.5,5,High Returns
15177,2010-10-10 12:48:00,426.0,1.0,948.93,1.0,0.0,26.0,0.0,4,Weekend Shoppers
15178,2011-03-24 15:12:00,260.0,1.0,40.5,0.0,0.0,3.0,0.0,1,High Recency • High Frequency
15179,2011-11-21 12:53:00,18.0,13.0,7491.92,0.0769230769230769,0.0,225.0,0.2352941176470588,3,Diverse Basket • Frequent
15180,2010-12-07 14:57:00,367.0,3.0,904.43,0.0,0.0,46.0,0.0,1,High Recency • High Frequency
15181,2011-10-04 13:58:00,66.0,5.0,1200.2,0.0,0.0,15.0,0.375,5,High Returns
15182,2011-07-08 13:37:00,154.0,11.0,2998.952,0.0909090909090909,0.0,78.0,0.2142857142857142,5,High Returns
15183,2010-06-10 10:43:00,548.0,3.0,639.9300000000001,0.0,0.0,33.0,0.25,5,High Returns
15184,2011-11-10 13:41:00,29.0,4.0,689.95,0.0,0.0,72.0,0.0,1,High Recency • High Frequency
15185,2011-09-30 14:06:00,70.0,1.0,310.62,0.0,0.0,21.0,0.0,1,High Recency • High Frequency
15186,2011-11-25 14:58:00,14.0,5.0,1403.2,0.2,0.0,29.0,0.0,1,High Recency • High Frequency
15187,2011-12-08 11:56:00,2.0,16.0,4777.18,0.0625,0.0,61.0,0.1111111111111111,1,High Recency • High Frequency
15188,2009-12-14 13:30:00,725.0,1.0,310.43,0.0,0.0,23.0,0.0,1,High Recency • High Frequency
15189,2011-12-08 13:22:00,1.0,46.0,17524.38,0.0434782608695652,0.0,90.0,0.2068965517241379,3,Diverse Basket • Frequent
15190,2010-10-01 13:09:00,434.0,1.0,834.4399999999999,0.0,0.0,40.0,0.0,1,High Recency • High Frequency
15191,2010-09-02 15:37:00,463.0,3.0,588.05,0.0,0.0,33.0,0.0,1,High Recency • High Frequency
15192,2011-08-12 11:41:00,120.0,5.0,1981.39,0.0,0.0,56.0,0.0,1,High Recency • High Frequency
15193,2011-10-10 08:23:00,61.0,1.0,499.32,0.0,0.0,19.0,0.0,1,High Recency • High Frequency
15194,2011-12-06 15:10:00,3.0,28.0,12427.69,0.0357142857142857,0.0,274.0,0.282051282051282,3,Diverse Basket • Frequent
15195,2011-12-07 12:20:00,3.0,1.0,3861.0,0.0,0.0,1.0,0.0,1,High Recency • High Frequency
15196,2010-10-03 10:50:00,433.0,2.0,316.25,1.0,0.0,34.0,0.0,4,Weekend Shoppers
15197,2011-11-29 10:00:00,11.0,6.0,1877.51,0.0,0.0,44.0,0.4,5,High Returns
15198,2011-09-08 14:42:00,92.0,5.0,571.35,0.2,0.0,28.0,0.1666666666666666,1,High Recency • High Frequency
15199,2011-10-11 15:12:00,59.0,10.0,3122.4,0.0,0.0,17.0,0.0,1,High Recency • High Frequency
15200,2010-08-02 09:38:00,495.0,1.0,549.05,0.0,0.0,30.0,0.0,1,High Recency • High Frequency
15201,2011-09-13 14:53:00,87.0,7.0,1842.95,0.1428571428571428,0.0,44.0,0.5,5,High Returns
15202,2010-10-15 13:05:00,420.0,3.0,6001.49,0.0,0.0,1.0,0.625,5,High Returns
15203,2011-11-14 08:16:00,26.0,15.0,4400.18,0.0666666666666666,0.0,150.0,0.0,3,Diverse Basket • Frequent
15204,2010-12-17 13:49:00,357.0,1.0,316.58,0.0,0.0,9.0,0.0,1,High Recency • High Frequency
15205,2011-09-15 19:36:00,85.0,2.0,653.24,0.0,0.0,37.0,0.3333333333333333,5,High Returns
15206,2011-11-29 13:41:00,10.0,4.0,420.3,0.25,0.0,3.0,0.0,1,High Recency • High Frequency
15207,2010-10-19 13:29:00,416.0,3.0,683.92,0.0,0.0,19.0,0.4,5,High Returns
15208,2011-12-08 17:24:00,1.0,6.0,970.52,0.0,0.0,27.0,0.1428571428571428,1,High Recency • High Frequency
15209,2009-12-09 17:26:00,730.0,1.0,178.98000000000002,0.0,0.0,13.0,0.0,1,High Recency • High Frequency
15210,2011-04-28 16:11:00,225.0,3.0,1176.19,0.0,0.0,66.0,0.0,1,High Recency • High Frequency
15211,2011-10-10 13:31:00,60.0,2.0,1277.48,0.0,0.0,52.0,0.0,1,High Recency • High Frequency
15212,2011-04-12 13:45:00,241.0,2.0,208.28,0.5,0.0,7.0,0.3333333333333333,5,High Returns
15213,2011-01-25 12:21:00,319.0,2.0,328.35,0.0,0.0,22.0,0.3333333333333333,5,High Returns
15214,2011-12-08 12:07:00,2.0,8.0,1661.44,0.125,0.0,109.0,0.0,1,High Recency • High Frequency
15215,2011-10-24 11:41:00,47.0,7.0,2422.43,0.2857142857142857,0.0,85.0,0.3636363636363636,5,High Returns
15216,2011-09-13 11:41:00,88.0,2.0,486.09,0.0,0.0,24.0,0.0,1,High Recency • High Frequency
15217,2010-05-25 13:51:00,563.0,1.0,426.24,0.0,0.0,28.0,0.0,1,High Recency • High Frequency
15218,2011-11-29 11:48:00,11.0,22.0,11516.57,0.0454545454545454,0.0,139.0,0.12,3,Diverse Basket • Frequent
15219,2011-06-16 16:57:00,176.0,2.0,685.45,0.0,0.0,26.0,0.0,1,High Recency • High Frequency
15220,2011-10-19 12:39:00,52.0,6.0,1778.96,0.0,0.0,110.0,0.1428571428571428,1,High Recency • High Frequency
15221,2010-12-08 13:08:00,366.0,4.0,2465.45,0.25,0.0,21.0,0.4285714285714285,5,High Returns
15222,2011-01-25 08:03:00,319.0,11.0,3550.91,0.0,0.0,98.0,0.3529411764705882,5,High Returns
15223,2011-04-28 11:31:00,226.0,5.0,1417.95,0.4,0.0,26.0,0.1666666666666666,1,High Recency • High Frequency
15224,2010-12-16 15:02:00,358.0,5.0,871.36,0.2,0.0,24.0,0.375,5,High Returns
15225,2011-04-19 14:51:00,234.0,1.0,409.4,0.0,0.0,23.0,0.0,1,High Recency • High Frequency
15226,2011-02-02 11:41:00,311.0,1.0,154.41,0.0,0.0,8.0,0.0,1,High Recency • High Frequency
15227,2011-11-03 11:59:00,37.0,9.0,2488.49,0.1111111111111111,0.0,86.0,0.0,1,High Recency • High Frequency
15228,2011-10-04 13:56:00,66.0,6.0,5580.27,0.0,0.0,184.0,0.1428571428571428,3,Diverse Basket • Frequent
15229,2010-05-02 13:50:00,586.0,1.0,160.5,1.0,0.0,9.0,0.0,4,Weekend Shoppers
15230,2011-04-14 14:39:00,239.0,2.0,429.6,0.0,0.0,23.0,0.0,1,High Recency • High Frequency
15231,2010-03-28 15:12:00,621.0,1.0,250.26,1.0,0.0,14.0,0.5,4,Weekend Shoppers
15232,2011-08-18 16:27:00,113.0,2.0,612.06,0.0,0.0,26.0,0.0,1,High Recency • High Frequency
15233,2010-11-03 13:36:00,401.0,1.0,59.400000000000006,0.0,0.0,1.0,0.0,1,High Recency • High Frequency
15234,2011-03-08 08:53:00,277.0,1.0,197.0,0.0,0.0,14.0,0.0,1,High Recency • High Frequency
15235,2011-05-06 09:44:00,218.0,16.0,2937.81,0.0625,0.0,161.0,0.0,1,High Recency • High Frequency
15236,2011-02-14 10:52:00,299.0,1.0,321.05,0.0,0.0,15.0,0.0,1,High Recency • High Frequency
15237,2011-12-08 09:46:00,2.0,4.0,1412.3200000000002,0.0,0.0,94.0,0.0,1,High Recency • High Frequency
15238,2011-11-10 14:28:00,29.0,3.0,1071.99,0.0,0.0,49.0,0.4,5,High Returns
15239,2011-11-29 14:14:00,10.0,2.0,780.59,0.0,0.0,48.0,0.3333333333333333,5,High Returns
15240,2011-10-26 09:50:00,45.0,12.0,4459.98,0.0833333333333333,0.0,134.0,0.4,5,High Returns
15241,2011-10-04 09:05:00,67.0,11.0,3050.16,0.0,0.0,120.0,0.0833333333333333,1,High Recency • High Frequency
15242,2010-10-13 15:33:00,422.0,1.0,302.04,0.0,0.0,4.0,0.0,1,High Recency • High Frequency
15243,2011-09-26 14:12:00,74.0,2.0,927.28,0.0,0.0,56.0,0.0,1,High Recency • High Frequency
15244,2011-10-05 13:19:00,65.0,3.0,912.08,0.0,0.0,44.0,0.25,5,High Returns
15245,2011-07-28 18:56:00,134.0,8.0,4610.84,0.125,0.0,72.0,0.0,1,High Recency • High Frequency
15246,2011-04-15 14:45:00,238.0,3.0,780.4000000000001,0.0,0.0,45.0,0.0,1,High Recency • High Frequency
15247,2011-08-09 12:52:00,122.0,3.0,976.06,0.3333333333333333,0.0,13.0,0.25,5,High Returns
15248,2010-10-24 13:09:00,411.0,3.0,1893.93,0.3333333333333333,0.0,103.0,0.25,5,High Returns
15249,2011-11-08 11:45:00,32.0,18.0,9266.0,0.0,0.0,304.0,0.1428571428571428,3,Diverse Basket • Frequent
15250,2010-03-09 07:35:00,641.0,1.0,60.0,0.0,0.0,3.0,0.0,1,High Recency • High Frequency
15251,2011-11-30 15:02:00,9.0,21.0,20324.54,0.1904761904761904,0.0,183.0,0.3225806451612903,3,Diverse Basket • Frequent
15252,2011-11-03 13:30:00,36.0,5.0,2103.41,0.0,0.0,106.0,0.2857142857142857,5,High Returns
15253,2011-11-23 16:22:00,16.0,8.0,2055.09,0.125,0.0,102.0,0.3333333333333333,5,High Returns
15254,2011-08-04 15:04:00,127.0,3.0,1088.35,0.0,0.0,64.0,0.25,5,High Returns
15255,2011-10-04 12:43:00,67.0,9.0,3729.42,0.2222222222222222,0.0,137.0,0.1818181818181818,3,Diverse Basket • Frequent
15256,2011-07-14 11:47:00,149.0,2.0,170.4,0.0,0.0,6.0,0.0,1,High Recency • High Frequency
15257,2011-03-01 12:58:00,283.0,2.0,685.9,0.0,0.0,11.0,0.3333333333333333,5,High Returns
15258,2011-06-24 12:30:00,169.0,2.0,623.1600000000001,0.0,0.0,32.0,0.0,1,High Recency • High Frequency
15259,2010-07-15 08:47:00,513.0,4.0,1182.38,0.0,0.0,50.0,0.0,1,High Recency • High Frequency
15260,2011-08-31 13:55:00,100.0,25.0,9188.23,0.16,0.0,186.0,0.1666666666666666,3,Diverse Basket • Frequent
15261,2011-07-27 15:20:00,135.0,4.0,1508.0,0.0,0.0,87.0,0.0,1,High Recency • High Frequency
15262,2011-01-20 12:16:00,324.0,3.0,418.82,0.3333333333333333,0.0,22.0,0.0,1,High Recency • High Frequency
15263,2011-08-25 10:26:00,107.0,1.0,156.51,0.0,0.0,12.0,0.0,1,High Recency • High Frequency
15264,2011-10-06 13:49:00,64.0,2.0,848.4000000000001,0.5,0.0,52.0,0.3333333333333333,5,High Returns
15265,2011-07-11 14:46:00,151.0,4.0,3345.64,0.0,0.0,179.0,0.0,1,High Recency • High Frequency
15266,2011-01-05 13:40:00,338.0,5.0,852.21,0.2,0.0,38.0,0.1666666666666666,1,High Recency • High Frequency
15267,2011-11-17 15:59:00,22.0,5.0,1717.36,0.0,0.0,8.0,0.0,1,High Recency • High Frequency
15268,2010-08-18 10:33:00,479.0,3.0,961.9,0.0,0.0,21.0,0.25,5,High Returns
15269,2011-11-16 09:32:00,24.0,3.0,1225.36,0.3333333333333333,0.0,33.0,0.0,1,High Recency • High Frequency
15270,2011-11-24 09:24:00,16.0,21.0,8524.86,0.0952380952380952,0.0,66.0,0.3225806451612903,5,High Returns
15271,2011-12-02 14:11:00,7.0,24.0,4709.54,0.0833333333333333,0.0,369.0,0.0769230769230769,3,Diverse Basket • Frequent
15272,2011-10-13 12:59:00,57.0,6.0,2085.48,0.3333333333333333,0.0,257.0,0.0,3,Diverse Basket • Frequent
15273,2010-04-19 11:31:00,600.0,1.0,228.96,0.0,0.0,1.0,0.0,1,High Recency • High Frequency
15274,2011-12-05 16:57:00,4.0,2.0,716.57,0.0,0.0,44.0,0.0,1,High Recency • High Frequency
15275,2011-11-02 11:20:00,38.0,1.0,615.14,0.0,0.0,41.0,0.5,5,High Returns
15276,2011-10-04 16:39:00,66.0,4.0,649.53,0.0,0.0,160.0,0.2,5,High Returns
15277,2011-10-24 10:08:00,47.0,2.0,476.34,0.5,0.0,23.0,0.0,4,Weekend Shoppers
15278,2010-05-27 10:03:00,562.0,4.0,496.16,0.0,0.0,29.0,0.0,1,High Recency • High Frequency
15279,2010-12-20 10:48:00,355.0,5.0,1580.54,0.0,0.0,74.0,0.2857142857142857,5,High Returns
15280,2011-06-20 17:14:00,172.0,3.0,406.22,0.3333333333333333,0.0,48.0,0.0,1,High Recency • High Frequency
15281,2011-10-12 09:10:00,59.0,16.0,8543.57,0.1875,0.0,427.0,0.2727272727272727,3,Diverse Basket • Frequent
15282,2010-05-18 16:27:00,570.0,1.0,348.59,0.0,0.0,27.0,0.0,1,High Recency • High Frequency
15283,2010-11-14 14:54:00,390.0,3.0,148.33,0.3333333333333333,0.0,9.0,0.25,5,High Returns
15284,2010-07-27 13:25:00,500.0,1.0,24.75,0.0,0.0,1.0,0.0,1,High Recency • High Frequency
15285,2010-10-28 09:46:00,408.0,1.0,94.92,0.0,0.0,6.0,0.0,1,High Recency • High Frequency
15286,2011-10-21 11:08:00,50.0,1.0,240.55,0.0,0.0,3.0,0.0,1,High Recency • High Frequency
15287,2011-11-17 15:34:00,22.0,5.0,856.0300000000001,0.0,0.0,23.0,0.1666666666666666,1,High Recency • High Frequency
15288,2011-10-27 16:58:00,43.0,10.0,3883.13,0.2,0.0,128.0,0.0,1,High Recency • High Frequency
15289,2011-11-10 13:49:00,29.0,5.0,1593.09,0.2,0.0,67.0,0.2857142857142857,5,High Returns
15290,2011-12-05 11:39:00,5.0,26.0,10496.28,0.0769230769230769,0.0,106.0,0.1333333333333333,3,Diverse Basket • Frequent
15291,2011-11-14 11:02:00,26.0,40.0,13846.56,0.075,0.0,116.0,0.2452830188679245,3,Diverse Basket • Frequent
15292,2011-05-22 15:00:00,201.0,1.0,180.94,1.0,0.0,24.0,0.0,4,Weekend Shoppers
15293,2010-02-12 11:54:00,666.0,1.0,247.5,0.0,0.0,19.0,0.0,1,High Recency • High Frequency
15294,2010-10-25 11:45:00,411.0,1.0,233.35,0.0,0.0,15.0,0.5,5,High Returns
15295,2010-02-23 13:03:00,654.0,1.0,217.24,0.0,0.0,50.0,0.0,1,High Recency • High Frequency
15296,2011-10-20 11:47:00,51.0,12.0,10342.83,0.0,0.0,342.0,0.4,3,Diverse Basket • Frequent
15297,2011-11-29 16:32:00,10.0,3.0,641.94,0.0,0.0,30.0,0.25,5,High Returns
15298,2011-12-07 17:17:00,2.0,23.0,9459.37,0.1304347826086956,0.0,199.0,0.2068965517241379,3,Diverse Basket • Frequent
15299,2011-10-03 14:19:00,67.0,10.0,7991.54,0.0,0.0,9.0,0.3333333333333333,5,High Returns
15300,2011-10-06 17:08:00,64.0,1.0,496.44,0.0,0.0,28.0,0.0,1,High Recency • High Frequency
15301,2011-10-20 09:57:00,51.0,17.0,7603.44,0.1176470588235294,0.0,231.0,0.1052631578947368,3,Diverse Basket • Frequent
15302,2009-12-09 13:11:00,730.0,1.0,308.0,0.0,0.0,15.0,0.5,5,High Returns
15303,2011-02-22 13:59:00,290.0,3.0,1224.1799999999998,0.3333333333333333,0.0,63.0,0.25,5,High Returns
15304,2011-10-10 10:23:00,61.0,9.0,919.55,0.0,0.0,8.0,0.1818181818181818,1,High Recency • High Frequency
15305,2010-06-02 13:50:00,555.0,1.0,93.6,0.0,0.0,5.0,0.0,1,High Recency • High Frequency
15306,2011-10-06 12:56:00,64.0,9.0,3484.73,0.1111111111111111,0.0,123.0,0.1,1,High Recency • High Frequency
15307,2011-09-05 11:38:00,96.0,1.0,205.3,0.0,0.0,12.0,0.0,1,High Recency • High Frequency
15308,2011-03-10 13:08:00,274.0,1.0,310.47,0.0,0.0,19.0,0.5,5,High Returns
15309,2010-04-08 11:11:00,611.0,4.0,797.96,0.0,0.0,49.0,0.6,5,High Returns
15310,2010-08-18 11:38:00,479.0,1.0,1634.64,0.0,0.0,45.0,0.0,1,High Recency • High Frequency
15311,2011-12-09 12:00:00,1.0,208.0,116771.16,0.0384615384615384,0.0,864.0,0.2296296296296296,2,High Spend • Frequent
15312,2011-09-25 13:10:00,75.0,12.0,2930.19,0.3333333333333333,0.0,118.0,0.1428571428571428,3,Diverse Basket • Frequent
15313,2011-08-21 16:02:00,110.0,1.0,52.0,1.0,0.0,1.0,0.0,4,Weekend Shoppers
15314,2011-05-24 14:39:00,199.0,3.0,820.45,0.0,0.0,49.0,0.25,5,High Returns
15315,2011-10-06 12:51:00,64.0,2.0,570.5,0.0,0.0,35.0,0.3333333333333333,5,High Returns
15316,2011-01-17 11:34:00,327.0,1.0,165.0,0.0,0.0,1.0,0.0,1,High Recency • High Frequency
15317,2010-01-31 15:55:00,677.0,1.0,129.75,1.0,0.0,5.0,0.5,4,Weekend Shoppers
15318,2011-12-06 11:30:00,4.0,1.0,312.62,0.0,0.0,33.0,0.0,1,High Recency • High Frequency
15319,2011-03-01 12:48:00,284.0,1.0,204.5,0.0,0.0,16.0,0.0,1,High Recency • High Frequency
15320,2011-10-26 13:27:00,44.0,1.0,267.13,0.0,0.0,36.0,0.0,1,High Recency • High Frequency
15321,2011-09-30 09:40:00,71.0,12.0,6709.7300000000005,0.0,0.0,242.0,0.3333333333333333,3,Diverse Basket • Frequent
15322,2011-09-15 09:34:00,86.0,2.0,1390.86,0.0,0.0,76.0,0.3333333333333333,5,High Returns
15323,2010-05-26 10:01:00,563.0,3.0,434.6,0.0,0.0,29.0,0.25,5,High Returns
15324,2010-01-07 14:37:00,701.0,1.0,140.22000000000003,0.0,0.0,8.0,0.0,1,High Recency • High Frequency
15325,2011-08-28 11:55:00,104.0,8.0,1602.01,0.125,0.0,164.0,0.1111111111111111,3,Diverse Basket • Frequent
15326,2011-01-10 11:38:00,334.0,5.0,1700.52,0.0,0.0,94.0,0.5,5,High Returns
15327,2011-10-18 11:55:00,53.0,1.0,208.75,0.0,0.0,10.0,0.0,1,High Recency • High Frequency
15328,2010-10-28 09:05:00,408.0,1.0,107.24,0.0,0.0,8.0,0.0,1,High Recency • High Frequency
15329,2011-10-31 15:36:00,39.0,11.0,2984.33,0.0,0.0,98.0,0.45,5,High Returns
15330,2011-11-07 17:50:00,32.0,2.0,714.96,0.0,0.0,10.0,0.0,1,High Recency • High Frequency
15331,2010-07-28 09:42:00,500.0,3.0,767.9100000000001,0.0,0.0,41.0,0.25,5,High Returns
15332,2010-12-08 14:43:00,366.0,6.0,6553.74,0.5,0.0,113.0,0.0,4,Weekend Shoppers
15333,2011-05-15 13:27:00,208.0,1.0,1028.56,1.0,0.0,16.0,0.0,4,Weekend Shoppers
15334,2011-07-06 11:22:00,157.0,3.0,351.67,0.3333333333333333,0.0,67.0,0.0,1,High Recency • High Frequency
15335,2011-10-17 12:50:00,54.0,1.0,173.97,0.0,0.0,34.0,0.0,1,High Recency • High Frequency
15336,2010-11-03 12:39:00,402.0,1.0,240.5,0.0,0.0,15.0,0.0,1,High Recency • High Frequency
15337,2010-10-24 15:29:00,411.0,1.0,373.02,1.0,0.0,21.0,0.5,4,Weekend Shoppers
15338,2010-01-31 14:25:00,677.0,1.0,283.43,1.0,0.0,56.0,0.0,4,Weekend Shoppers
15339,2011-10-04 12:51:00,66.0,7.0,1827.84,0.0,0.0,162.0,0.3636363636363636,5,High Returns
15340,2010-05-27 10:27:00,562.0,1.0,105.5,0.0,0.0,7.0,0.0,1,High Recency • High Frequency
15341,2011-09-20 09:40:00,81.0,2.0,2402.72,0.0,0.0,22.0,0.3333333333333333,5,High Returns
15342,2011-08-02 10:19:00,130.0,1.0,406.09,0.0,0.0,24.0,0.5,5,High Returns
15343,2011-09-13 13:55:00,87.0,1.0,364.5,0.0,0.0,21.0,0.0,1,High Recency • High Frequency
15344,2011-12-09 10:45:00,1.0,3.0,563.9399999999999,0.0,0.0,21.0,0.4,5,High Returns
15345,2011-10-25 11:28:00,46.0,1.0,393.54,0.0,0.0,20.0,0.5,5,High Returns
15346,2011-01-11 11:18:00,333.0,3.0,596.12,0.3333333333333333,0.0,36.0,0.25,5,High Returns
15347,2010-12-08 15:25:00,366.0,4.0,1363.6,0.0,0.0,29.0,0.3333333333333333,5,High Returns
15348,2011-09-28 13:17:00,72.0,1.0,158.04,0.0,0.0,9.0,0.0,1,High Recency • High Frequency
15349,2011-07-04 16:06:00,158.0,2.0,473.81,0.5,0.0,65.0,0.0,4,Weekend Shoppers
15350,2010-12-01 13:33:00,373.0,2.0,663.25,0.5,0.0,26.0,0.0,4,Weekend Shoppers
15351,2011-11-27 12:52:00,12.0,10.0,3738.29,0.6,0.0,201.0,0.3333333333333333,3,Diverse Basket • Frequent
15352,2010-06-09 11:28:00,549.0,1.0,114.95,0.0,0.0,34.0,0.0,1,High Recency • High Frequency
15353,2011-03-30 12:15:00,255.0,7.0,3175.95,0.0,0.0,274.0,0.125,3,Diverse Basket • Frequent
15354,2010-04-15 16:24:00,603.0,3.0,284.4,0.0,0.0,1.0,0.5714285714285714,5,High Returns
15355,2011-11-10 13:44:00,29.0,2.0,277.05,0.0,0.0,9.0,0.0,1,High Recency • High Frequency
15356,2011-11-08 13:11:00,31.0,13.0,3464.95,0.0769230769230769,0.0,290.0,0.0,3,Diverse Basket • Frequent
15358,2011-12-05 09:04:00,5.0,42.0,17050.41,0.0238095238095238,0.0,359.0,0.2363636363636363,3,Diverse Basket • Frequent
15359,2010-02-15 10:47:00,663.0,8.0,181.35,0.0,0.0,10.0,0.1111111111111111,1,High Recency • High Frequency
15360,2011-10-31 09:35:00,40.0,1.0,427.93,0.0,0.0,13.0,0.0,1,High Recency • High Frequency
15361,2010-12-13 09:52:00,362.0,4.0,689.07,0.0,0.0,10.0,0.0,1,High Recency • High Frequency
15362,2010-09-17 10:37:00,449.0,2.0,613.0799999999999,0.0,0.0,38.0,0.0,1,High Recency • High Frequency
15363,2010-12-02 12:28:00,373.0,2.0,1004.11,0.0,0.0,32.0,0.3333333333333333,5,High Returns
15364,2011-09-05 09:46:00,96.0,2.0,913.19,0.0,0.0,29.0,0.0,1,High Recency • High Frequency
15365,2011-11-14 08:29:00,26.0,13.0,4557.13,0.0769230769230769,0.0,126.0,0.1333333333333333,3,Diverse Basket • Frequent
15366,2011-09-25 15:01:00,75.0,7.0,2389.08,0.1428571428571428,0.0,86.0,0.0,1,High Recency • High Frequency
15367,2011-10-13 14:13:00,57.0,11.0,5081.33,0.0909090909090909,0.0,214.0,0.1538461538461538,3,Diverse Basket • Frequent
15368,2011-11-18 14:42:00,21.0,2.0,722.74,0.0,0.0,8.0,0.0,1,High Recency • High Frequency
15369,2010-08-04 13:54:00,492.0,11.0,6251.259999999999,0.0909090909090909,0.0,44.0,0.1538461538461538,1,High Recency • High Frequency
15370,2011-10-30 10:58:00,41.0,8.0,3739.01,0.125,0.0,90.0,0.1111111111111111,1,High Recency • High Frequency
15371,2010-02-15 13:14:00,662.0,1.0,59.400000000000006,0.0,0.0,1.0,0.0,1,High Recency • High Frequency
15372,2011-07-25 16:39:00,137.0,8.0,6017.06,0.125,0.0,45.0,0.2,5,High Returns
15373,2011-12-01 15:05:00,8.0,17.0,3421.3900000000003,0.2352941176470588,0.0,107.0,0.0555555555555555,3,Diverse Basket • Frequent
15374,2011-08-03 09:59:00,129.0,2.0,307.32,0.0,0.0,8.0,0.0,1,High Recency • High Frequency
15375,2010-01-18 15:38:00,690.0,1.0,60.96,0.0,0.0,6.0,0.0,1,High Recency • High Frequency
15376,2011-10-30 15:04:00,40.0,3.0,1233.36,1.0,0.0,100.0,0.0,4,Weekend Shoppers
15377,2010-11-22 08:55:00,383.0,4.0,1211.75,0.0,0.0,15.0,0.2,1,High Recency • High Frequency
15378,2010-09-03 11:30:00,463.0,2.0,246.5,0.0,0.0,8.0,0.0,1,High Recency • High Frequency
15379,2011-06-23 13:13:00,169.0,8.0,4877.84,0.125,0.0,177.0,0.1111111111111111,3,Diverse Basket • Frequent
15380,2011-12-01 12:13:00,9.0,11.0,3479.0600000000004,0.0,0.0,27.0,0.1538461538461538,1,High Recency • High Frequency
15381,2011-05-10 11:55:00,214.0,5.0,1890.57,0.0,0.0,20.0,0.1666666666666666,1,High Recency • High Frequency
15382,2011-11-25 10:58:00,15.0,12.0,13733.55,0.0,0.0,315.0,0.4,3,Diverse Basket • Frequent
15384,2011-06-23 10:57:00,170.0,4.0,2027.79,0.0,0.0,83.0,0.2,1,High Recency • High Frequency
15385,2011-10-30 15:11:00,40.0,3.0,942.08,0.6666666666666666,0.0,18.0,0.0,4,Weekend Shoppers
15386,2011-06-06 13:47:00,186.0,1.0,394.14,0.0,0.0,31.0,0.0,1,High Recency • High Frequency
15387,2010-08-04 16:05:00,492.0,1.0,468.65,0.0,0.0,20.0,0.0,1,High Recency • High Frequency
15388,2011-03-14 13:53:00,270.0,1.0,140.54,0.0,0.0,10.0,0.0,1,High Recency • High Frequency
15389,2011-06-20 16:18:00,172.0,5.0,2733.8,0.0,0.0,2.0,0.0,1,High Recency • High Frequency
15390,2010-11-08 15:19:00,396.0,2.0,1216.66,0.0,0.0,77.0,0.0,1,High Recency • High Frequency
15391,2010-05-04 15:04:00,584.0,1.0,289.87,0.0,0.0,12.0,0.5,5,High Returns
15392,2011-12-05 11:01:00,5.0,7.0,2911.62,0.0,0.0,100.0,0.125,1,High Recency • High Frequency
15393,2011-11-23 16:48:00,16.0,5.0,891.34,0.0,0.0,37.0,0.0,1,High Recency • High Frequency
15394,2011-11-30 11:49:00,10.0,11.0,5286.8,0.2727272727272727,0.0,129.0,0.1538461538461538,3,Diverse Basket • Frequent
15395,2011-01-18 12:40:00,326.0,1.0,107.45,0.0,0.0,7.0,0.0,1,High Recency • High Frequency
15396,2011-08-19 10:56:00,113.0,2.0,796.3800000000001,0.0,0.0,16.0,0.0,1,High Recency • High Frequency
15397,2011-02-23 09:25:00,290.0,1.0,94.0,0.0,0.0,6.0,0.0,1,High Recency • High Frequency
15398,2011-11-23 16:47:00,16.0,2.0,1345.5300000000002,0.0,0.0,60.0,0.3333333333333333,5,High Returns
15399,2011-12-08 13:04:00,1.0,3.0,815.77,0.0,0.0,45.0,0.0,1,High Recency • High Frequency
15400,2011-09-08 13:57:00,92.0,8.0,1302.3,0.125,0.0,16.0,0.1111111111111111,1,High Recency • High Frequency
15401,2010-09-13 13:42:00,452.0,2.0,216.95,0.0,0.0,14.0,0.0,1,High Recency • High Frequency
15402,2011-07-14 12:17:00,149.0,6.0,1830.54,0.0,0.0,79.0,0.1428571428571428,1,High Recency • High Frequency
15403,2010-08-05 12:21:00,492.0,2.0,170.88,0.0,0.0,6.0,0.0,1,High Recency • High Frequency
15404,2010-11-29 11:03:00,376.0,1.0,257.06,0.0,0.0,16.0,0.0,1,High Recency • High Frequency
15405,2011-06-03 14:44:00,189.0,2.0,659.84,0.0,0.0,29.0,0.0,1,High Recency • High Frequency
15406,2011-11-08 13:22:00,31.0,4.0,975.87,0.5,0.0,108.0,0.3333333333333333,5,High Returns
15407,2011-11-06 11:55:00,34.0,4.0,1056.44,0.5,0.0,142.0,0.0,4,Weekend Shoppers
15408,2011-03-20 15:02:00,264.0,1.0,267.18,1.0,0.0,34.0,0.0,4,Weekend Shoppers
15409,2009-12-18 15:35:00,721.0,1.0,131.25,0.0,0.0,9.0,0.5,5,High Returns
15410,2011-09-16 14:47:00,84.0,10.0,4685.72,0.1,0.0,80.0,0.0,1,High Recency • High Frequency
15411,2011-11-13 15:19:00,26.0,4.0,1358.88,0.5,0.0,86.0,0.2,4,Weekend Shoppers
15412,2011-06-21 15:24:00,171.0,1.0,190.53,0.0,0.0,10.0,0.0,1,High Recency • High Frequency
15413,2010-01-17 11:33:00,692.0,5.0,6798.72,0.4,0.0,20.0,0.2857142857142857,5,High Returns
15414,2011-11-30 09:50:00,10.0,3.0,774.9000000000001,0.0,0.0,37.0,0.0,1,High Recency • High Frequency
15415,2011-01-30 14:13:00,313.0,1.0,572.8100000000001,1.0,0.0,46.0,0.0,4,Weekend Shoppers
15416,2011-10-06 09:38:00,65.0,7.0,4572.82,0.0,0.0,189.0,0.2222222222222222,3,Diverse Basket • Frequent
15417,2011-09-15 15:26:00,85.0,1.0,508.8,0.0,0.0,28.0,0.0,1,High Recency • High Frequency
15418,2010-10-10 13:38:00,425.0,2.0,452.3200000000001,1.0,0.0,64.0,0.0,4,Weekend Shoppers
15419,2011-11-15 09:23:00,25.0,1.0,135.86,0.0,0.0,8.0,0.0,1,High Recency • High Frequency
15420,2010-10-01 15:46:00,434.0,6.0,743.0,0.5,0.0,52.0,0.0,4,Weekend Shoppers
15421,2011-10-12 09:20:00,59.0,10.0,3805.34,0.3,0.0,170.0,0.0,3,Diverse Basket • Frequent
15422,2011-01-20 16:17:00,323.0,7.0,1619.97,0.2857142857142857,0.0,80.0,0.125,1,High Recency • High Frequency
15423,2011-11-01 14:01:00,38.0,3.0,266.89,0.3333333333333333,0.0,13.0,0.25,5,High Returns
15424,2011-03-30 13:02:00,254.0,3.0,597.78,0.0,0.0,33.0,0.0,1,High Recency • High Frequency
15425,2010-11-04 18:13:00,400.0,4.0,1944.57,0.5,0.0,114.0,0.0,4,Weekend Shoppers
15426,2011-11-20 15:36:00,19.0,9.0,2615.39,0.7777777777777778,0.0,327.0,0.1818181818181818,4,Weekend Shoppers
15427,2011-11-06 14:29:00,33.0,3.0,1483.14,1.0,0.0,233.0,0.0,4,Weekend Shoppers
15428,2011-11-24 16:54:00,15.0,4.0,762.75,0.0,0.0,39.0,0.0,1,High Recency • High Frequency
15429,2011-11-13 12:28:00,27.0,2.0,397.35,1.0,0.0,77.0,0.3333333333333333,4,Weekend Shoppers
15430,2010-08-29 10:42:00,468.0,2.0,954.75,0.5,0.0,36.0,0.3333333333333333,4,Weekend Shoppers
15431,2010-07-25 12:44:00,503.0,1.0,153.24,1.0,0.0,2.0,0.0,4,Weekend Shoppers
15432,2011-11-16 16:30:00,23.0,2.0,320.76,0.0,0.0,16.0,0.5,5,High Returns
15433,2011-05-10 10:45:00,214.0,2.0,533.3,0.0,0.0,40.0,0.3333333333333333,5,High Returns
15434,2011-12-01 13:33:00,8.0,11.0,2567.06,0.0909090909090909,0.0,82.0,0.1538461538461538,1,High Recency • High Frequency
15435,2011-11-17 16:39:00,22.0,1.0,149.29,0.0,0.0,29.0,0.0,1,High Recency • High Frequency
15436,2011-11-27 16:05:00,12.0,3.0,1122.53,0.6666666666666666,0.0,243.0,0.0,4,Weekend Shoppers
15437,2011-03-22 13:11:00,262.0,2.0,393.4500000000001,0.0,0.0,56.0,0.0,1,High Recency • High Frequency
15438,2011-07-31 14:19:00,131.0,1.0,156.57999999999998,1.0,0.0,25.0,0.0,4,Weekend Shoppers
15439,2010-10-31 10:38:00,405.0,4.0,1269.0500000000002,0.25,0.0,49.0,0.0,1,High Recency • High Frequency
15440,2011-10-16 12:16:00,55.0,3.0,383.68,0.6666666666666666,0.0,50.0,0.0,4,Weekend Shoppers
15441,2010-11-08 15:50:00,396.0,3.0,1254.21,0.0,0.0,45.0,0.0,1,High Recency • High Frequency
15442,2011-04-05 12:24:00,249.0,1.0,594.0,0.0,0.0,2.0,0.0,1,High Recency • High Frequency
15443,2011-12-08 10:40:00,2.0,14.0,5175.93,0.5,0.0,408.0,0.125,3,Diverse Basket • Frequent
15444,2011-11-30 17:37:00,9.0,2.0,1418.2599999999998,0.5,0.0,191.0,0.0,4,Weekend Shoppers
15445,2011-03-20 15:06:00,264.0,2.0,284.5,0.5,0.0,12.0,0.0,4,Weekend Shoppers
15446,2010-11-28 11:59:00,377.0,3.0,406.9500000000001,1.0,0.0,90.0,0.4,4,Weekend Shoppers
15447,2011-01-13 11:26:00,331.0,5.0,492.88,0.0,0.0,27.0,0.1666666666666666,1,High Recency • High Frequency
15448,2011-01-31 10:42:00,313.0,2.0,788.81,0.0,0.0,49.0,0.0,1,High Recency • High Frequency
15449,2011-11-13 15:02:00,26.0,3.0,974.52,0.3333333333333333,0.0,47.0,0.4,5,High Returns
15450,2011-11-09 17:11:00,30.0,1.0,429.84,0.0,0.0,30.0,0.0,1,High Recency • High Frequency
15451,2010-10-01 13:40:00,434.0,2.0,233.21,0.0,0.0,56.0,0.0,1,High Recency • High Frequency
15452,2011-11-10 12:13:00,30.0,6.0,1799.11,0.3333333333333333,0.0,158.0,0.0,3,Diverse Basket • Frequent
15453,2011-12-08 10:59:00,2.0,7.0,1388.37,0.2857142857142857,0.0,169.0,0.0,3,Diverse Basket • Frequent
15454,2010-12-12 14:21:00,362.0,2.0,307.69,0.5,0.0,35.0,0.0,4,Weekend Shoppers
15455,2010-04-21 12:43:00,598.0,1.0,38.25,0.0,0.0,2.0,0.0,1,High Recency • High Frequency
15456,2011-03-01 13:51:00,283.0,10.0,2119.27,0.1,0.0,128.0,0.0,1,High Recency • High Frequency
15457,2011-03-22 15:31:00,262.0,1.0,237.07,0.0,0.0,56.0,0.0,1,High Recency • High Frequency
15458,2011-11-14 13:08:00,25.0,2.0,370.44,0.0,0.0,13.0,0.0,1,High Recency • High Frequency
15459,2010-10-18 15:25:00,417.0,2.0,202.83,0.0,0.0,6.0,0.0,1,High Recency • High Frequency
15460,2010-12-20 16:08:00,354.0,1.0,216.76,0.0,0.0,53.0,0.0,1,High Recency • High Frequency
15461,2010-09-05 12:31:00,461.0,2.0,429.7,0.5,0.0,1.0,0.3333333333333333,4,Weekend Shoppers
15462,2011-09-06 13:11:00,94.0,4.0,737.05,0.25,0.0,32.0,0.0,1,High Recency • High Frequency
15463,2011-11-10 12:57:00,29.0,1.0,126.14,0.0,0.0,7.0,0.0,1,High Recency • High Frequency
15464,2011-01-05 15:56:00,338.0,1.0,1048.85,0.0,0.0,155.0,0.0,1,High Recency • High Frequency
15465,2011-11-20 10:11:00,20.0,32.0,12655.65,0.59375,0.0,94.0,0.1794871794871795,3,Diverse Basket • Frequent
15466,2011-09-15 14:08:00,85.0,4.0,1571.01,0.0,0.0,211.0,0.0,1,High Recency • High Frequency
15467,2011-11-30 14:17:00,9.0,3.0,524.88,0.6666666666666666,0.0,41.0,0.25,4,Weekend Shoppers
15468,2011-10-19 13:49:00,51.0,3.0,1430.48,0.0,0.0,80.0,0.5714285714285714,5,High Returns
15469,2011-10-20 16:21:00,50.0,3.0,874.25,0.0,0.0,38.0,0.5,5,High Returns
15470,2010-05-13 09:35:00,576.0,1.0,63.42,0.0,0.0,4.0,0.0,1,High Recency • High Frequency
15471,2011-12-07 14:12:00,2.0,3.0,1316.56,0.0,0.0,122.0,0.0,1,High Recency • High Frequency
15472,2011-08-18 15:17:00,113.0,1.0,371.56,0.0,0.0,76.0,0.0,1,High Recency • High Frequency
15473,2011-11-25 15:15:00,14.0,8.0,2046.0,0.0,0.0,5.0,0.2727272727272727,5,High Returns
15474,2010-04-23 11:14:00,596.0,1.0,163.1,0.0,0.0,19.0,0.0,1,High Recency • High Frequency
15475,2011-09-23 15:20:00,77.0,1.0,454.11,0.0,0.0,29.0,0.0,1,High Recency • High Frequency
15476,2010-11-24 15:17:00,380.0,4.0,2209.98,0.0,0.0,67.0,0.2,1,High Recency • High Frequency
15477,2010-02-28 10:37:00,650.0,1.0,368.4,1.0,0.0,2.0,0.0,4,Weekend Shoppers
15478,2011-10-30 14:19:00,40.0,3.0,2024.98,0.3333333333333333,0.0,53.0,0.0,1,High Recency • High Frequency
15479,2009-12-06 15:08:00,733.0,1.0,147.4,1.0,0.0,9.0,0.0,4,Weekend Shoppers
15480,2011-08-15 14:32:00,116.0,5.0,6279.0,0.0,0.0,199.0,0.2857142857142857,5,High Returns
15481,2010-11-03 14:52:00,401.0,1.0,1993.34,0.0,0.0,38.0,0.0,1,High Recency • High Frequency
15482,2011-11-24 10:46:00,16.0,19.0,14592.56,0.2105263157894736,0.0,74.0,0.2083333333333333,3,Diverse Basket • Frequent
15483,2011-07-01 13:07:00,161.0,10.0,862.1999999999999,0.2,0.0,216.0,0.0,3,Diverse Basket • Frequent
15484,2011-12-08 15:03:00,1.0,6.0,4656.0,0.1666666666666666,0.0,180.0,0.1428571428571428,3,Diverse Basket • Frequent
15485,2011-11-09 14:31:00,30.0,7.0,5771.51,0.0,0.0,80.0,0.125,1,High Recency • High Frequency
15486,2010-06-30 13:15:00,527.0,1.0,102.0,0.0,0.0,1.0,0.0,1,High Recency • High Frequency
15487,2010-01-29 12:07:00,680.0,1.0,231.32,0.0,0.0,14.0,0.0,1,High Recency • High Frequency
15488,2011-09-08 10:11:00,93.0,5.0,431.92,0.0,0.0,10.0,0.0,1,High Recency • High Frequency
15489,2011-11-17 08:53:00,23.0,8.0,2419.61,0.125,0.0,75.0,0.3333333333333333,5,High Returns
15490,2010-10-05 13:11:00,430.0,1.0,217.6,0.0,0.0,22.0,0.5,5,High Returns
15491,2011-09-05 15:56:00,95.0,6.0,3100.09,0.0,0.0,108.0,0.1428571428571428,1,High Recency • High Frequency
15492,2011-11-11 14:53:00,28.0,2.0,659.46,0.0,0.0,32.0,0.0,1,High Recency • High Frequency
15493,2011-11-07 12:04:00,33.0,9.0,4314.98,0.0,0.0,289.0,0.1818181818181818,3,Diverse Basket • Frequent
15494,2011-11-18 14:51:00,21.0,5.0,3780.05,0.0,0.2,307.0,0.1666666666666666,3,Diverse Basket • Frequent
15495,2010-11-25 13:46:00,379.0,1.0,246.5,0.0,0.0,20.0,0.0,1,High Recency • High Frequency
15496,2010-03-18 13:16:00,631.0,1.0,146.14,0.0,0.0,22.0,0.0,1,High Recency • High Frequency
15497,2011-11-22 11:51:00,18.0,9.0,8657.39,0.0,0.0,66.0,0.1818181818181818,1,High Recency • High Frequency
15498,2011-12-07 12:48:00,3.0,44.0,26039.58,0.0454545454545454,0.0,597.0,0.2,3,Diverse Basket • Frequent
15499,2009-12-16 12:17:00,724.0,1.0,161.6,0.0,0.0,40.0,0.0,1,High Recency • High Frequency
15500,2011-12-01 13:47:00,8.0,4.0,1131.56,0.25,0.0,64.0,0.0,1,High Recency • High Frequency
15501,2010-10-31 11:15:00,405.0,2.0,402.5,0.5,0.0,64.0,0.0,4,Weekend Shoppers
15502,2011-11-24 12:48:00,16.0,14.0,13993.47,0.4285714285714285,0.0,231.0,0.4814814814814814,3,Diverse Basket • Frequent
15503,2010-12-12 10:57:00,363.0,2.0,267.15,1.0,0.0,112.0,0.0,4,Weekend Shoppers
15504,2011-09-19 13:45:00,81.0,4.0,423.85,0.0,0.0,42.0,0.2,5,High Returns
15505,2011-10-18 07:56:00,53.0,5.0,3610.96,0.0,0.0,90.0,0.2857142857142857,5,High Returns
15506,2011-11-17 12:11:00,23.0,6.0,2040.03,0.3333333333333333,0.0,180.0,0.0,3,Diverse Basket • Frequent
15507,2011-06-21 11:19:00,172.0,1.0,492.36,0.0,0.0,41.0,0.0,1,High Recency • High Frequency
15508,2011-06-03 15:43:00,189.0,6.0,1000.27,0.0,0.0,78.0,0.0,1,High Recency • High Frequency
15509,2010-11-24 14:48:00,380.0,1.0,166.51,0.0,0.0,26.0,0.0,1,High Recency • High Frequency
15510,2011-01-13 12:10:00,331.0,1.0,250.0,0.0,0.0,1.0,0.0,1,High Recency • High Frequency
15511,2011-11-28 09:43:00,12.0,5.0,909.23,0.0,0.0,117.0,0.0,1,High Recency • High Frequency
15512,2011-07-07 10:20:00,156.0,4.0,331.58000000000004,0.25,0.0,29.0,0.0,1,High Recency • High Frequency
15513,2011-11-06 14:36:00,33.0,35.0,27750.55,0.1428571428571428,0.0,278.0,0.1463414634146341,3,Diverse Basket • Frequent
15514,2011-11-27 14:40:00,12.0,18.0,6598.55,0.1666666666666666,0.0,171.0,0.1,3,Diverse Basket • Frequent
15515,2010-11-17 13:39:00,387.0,1.0,171.81,0.0,0.0,7.0,0.0,1,High Recency • High Frequency
15516,2011-10-26 10:51:00,45.0,3.0,62.43,0.0,0.0,15.0,0.0,1,High Recency • High Frequency
15517,2011-04-20 14:02:00,233.0,1.0,267.03,0.0,0.0,27.0,0.0,1,High Recency • High Frequency
15518,2011-10-06 13:05:00,64.0,15.0,4218.94,0.2666666666666666,0.0,250.0,0.3478260869565217,3,Diverse Basket • Frequent
15519,2010-11-21 14:35:00,383.0,2.0,344.61,1.0,0.0,34.0,0.0,4,Weekend Shoppers
15520,2011-12-08 10:58:00,2.0,1.0,343.5,0.0,0.0,18.0,0.0,1,High Recency • High Frequency
15521,2011-10-30 13:42:00,40.0,16.0,7106.69,0.125,0.0,186.0,0.3333333333333333,3,Diverse Basket • Frequent
15522,2011-11-07 11:26:00,33.0,2.0,398.84,0.0,0.0,47.0,0.0,1,High Recency • High Frequency
15523,2011-09-16 16:29:00,84.0,16.0,17359.99,0.0625,0.0,65.0,0.1111111111111111,3,Diverse Basket • Frequent
15524,2011-11-15 12:09:00,25.0,2.0,591.4,0.0,0.0,9.0,0.0,1,High Recency • High Frequency
15525,2011-12-07 14:43:00,2.0,4.0,1295.7,0.0,0.0,152.0,0.2,3,Diverse Basket • Frequent
15526,2011-11-06 15:04:00,33.0,2.0,148.44,1.0,0.0,4.0,0.0,4,Weekend Shoppers
15527,2011-11-21 12:17:00,19.0,23.0,5575.64,0.1304347826086956,0.0,226.0,0.2580645161290322,3,Diverse Basket • Frequent
15528,2011-03-30 16:14:00,254.0,1.0,229.33,0.0,0.0,26.0,0.0,1,High Recency • High Frequency
15529,2011-11-17 11:29:00,23.0,12.0,5111.95,0.0,0.0,451.0,0.0769230769230769,3,Diverse Basket • Frequent
15530,2011-11-18 12:25:00,22.0,5.0,1813.72,0.0,0.0,111.0,0.0,1,High Recency • High Frequency
15531,2011-12-01 18:43:00,8.0,2.0,2007.44,0.0,0.0,196.0,0.0,1,High Recency • High Frequency
15532,2011-11-14 14:51:00,25.0,10.0,3771.9,0.5,0.0,417.0,0.1666666666666666,3,Diverse Basket • Frequent
15533,2011-11-20 15:35:00,19.0,3.0,807.5699999999999,1.0,0.0,73.0,0.4,4,Weekend Shoppers
15534,2009-12-14 12:48:00,726.0,1.0,162.25,0.0,0.0,8.0,0.0,1,High Recency • High Frequency
15535,2011-06-19 16:02:00,173.0,6.0,1087.8200000000002,0.8333333333333334,0.1666666666666666,88.0,0.4,4,Weekend Shoppers
15536,2010-10-26 16:31:00,409.0,1.0,259.09,0.0,0.0,16.0,0.0,1,High Recency • High Frequency
15537,2011-06-29 13:10:00,163.0,1.0,110.92,0.0,0.0,24.0,0.0,1,High Recency • High Frequency
15538,2010-06-20 10:49:00,538.0,6.0,3358.4,0.3333333333333333,0.0,3.0,0.4545454545454545,5,High Returns
15539,2011-12-02 13:36:00,7.0,1.0,538.46,0.0,0.0,41.0,0.0,1,High Recency • High Frequency
15540,2011-11-28 13:51:00,11.0,2.0,460.68,0.0,0.0,31.0,0.0,1,High Recency • High Frequency
15541,2011-08-17 14:58:00,114.0,1.0,85.13000000000001,0.0,0.0,29.0,0.0,1,High Recency • High Frequency
15542,2010-07-15 13:32:00,512.0,3.0,918.45,0.0,0.0,212.0,0.25,5,High Returns
15543,2011-02-24 15:26:00,288.0,2.0,242.84,0.0,0.0,50.0,0.0,1,High Recency • High Frequency
15544,2011-11-30 16:43:00,9.0,20.0,8162.43,0.1,0.0,175.0,0.2307692307692307,3,Diverse Basket • Frequent
15545,2011-10-16 13:24:00,54.0,2.0,428.05,0.5,0.0,78.0,0.0,4,Weekend Shoppers
15546,2010-04-12 11:51:00,607.0,2.0,1079.1,0.0,0.0,6.0,0.3333333333333333,5,High Returns
15547,2011-12-02 12:52:00,7.0,26.0,10154.39,0.7692307692307693,0.0,652.0,0.0714285714285714,3,Diverse Basket • Frequent
15548,2010-04-23 12:20:00,596.0,1.0,158.09,0.0,0.0,23.0,0.0,1,High Recency • High Frequency
15549,2011-09-23 16:22:00,77.0,8.0,2345.96,0.0,0.0,139.0,0.1111111111111111,1,High Recency • High Frequency
15550,2011-12-05 15:38:00,4.0,12.0,2218.8,0.0,0.0,166.0,0.1428571428571428,3,Diverse Basket • Frequent
15551,2011-11-03 12:37:00,37.0,7.0,1710.08,0.2857142857142857,0.0,117.0,0.2222222222222222,5,High Returns
15552,2011-05-06 14:47:00,217.0,2.0,252.52,0.0,0.0,29.0,0.0,1,High Recency • High Frequency
15553,2011-10-10 14:02:00,60.0,1.0,437.23,0.0,0.0,51.0,0.0,1,High Recency • High Frequency
15554,2011-03-07 09:00:00,278.0,1.0,217.2,0.0,0.0,14.0,0.0,1,High Recency • High Frequency
15555,2011-11-27 16:19:00,12.0,36.0,12112.35,0.5555555555555556,0.0,667.0,0.217391304347826,3,Diverse Basket • Frequent
15556,2011-11-15 16:08:00,24.0,1.0,279.77,0.0,0.0,31.0,0.0,1,High Recency • High Frequency
15557,2011-11-11 12:46:00,29.0,1.0,473.65,0.0,0.0,16.0,0.0,1,High Recency • High Frequency
15558,2010-03-10 15:25:00,639.0,1.0,214.13,0.0,0.0,23.0,0.5,5,High Returns
15559,2010-05-20 14:06:00,568.0,1.0,1109.4,0.0,0.0,62.0,0.0,1,High Recency • High Frequency
15560,2010-11-07 10:15:00,398.0,2.0,153.51999999999998,1.0,0.0,10.0,0.0,4,Weekend Shoppers
15561,2011-11-28 11:07:00,12.0,8.0,1934.39,0.5,0.0,65.0,0.1111111111111111,4,Weekend Shoppers
15562,2010-12-23 09:55:00,352.0,3.0,673.3800000000001,0.3333333333333333,0.0,32.0,0.0,1,High Recency • High Frequency
15563,2011-11-17 14:50:00,22.0,7.0,2867.0,0.0,0.0,179.0,0.3636363636363636,5,High Returns
15564,2010-09-02 15:52:00,463.0,2.0,70.74000000000001,0.0,0.0,4.0,0.0,1,High Recency • High Frequency
15565,2011-10-20 14:33:00,50.0,2.0,173.16000000000005,0.0,0.0,8.0,0.0,1,High Recency • High Frequency
15566,2010-11-12 12:11:00,393.0,2.0,227.87,0.0,0.0,9.0,0.0,1,High Recency • High Frequency
15567,2011-11-21 10:48:00,19.0,1.0,186.01,0.0,0.0,7.0,0.0,1,High Recency • High Frequency
15568,2011-12-07 11:27:00,3.0,3.0,758.29,0.0,0.0,27.0,0.0,1,High Recency • High Frequency
15569,2011-08-28 10:15:00,104.0,10.0,3586.35,0.8,0.0,123.0,0.0,4,Weekend Shoppers
15570,2011-12-02 14:47:00,7.0,25.0,9311.04,0.12,0.0,442.0,0.074074074074074,3,Diverse Basket • Frequent
15571,2011-11-28 10:02:00,12.0,14.0,4051.63,0.3571428571428571,0.0,442.0,0.0,3,Diverse Basket • Frequent
15572,2011-12-05 10:09:00,5.0,10.0,4068.67,0.2,0.0,259.0,0.0,3,Diverse Basket • Frequent
15573,2011-11-08 11:38:00,32.0,5.0,1207.1799999999998,0.0,0.0,181.0,0.0,1,High Recency • High Frequency
15574,2011-06-15 12:01:00,178.0,6.0,1518.6999999999998,0.0,0.0,191.0,0.1428571428571428,1,High Recency • High Frequency
15575,2010-03-30 12:50:00,620.0,1.0,30.1,0.0,0.0,3.0,0.0,1,High Recency • High Frequency
15576,2011-11-02 12:03:00,38.0,1.0,940.67,0.0,0.0,43.0,0.0,1,High Recency • High Frequency
15577,2011-07-11 17:03:00,151.0,5.0,397.98,0.2,0.0,58.0,0.0,1,High Recency • High Frequency
15578,2011-06-30 13:03:00,162.0,1.0,127.1,0.0,0.0,13.0,0.0,1,High Recency • High Frequency
15579,2011-10-02 12:45:00,69.0,5.0,1302.5,0.8,0.0,140.0,0.2857142857142857,4,Weekend Shoppers
15580,2010-11-28 11:00:00,377.0,8.0,1381.19,0.625,0.0,150.0,0.4285714285714285,4,Weekend Shoppers
15581,2011-08-11 09:38:00,121.0,38.0,7794.59,0.1578947368421052,0.0,542.0,0.1162790697674418,3,Diverse Basket • Frequent
15582,2011-11-15 09:55:00,25.0,3.0,682.9100000000001,0.0,0.0,39.0,0.0,1,High Recency • High Frequency
15583,2010-11-28 15:04:00,376.0,1.0,107.86,1.0,0.0,37.0,0.0,4,Weekend Shoppers
15584,2011-11-16 10:55:00,24.0,6.0,1277.5,0.3333333333333333,0.0,174.0,0.1428571428571428,3,Diverse Basket • Frequent
15585,2011-06-16 08:38:00,177.0,1.0,455.3,0.0,0.0,31.0,0.0,1,High Recency • High Frequency
15586,2010-04-26 11:00:00,593.0,3.0,1139.1,0.0,0.0,30.0,0.25,5,High Returns
15587,2011-10-20 13:37:00,50.0,7.0,1522.08,0.1428571428571428,0.0,3.0,0.0,1,High Recency • High Frequency
15588,2010-01-31 12:19:00,678.0,1.0,579.6,1.0,0.0,4.0,0.0,4,Weekend Shoppers
15589,2011-03-29 09:54:00,256.0,3.0,478.53,0.0,0.0,28.0,0.25,5,High Returns
15590,2010-11-22 14:49:00,382.0,5.0,1496.6,0.2,0.0,75.0,0.1666666666666666,1,High Recency • High Frequency
15591,2010-05-06 09:23:00,583.0,3.0,217.9,0.0,0.0,6.0,0.0,1,High Recency • High Frequency
15592,2011-10-24 08:59:00,47.0,1.0,388.58,0.0,0.0,24.0,0.0,1,High Recency • High Frequency
15593,2011-09-30 11:46:00,71.0,1.0,199.8,0.0,0.0,5.0,0.0,1,High Recency • High Frequency
15594,2011-11-24 08:53:00,16.0,5.0,1771.78,0.0,0.0,85.0,0.1666666666666666,1,High Recency • High Frequency
15595,2010-08-09 12:27:00,488.0,1.0,357.6,0.0,0.0,4.0,0.0,1,High Recency • High Frequency
15596,2011-08-31 10:55:00,101.0,9.0,3130.04,0.0,0.0,82.0,0.4375,5,High Returns
15597,2011-11-04 13:26:00,35.0,2.0,563.37,0.0,0.0,35.0,0.3333333333333333,5,High Returns
15598,2011-10-17 16:04:00,53.0,2.0,548.02,0.0,0.0,32.0,0.5,5,High Returns
15599,2011-11-13 11:44:00,27.0,3.0,1250.06,0.3333333333333333,0.0,77.0,0.0,1,High Recency • High Frequency
15600,2010-10-07 14:30:00,428.0,4.0,1199.31,0.25,0.0,55.0,0.2,1,High Recency • High Frequency
15601,2011-11-28 15:15:00,11.0,30.0,14960.12,0.1333333333333333,0.0,310.0,0.1428571428571428,3,Diverse Basket • Frequent
15602,2011-12-01 14:14:00,8.0,16.0,3230.51,0.0,0.0,62.0,0.36,5,High Returns
15603,2011-09-22 10:04:00,79.0,2.0,88.48,0.0,0.0,4.0,0.3333333333333333,5,High Returns
15604,2011-10-18 14:47:00,52.0,1.0,216.39,0.0,0.0,17.0,0.0,1,High Recency • High Frequency
15605,2011-11-03 14:17:00,36.0,9.0,1936.8,0.1111111111111111,0.0,80.0,0.1,1,High Recency • High Frequency
15606,2011-10-09 15:47:00,61.0,17.0,5230.99,0.2352941176470588,0.0,84.0,0.1052631578947368,3,Diverse Basket • Frequent
15607,2011-01-07 12:44:00,337.0,9.0,1708.97,0.0,0.0,95.0,0.3076923076923077,5,High Returns
15608,2011-11-11 13:20:00,28.0,5.0,1785.98,0.0,0.0,93.0,0.0,1,High Recency • High Frequency
15609,2011-06-08 13:00:00,184.0,1.0,298.48,0.0,0.0,16.0,0.5,5,High Returns
15610,2011-10-19 10:36:00,52.0,1.0,112.46,0.0,0.0,6.0,0.0,1,High Recency • High Frequency
15611,2011-11-30 12:36:00,10.0,26.0,2997.28,0.1923076923076923,0.0,43.0,0.1875,3,Diverse Basket • Frequent
15612,2011-11-03 14:52:00,36.0,2.0,195.15,0.5,0.0,4.0,0.0,4,Weekend Shoppers
15613,2010-04-08 12:51:00,610.0,1.0,433.72,0.0,0.0,27.0,0.0,1,High Recency • High Frequency
15614,2010-09-28 10:46:00,438.0,4.0,3147.36,0.0,0.0,73.0,0.4285714285714285,5,High Returns
15615,2011-11-29 14:42:00,10.0,47.0,21373.97,0.0212765957446808,0.0,292.0,0.1296296296296296,3,Diverse Basket • Frequent
15616,2010-09-27 13:10:00,438.0,1.0,317.11,0.0,0.0,13.0,0.0,1,High Recency • High Frequency
15617,2010-11-08 16:07:00,396.0,3.0,828.55,0.0,0.0,41.0,0.0,1,High Recency • High Frequency
15618,2011-11-07 08:34:00,33.0,4.0,776.851,0.0,0.0,39.0,0.2,5,High Returns
15619,2011-11-29 08:14:00,11.0,1.0,336.40000000000003,0.0,0.0,3.0,0.0,1,High Recency • High Frequency
15620,2011-10-14 12:41:00,57.0,4.0,1942.36,0.0,0.0,114.0,0.5,5,High Returns
15621,2011-12-05 14:01:00,4.0,4.0,1293.03,0.0,0.0,11.0,0.3333333333333333,5,High Returns
15622,2011-10-27 16:44:00,43.0,17.0,7852.61,0.0,0.0,331.0,0.4333333333333333,3,Diverse Basket • Frequent
15623,2011-07-21 17:26:00,141.0,8.0,2437.05,0.125,0.0,91.0,0.0,1,High Recency • High Frequency
15624,2011-08-15 11:38:00,117.0,4.0,588.13,0.0,0.0,26.0,0.0,1,High Recency • High Frequency
15625,2011-08-28 10:21:00,104.0,9.0,3236.4,0.2222222222222222,0.0,106.0,0.3571428571428571,5,High Returns
15626,2011-09-26 10:03:00,75.0,3.0,1067.52,0.0,0.0,73.0,0.25,5,High Returns
15627,2010-09-08 14:14:00,457.0,2.0,566.9000000000001,0.0,0.0,23.0,0.0,1,High Recency • High Frequency
15628,2011-12-05 10:24:00,5.0,17.0,5652.26,0.0588235294117647,0.0,136.0,0.1904761904761904,3,Diverse Basket • Frequent
15629,2010-09-15 13:46:00,450.0,4.0,2240.9,0.0,0.0,39.0,0.0,1,High Recency • High Frequency
15630,2011-10-25 15:36:00,45.0,3.0,1481.4,0.0,0.0,76.0,0.25,5,High Returns
15631,2010-03-07 14:52:00,642.0,1.0,596.67,1.0,0.0,39.0,0.0,4,Weekend Shoppers
15632,2011-11-24 09:51:00,16.0,8.0,3285.31,0.0,0.0,107.0,0.2,5,High Returns
15633,2010-07-18 13:54:00,509.0,13.0,4352.46,0.2307692307692307,0.0,77.0,0.2777777777777778,5,High Returns
15634,2011-11-22 16:28:00,17.0,2.0,554.6500000000001,0.5,0.0,34.0,0.0,4,Weekend Shoppers
15635,2010-11-09 08:58:00,396.0,1.0,100.35,0.0,0.0,2.0,0.0,1,High Recency • High Frequency
15636,2011-09-11 11:17:00,90.0,4.0,1444.58,0.25,0.0,39.0,0.0,1,High Recency • High Frequency
15637,2011-10-18 08:28:00,53.0,5.0,797.59,0.0,0.0,37.0,0.0,1,High Recency • High Frequency
15638,2010-11-26 11:52:00,379.0,6.0,2265.2,0.1666666666666666,0.0,20.0,0.3333333333333333,5,High Returns
15639,2011-07-28 14:30:00,134.0,3.0,1065.08,0.0,0.0,61.0,0.4,5,High Returns
15640,2011-12-05 14:35:00,4.0,29.0,23957.58,0.2068965517241379,0.0,303.0,0.1470588235294117,3,Diverse Basket • Frequent
15641,2011-08-26 14:04:00,105.0,12.0,5345.55,0.25,0.0,249.0,0.0,3,Diverse Basket • Frequent
15642,2009-12-10 11:51:00,730.0,1.0,105.78000000000002,0.0,0.0,6.0,0.0,1,High Recency • High Frequency
15643,2011-06-01 07:38:00,192.0,3.0,664.0,0.0,0.0,31.0,0.5,5,High Returns
15644,2011-06-26 14:54:00,166.0,4.0,813.0,0.25,0.0,166.0,0.0,1,High Recency • High Frequency
15645,2011-11-21 11:55:00,19.0,3.0,1055.17,0.3333333333333333,0.0,59.0,0.25,5,High Returns
15646,2011-07-05 09:53:00,158.0,5.0,974.61,0.0,0.0,65.0,0.1666666666666666,1,High Recency • High Frequency
15647,2010-10-20 15:09:00,415.0,1.0,169.0,0.0,0.0,11.0,0.0,1,High Recency • High Frequency
15648,2011-05-19 15:53:00,204.0,2.0,657.35,0.0,0.0,23.0,0.5,5,High Returns
15649,2011-01-07 13:34:00,336.0,4.0,2170.35,0.0,0.0,8.0,0.0,1,High Recency • High Frequency
15650,2010-07-06 10:41:00,522.0,2.0,553.88,0.5,0.0,33.0,0.3333333333333333,4,Weekend Shoppers
15651,2011-11-03 08:41:00,37.0,5.0,1259.06,0.0,0.0,52.0,0.0,1,High Recency • High Frequency
15652,2011-09-09 14:22:00,91.0,5.0,1420.34,0.0,0.0,93.0,0.1666666666666666,1,High Recency • High Frequency
15653,2011-09-08 10:49:00,93.0,2.0,877.4399999999999,0.0,0.0,4.0,0.0,1,High Recency • High Frequency
15654,2011-11-30 13:08:00,9.0,2.0,922.53,0.5,0.0,15.0,0.0,4,Weekend Shoppers
15655,2011-04-10 15:25:00,243.0,1.0,560.67,1.0,0.0,34.0,0.5,4,Weekend Shoppers
15656,2011-10-25 14:56:00,45.0,4.0,748.5,0.0,0.0,46.0,0.0,1,High Recency • High Frequency
15657,2011-11-17 12:19:00,23.0,1.0,30.0,0.0,0.0,1.0,0.0,1,High Recency • High Frequency
15658,2011-06-02 15:22:00,190.0,8.0,2423.47,0.0,0.0,79.0,0.3846153846153846,5,High Returns
15659,2011-10-27 09:23:00,44.0,3.0,532.49,0.0,0.0,14.0,0.0,1,High Recency • High Frequency
15660,2011-11-14 16:58:00,25.0,15.0,2812.99,0.0,0.0,73.0,0.1666666666666666,1,High Recency • High Frequency
15661,2011-01-26 13:56:00,317.0,8.0,1215.9499999999998,0.125,0.0,27.0,0.0,1,High Recency • High Frequency
15662,2010-02-16 16:47:00,661.0,2.0,283.73,0.0,0.0,12.0,0.0,1,High Recency • High Frequency
15663,2011-08-25 15:50:00,106.0,1.0,138.14,0.0,0.0,9.0,0.0,1,High Recency • High Frequency
15664,2011-10-20 10:57:00,51.0,4.0,1254.03,0.25,0.0,54.0,0.4285714285714285,5,High Returns
15665,2011-06-24 14:57:00,168.0,5.0,4015.12,0.8,0.0,163.0,0.0,4,Weekend Shoppers
15666,2010-08-24 16:14:00,472.0,2.0,632.94,0.5,0.0,62.0,0.0,4,Weekend Shoppers
15667,2011-10-31 10:56:00,40.0,1.0,301.32,0.0,0.0,13.0,0.0,1,High Recency • High Frequency
15668,2011-05-06 10:39:00,218.0,1.0,76.32000000000001,0.0,0.0,1.0,0.0,1,High Recency • High Frequency
15669,2011-10-30 16:03:00,40.0,4.0,684.34,0.5,0.0,31.0,0.2,4,Weekend Shoppers
15670,2011-02-16 10:50:00,297.0,2.0,325.20000000000005,0.0,0.0,19.0,0.3333333333333333,5,High Returns
15671,2011-11-21 12:43:00,19.0,7.0,2657.13,0.0,0.0,52.0,0.3,5,High Returns
15672,2009-12-14 16:52:00,725.0,1.0,45.3,0.0,0.0,3.0,0.0,1,High Recency • High Frequency
15673,2011-09-12 16:12:00,88.0,9.0,6414.79,0.1111111111111111,0.0,177.0,0.1,3,Diverse Basket • Frequent
15674,2011-09-27 15:17:00,73.0,13.0,6948.23,0.0769230769230769,0.0,262.0,0.2777777777777778,3,Diverse Basket • Frequent
15675,2011-09-19 13:48:00,81.0,4.0,542.04,0.25,0.0,32.0,0.0,1,High Recency • High Frequency
15676,2011-11-21 12:40:00,19.0,3.0,3435.76,0.0,0.0,191.0,0.4,5,High Returns
15677,2011-10-21 15:36:00,49.0,3.0,1305.63,0.0,0.0,63.0,0.0,1,High Recency • High Frequency
15678,2011-10-18 09:25:00,53.0,3.0,1893.89,0.0,0.0,77.0,0.0,1,High Recency • High Frequency
15679,2011-11-15 16:19:00,24.0,4.0,781.28,0.0,0.0,98.0,0.0,1,High Recency • High Frequency
15680,2011-11-30 13:46:00,9.0,10.0,4507.58,0.2,0.0,155.0,0.1666666666666666,3,Diverse Basket • Frequent
15681,2011-11-14 16:30:00,25.0,14.0,2989.7,0.0,0.0,48.0,0.125,1,High Recency • High Frequency
15682,2010-04-19 15:30:00,599.0,2.0,318.24,0.0,0.0,25.0,0.3333333333333333,5,High Returns
15683,2011-08-14 12:56:00,117.0,2.0,524.54,0.5,0.0,25.0,0.0,4,Weekend Shoppers
15684,2010-06-10 18:51:00,547.0,3.0,173.95,0.0,0.0,9.0,0.5,5,High Returns
15685,2010-09-15 13:43:00,450.0,1.0,55.98,0.0,0.0,17.0,0.0,1,High Recency • High Frequency
15686,2010-10-15 13:50:00,420.0,1.0,90.0,0.0,0.0,1.0,0.0,1,High Recency • High Frequency
15687,2011-12-01 08:33:00,9.0,9.0,2993.1,0.0,0.0,119.0,0.1818181818181818,3,Diverse Basket • Frequent
15688,2010-10-17 12:06:00,419.0,1.0,190.57,1.0,0.0,26.0,0.0,4,Weekend Shoppers
15689,2011-08-12 09:37:00,120.0,3.0,521.03,0.0,0.0,20.0,0.0,1,High Recency • High Frequency
15690,2011-12-05 15:59:00,4.0,2.0,239.76,0.0,0.0,19.0,0.0,1,High Recency • High Frequency
15691,2011-04-01 15:13:00,252.0,4.0,571.3,0.25,0.0,12.0,0.2,1,High Recency • High Frequency
15692,2011-11-11 14:12:00,28.0,1.0,191.04,0.0,0.0,12.0,0.0,1,High Recency • High Frequency
15693,2010-02-18 14:37:00,659.0,1.0,37.5,0.0,0.0,1.0,0.0,1,High Recency • High Frequency
15694,2011-12-09 09:44:00,1.0,24.0,10810.81,0.0416666666666666,0.0,55.0,0.1724137931034483,3,Diverse Basket • Frequent
15695,2011-03-18 08:32:00,267.0,4.0,1131.04,0.0,0.0,55.0,0.0,1,High Recency • High Frequency
15696,2011-11-06 14:02:00,33.0,13.0,3906.57,0.2307692307692307,0.0,163.0,0.3809523809523809,3,Diverse Basket • Frequent
15697,2010-01-19 09:10:00,690.0,1.0,246.75,0.0,0.0,14.0,0.0,1,High Recency • High Frequency
15698,2010-03-25 17:38:00,624.0,1.0,46.2,0.0,0.0,2.0,0.0,1,High Recency • High Frequency
15699,2011-11-22 08:26:00,18.0,1.0,309.65,0.0,0.0,18.0,0.0,1,High Recency • High Frequency
15700,2011-06-20 16:53:00,172.0,2.0,696.68,0.5,0.0,85.0,0.3333333333333333,5,High Returns
15701,2011-12-07 14:39:00,2.0,4.0,1542.14,0.5,0.0,193.0,0.0,4,Weekend Shoppers
15702,2010-08-20 14:50:00,476.0,2.0,140.39,0.0,0.0,30.0,0.0,1,High Recency • High Frequency
15703,2011-03-20 10:51:00,265.0,1.0,211.5,1.0,0.0,5.0,0.0,4,Weekend Shoppers
15704,2011-07-22 13:35:00,140.0,6.0,3817.96,0.5,0.0,129.0,0.25,4,Weekend Shoppers
15705,2011-05-22 15:37:00,201.0,1.0,143.1,1.0,0.0,6.0,0.0,4,Weekend Shoppers
15706,2011-10-07 10:09:00,64.0,4.0,1060.56,0.25,0.0,50.0,0.4285714285714285,5,High Returns
15707,2011-11-04 14:35:00,35.0,4.0,945.58,0.0,0.0,126.0,0.0,1,High Recency • High Frequency
15708,2011-10-30 10:54:00,41.0,9.0,4378.72,1.0,0.0,135.0,0.3571428571428571,4,Weekend Shoppers
15709,2011-03-01 10:38:00,284.0,2.0,327.85,0.0,0.0,26.0,0.0,1,High Recency • High Frequency
15710,2010-10-18 17:05:00,417.0,1.0,898.87,0.0,0.0,110.0,0.0,1,High Recency • High Frequency
15711,2010-06-01 12:14:00,557.0,2.0,420.25,0.5,0.0,25.0,0.0,4,Weekend Shoppers
15712,2011-11-30 14:09:00,9.0,12.0,3472.4100000000003,0.1666666666666666,0.0,86.0,0.0769230769230769,1,High Recency • High Frequency
15713,2011-07-19 13:34:00,143.0,4.0,1010.79,0.0,0.0,48.0,0.3333333333333333,5,High Returns
15714,2011-11-28 11:26:00,12.0,5.0,784.8100000000001,0.2,0.0,45.0,0.0,1,High Recency • High Frequency
15715,2010-06-02 09:56:00,556.0,5.0,658.02,0.0,0.0,33.0,0.0,1,High Recency • High Frequency
15716,2011-07-17 11:59:00,146.0,11.0,3056.8100000000004,0.7272727272727273,0.0,188.0,0.0,4,Weekend Shoppers
15717,2011-04-19 13:21:00,234.0,5.0,607.0,0.0,0.0,17.0,0.0,1,High Recency • High Frequency
15718,2010-06-17 16:20:00,540.0,1.0,293.79,0.0,0.0,18.0,0.0,1,High Recency • High Frequency
15719,2011-11-07 12:29:00,33.0,31.0,10223.06,0.032258064516129,0.0,449.0,0.2051282051282051,3,Diverse Basket • Frequent
15720,2011-11-15 14:48:00,24.0,2.0,741.9200000000001,0.0,0.0,152.0,0.0,1,High Recency • High Frequency
15721,2011-11-28 12:14:00,12.0,1.0,507.08,0.0,0.0,80.0,0.0,1,High Recency • High Frequency
15722,2011-11-04 11:43:00,36.0,11.0,5258.1,0.2727272727272727,0.0,91.0,0.2666666666666666,5,High Returns
15723,2010-12-10 11:12:00,365.0,4.0,947.65,0.25,0.0,108.0,0.0,1,High Recency • High Frequency
15724,2011-05-22 14:40:00,201.0,3.0,310.85,0.3333333333333333,0.0,17.0,0.4,5,High Returns
15725,2011-11-24 14:51:00,15.0,1.0,415.25,0.0,0.0,32.0,0.0,1,High Recency • High Frequency
15726,2010-11-14 16:12:00,390.0,1.0,321.91,1.0,0.0,23.0,0.0,4,Weekend Shoppers
15727,2011-11-23 12:36:00,17.0,15.0,9445.51,0.1333333333333333,0.0,426.0,0.0,3,Diverse Basket • Frequent
15728,2010-11-25 10:39:00,380.0,2.0,544.6,0.0,0.0,10.0,0.3333333333333333,5,High Returns
15729,2011-05-11 12:36:00,213.0,3.0,192.55,0.0,0.0,10.0,0.4,5,High Returns
15730,2011-10-05 12:31:00,66.0,5.0,1726.58,0.0,0.0,102.0,0.2857142857142857,5,High Returns
15731,2010-06-04 10:10:00,554.0,1.0,125.3,0.0,0.0,8.0,0.0,1,High Recency • High Frequency
15732,2011-05-11 14:24:00,212.0,10.0,1682.07,0.1,0.0,53.0,0.1666666666666666,1,High Recency • High Frequency
15733,2011-03-02 09:05:00,283.0,1.0,162.3,0.0,0.0,10.0,0.0,1,High Recency • High Frequency
15734,2011-08-17 10:50:00,115.0,4.0,2263.3,0.0,0.0,36.0,0.0,1,High Recency • High Frequency
15735,2010-10-14 13:38:00,421.0,1.0,327.68,0.0,0.0,19.0,0.0,1,High Recency • High Frequency
15736,2010-09-30 14:20:00,435.0,2.0,1815.72,0.0,0.0,95.0,0.3333333333333333,5,High Returns
15737,2011-11-25 11:21:00,15.0,8.0,1205.12,0.0,0.0,60.0,0.3333333333333333,5,High Returns
15738,2011-11-21 08:26:00,19.0,41.0,13372.97,0.1463414634146341,0.0,70.0,0.0888888888888888,3,Diverse Basket • Frequent
15739,2011-10-04 13:42:00,66.0,1.0,449.12,0.0,0.0,8.0,0.0,1,High Recency • High Frequency
15740,2011-10-21 14:29:00,49.0,1.0,154.88,0.0,0.0,9.0,0.0,1,High Recency • High Frequency
15741,2010-09-07 16:21:00,458.0,2.0,208.62,0.0,0.0,11.0,0.0,1,High Recency • High Frequency
15742,2010-03-30 15:25:00,619.0,1.0,156.87,0.0,0.0,41.0,0.0,1,High Recency • High Frequency
15743,2011-11-23 17:19:00,16.0,4.0,784.46,0.0,0.0,59.0,0.0,1,High Recency • High Frequency
15744,2011-09-23 09:52:00,78.0,1.0,34.8,0.0,0.0,3.0,0.0,1,High Recency • High Frequency
15745,2011-11-20 13:45:00,19.0,4.0,1094.59,0.75,0.0,57.0,0.3333333333333333,4,Weekend Shoppers
15746,2011-07-28 15:21:00,134.0,1.0,196.88,0.0,0.0,28.0,0.5,5,High Returns
15747,2011-11-27 12:26:00,13.0,9.0,2562.61,0.2222222222222222,0.0,116.0,0.1,3,Diverse Basket • Frequent
15748,2011-10-30 12:51:00,40.0,3.0,614.76,0.3333333333333333,0.0,34.0,0.0,1,High Recency • High Frequency
15749,2011-04-18 13:20:00,235.0,3.0,44534.3,0.0,0.0,5.0,0.25,5,High Returns
15750,2011-12-07 12:34:00,3.0,18.0,6797.191,0.0,0.0,389.0,0.25,3,Diverse Basket • Frequent
15751,2010-09-05 12:44:00,461.0,11.0,1380.44,1.0,0.0,90.0,0.2142857142857142,4,Weekend Shoppers
15752,2011-10-31 11:37:00,40.0,9.0,4207.54,0.0,0.0,359.0,0.1,3,Diverse Basket • Frequent
15753,2011-02-08 12:41:00,305.0,1.0,79.2,0.0,0.0,1.0,0.0,1,High Recency • High Frequency
15754,2011-10-19 14:40:00,51.0,9.0,3037.61,0.0,0.0,114.0,0.25,5,High Returns
15755,2011-11-29 14:57:00,10.0,17.0,5993.12,0.0588235294117647,0.0,281.0,0.15,3,Diverse Basket • Frequent
15756,2011-10-09 13:30:00,61.0,4.0,532.96,0.5,0.0,160.0,0.0,4,Weekend Shoppers
15757,2011-10-05 12:14:00,66.0,6.0,2940.36,0.0,0.0,162.0,0.0,1,High Recency • High Frequency
15758,2011-11-15 10:48:00,25.0,1.0,205.25,0.0,0.0,9.0,0.0,1,High Recency • High Frequency
15759,2011-05-05 15:13:00,218.0,7.0,830.9300000000001,0.0,0.0,10.0,0.3,5,High Returns
15760,2010-03-19 11:45:00,631.0,2.0,13916.34,0.0,0.0,1.0,0.6,5,High Returns
15761,2010-09-23 09:33:00,443.0,1.0,143.05,0.0,0.0,5.0,0.0,1,High Recency • High Frequency
15762,2011-10-05 16:15:00,65.0,2.0,583.75,0.0,0.0,37.0,0.0,1,High Recency • High Frequency
15763,2011-11-08 09:44:00,32.0,2.0,1086.92,0.0,0.0,58.0,0.3333333333333333,5,High Returns
15764,2011-09-12 17:58:00,88.0,8.0,4503.08,0.0,0.0,187.0,0.4285714285714285,5,High Returns
15765,2010-02-11 10:25:00,667.0,1.0,370.63,0.0,0.0,25.0,0.0,1,High Recency • High Frequency
15766,2011-10-06 17:03:00,64.0,3.0,831.06,0.0,0.0,21.0,0.25,5,High Returns
15768,2011-08-16 10:48:00,116.0,34.0,15601.09,0.0294117647058823,0.0,437.0,0.0555555555555555,3,Diverse Basket • Frequent
15769,2011-12-02 13:52:00,7.0,46.0,88704.32,0.0434782608695652,0.0,26.0,0.0980392156862745,3,Diverse Basket • Frequent
15770,2010-04-06 11:47:00,613.0,1.0,321.45,0.0,0.0,18.0,0.0,1,High Recency • High Frequency
15771,2010-04-14 13:56:00,604.0,3.0,1006.54,0.0,0.0,26.0,0.0,1,High Recency • High Frequency
15772,2010-10-17 13:33:00,418.0,1.0,280.88,1.0,0.0,16.0,0.0,4,Weekend Shoppers
15773,2011-12-04 12:48:00,6.0,2.0,774.5200000000001,0.5,0.0,46.0,0.0,4,Weekend Shoppers
15774,2011-10-02 12:04:00,69.0,6.0,1329.94,0.8333333333333334,0.0,88.0,0.1428571428571428,4,Weekend Shoppers
15775,2011-04-08 12:56:00,245.0,2.0,150.5,0.0,0.0,9.0,0.0,1,High Recency • High Frequency
15776,2011-07-29 13:46:00,133.0,1.0,241.62,0.0,0.0,18.0,0.0,1,High Recency • High Frequency
15777,2011-04-12 16:43:00,241.0,7.0,1762.61,0.0,0.0,29.0,0.2222222222222222,5,High Returns
15778,2010-10-04 15:10:00,431.0,1.0,307.95,0.0,0.0,17.0,0.0,1,High Recency • High Frequency
15779,2010-09-02 16:40:00,463.0,2.0,124.08,0.0,0.0,8.0,0.0,1,High Recency • High Frequency
15780,2011-06-09 12:01:00,184.0,3.0,475.28,0.0,0.0,26.0,0.0,1,High Recency • High Frequency
15781,2011-11-14 14:57:00,25.0,3.0,345.46000000000004,0.0,0.0,20.0,0.25,5,High Returns
15782,2011-11-30 10:49:00,10.0,4.0,4014.1,0.25,0.0,51.0,0.3333333333333333,5,High Returns
15783,2011-11-29 09:50:00,11.0,1.0,246.3,0.0,0.0,14.0,0.0,1,High Recency • High Frequency
15784,2010-08-29 10:38:00,468.0,2.0,848.3299999999999,0.5,0.0,33.0,0.0,4,Weekend Shoppers
15785,2011-11-07 11:33:00,33.0,16.0,5969.93,0.125,0.0,102.0,0.3846153846153846,5,High Returns
15786,2011-10-24 14:13:00,46.0,5.0,8514.82,0.0,0.0,358.0,0.4444444444444444,3,Diverse Basket • Frequent
15787,2011-11-13 14:55:00,26.0,3.0,948.05,1.0,0.0,156.0,0.0,4,Weekend Shoppers
15788,2010-07-19 12:48:00,509.0,1.0,221.83,0.0,0.0,14.0,0.5,5,High Returns
15789,2010-12-16 14:35:00,358.0,6.0,1962.01,0.1666666666666666,0.0,110.0,0.1428571428571428,1,High Recency • High Frequency
15790,2011-11-29 14:53:00,10.0,1.0,220.85,0.0,0.0,34.0,0.0,1,High Recency • High Frequency
15791,2011-10-27 10:14:00,44.0,5.0,3608.34,0.0,0.0,121.0,0.4444444444444444,5,High Returns
15792,2010-11-05 08:21:00,400.0,2.0,933.84,0.0,0.0,57.0,0.0,1,High Recency • High Frequency
15793,2011-11-25 09:31:00,15.0,8.0,2399.57,0.0,0.0,12.0,0.1111111111111111,1,High Recency • High Frequency
15794,2009-12-03 13:04:00,736.0,2.0,777.0,0.0,0.0,15.0,0.0,1,High Recency • High Frequency
15795,2011-07-13 10:43:00,150.0,8.0,1979.87,0.375,0.0,111.0,0.0,1,High Recency • High Frequency
15796,2011-12-08 19:55:00,1.0,17.0,5175.83,0.4117647058823529,0.0,138.0,0.2272727272727272,3,Diverse Basket • Frequent
15797,2011-08-18 17:04:00,113.0,6.0,2821.08,0.0,0.0,12.0,0.0,1,High Recency • High Frequency
15798,2010-08-04 09:13:00,493.0,3.0,1535.37,0.0,0.0,73.0,0.0,1,High Recency • High Frequency
15799,2011-09-25 12:46:00,76.0,4.0,1424.29,0.75,0.0,143.0,0.0,4,Weekend Shoppers
15800,2011-08-24 14:23:00,107.0,7.0,1242.58,0.1428571428571428,0.0,198.0,0.0,3,Diverse Basket • Frequent
15801,2011-10-24 13:52:00,46.0,3.0,1063.95,0.0,0.0,61.0,0.25,5,High Returns
15802,2011-07-20 11:38:00,143.0,1.0,451.42,0.0,0.0,1.0,0.6666666666666666,5,High Returns
15803,2011-10-19 14:56:00,51.0,4.0,1929.66,0.0,0.0,48.0,0.0,1,High Recency • High Frequency
15804,2011-12-09 12:31:00,1.0,13.0,4206.39,0.0769230769230769,0.0,170.0,0.3157894736842105,3,Diverse Basket • Frequent
15805,2011-11-16 16:32:00,23.0,30.0,10189.23,0.0666666666666666,0.0,337.0,0.25,3,Diverse Basket • Frequent
15806,2011-10-24 14:35:00,46.0,3.0,784.58,0.0,0.0,24.0,0.0,1,High Recency • High Frequency
15807,2011-10-20 14:10:00,50.0,5.0,1817.52,0.0,0.0,85.0,0.1666666666666666,1,High Recency • High Frequency
15808,2011-02-06 14:33:00,306.0,21.0,18409.93,0.1428571428571428,0.0,348.0,0.125,3,Diverse Basket • Frequent
15809,2011-11-03 16:40:00,36.0,7.0,1274.44,0.0,0.0,51.0,0.2222222222222222,5,High Returns
15810,2011-09-22 09:38:00,79.0,8.0,2999.04,0.0,0.0,89.0,0.3846153846153846,5,High Returns
15811,2011-11-17 15:31:00,22.0,7.0,3890.52,0.0,0.0,205.0,0.3,3,Diverse Basket • Frequent
15812,2011-08-24 14:19:00,107.0,12.0,5201.47,0.0,0.0,87.0,0.0769230769230769,1,High Recency • High Frequency
15813,2011-05-16 08:13:00,208.0,2.0,1303.91,0.0,0.0,40.0,0.0,1,High Recency • High Frequency
15814,2011-11-23 08:17:00,17.0,6.0,2634.44,0.0,0.0,83.0,0.25,5,High Returns
15815,2011-10-07 12:42:00,64.0,5.0,2100.6,0.0,0.0,33.0,0.0,1,High Recency • High Frequency
15816,2010-06-15 13:36:00,542.0,2.0,144.14999999999998,0.0,0.0,11.0,0.3333333333333333,5,High Returns
15817,2010-10-15 11:07:00,421.0,3.0,2766.4,0.0,0.0,133.0,0.0,1,High Recency • High Frequency
15818,2010-04-30 12:58:00,588.0,1.0,340.5,0.0,0.0,11.0,0.0,1,High Recency • High Frequency
15819,2011-10-21 14:50:00,49.0,10.0,3934.79,0.1,0.0,182.0,0.0909090909090909,3,Diverse Basket • Frequent
15820,2011-01-24 12:00:00,320.0,1.0,206.98,0.0,0.0,17.0,0.0,1,High Recency • High Frequency
15821,2011-10-26 15:48:00,44.0,2.0,570.96,0.5,0.0,57.0,0.0,4,Weekend Shoppers
15822,2011-12-06 14:50:00,3.0,6.0,1840.06,0.3333333333333333,0.0,46.0,0.25,5,High Returns
15823,2010-12-02 15:08:00,372.0,3.0,3897.17,0.0,0.0,155.0,0.5,5,High Returns
15824,2010-09-12 13:20:00,453.0,2.0,890.94,0.5,0.0,24.0,0.0,4,Weekend Shoppers
15825,2011-06-20 13:27:00,172.0,1.0,532.94,0.0,0.0,20.0,0.0,1,High Recency • High Frequency
15826,2011-10-14 16:05:00,56.0,4.0,2598.28,0.0,0.0,100.0,0.3333333333333333,5,High Returns
15827,2011-09-27 15:35:00,73.0,28.0,3794.07,0.0714285714285714,0.0,124.0,0.3333333333333333,3,Diverse Basket • Frequent
15828,2010-11-29 16:41:00,375.0,1.0,1108.82,0.0,0.0,74.0,0.0,1,High Recency • High Frequency
15829,2011-09-01 16:45:00,99.0,2.0,636.14,0.0,0.0,44.0,0.0,1,High Recency • High Frequency
15830,2011-11-02 10:40:00,38.0,1.0,576.0,0.0,0.0,39.0,0.5,5,High Returns
15831,2011-10-12 13:14:00,58.0,3.0,801.76,0.3333333333333333,0.0,63.0,0.25,5,High Returns
15832,2011-03-30 15:29:00,254.0,1.0,836.79,0.0,0.0,54.0,0.0,1,High Recency • High Frequency
15833,2009-12-02 11:59:00,738.0,1.0,80.4,0.0,0.0,5.0,0.0,1,High Recency • High Frequency
15834,2011-09-30 14:41:00,70.0,7.0,3772.99,0.2857142857142857,0.0,333.0,0.2222222222222222,3,Diverse Basket • Frequent
15835,2011-10-26 15:47:00,44.0,4.0,954.09,0.0,0.0,47.0,0.0,1,High Recency • High Frequency
15836,2011-10-20 17:13:00,50.0,1.0,137.37,0.0,0.0,10.0,0.5,5,High Returns
15837,2011-10-06 09:01:00,65.0,2.0,777.01,0.0,0.0,52.0,0.0,1,High Recency • High Frequency
15838,2011-11-28 14:00:00,11.0,34.0,74163.0,0.0588235294117647,0.0,61.0,0.1052631578947368,3,Diverse Basket • Frequent
15839,2011-11-06 13:54:00,33.0,3.0,1048.49,0.3333333333333333,0.0,56.0,0.4,5,High Returns
15840,2011-10-12 09:08:00,59.0,2.0,355.56,0.0,0.0,26.0,0.3333333333333333,5,High Returns
15841,2011-09-28 12:15:00,73.0,9.0,2742.4100000000003,0.1111111111111111,0.0,60.0,0.25,5,High Returns
15842,2010-11-11 14:08:00,393.0,2.0,548.8,0.0,0.0,24.0,0.3333333333333333,5,High Returns
15843,2011-02-09 10:19:00,304.0,1.0,118.95000000000002,0.0,0.0,8.0,0.0,1,High Recency • High Frequency
15844,2011-10-24 15:19:00,46.0,1.0,130.73999999999998,0.0,0.0,11.0,0.0,1,High Recency • High Frequency
15845,2011-11-22 09:42:00,18.0,11.0,4426.28,0.0,0.0,129.0,0.2142857142857142,3,Diverse Basket • Frequent
15846,2010-11-19 14:40:00,385.0,1.0,107.01,0.0,0.0,27.0,0.0,1,High Recency • High Frequency
15847,2011-11-01 14:41:00,38.0,5.0,822.57,0.0,0.0,39.0,0.0,1,High Recency • High Frequency
15848,2010-03-28 10:54:00,622.0,1.0,139.94,1.0,0.0,34.0,0.0,4,Weekend Shoppers
15850,2011-11-20 14:14:00,19.0,6.0,1058.72,0.5,0.0,269.0,0.0,3,Diverse Basket • Frequent
15851,2010-07-01 12:34:00,527.0,1.0,109.73,0.0,0.0,8.0,0.0,1,High Recency • High Frequency
15852,2011-06-06 11:22:00,187.0,3.0,257.26,0.0,0.0,31.0,0.0,1,High Recency • High Frequency
15853,2011-10-19 10:38:00,52.0,1.0,110.8,0.0,0.0,29.0,0.0,1,High Recency • High Frequency
15854,2011-12-05 13:39:00,4.0,21.0,5583.81,0.0952380952380952,0.0,168.0,0.0,3,Diverse Basket • Frequent
15855,2011-07-26 10:20:00,137.0,6.0,1052.72,0.0,0.0,72.0,0.0,1,High Recency • High Frequency
15856,2011-12-05 17:09:00,4.0,52.0,34220.340000000004,0.0384615384615384,0.0,384.0,0.1034482758620689,3,Diverse Basket • Frequent
15857,2011-11-21 12:18:00,19.0,2.0,570.48,0.0,0.0,21.0,0.0,1,High Recency • High Frequency
15858,2011-11-24 12:48:00,16.0,13.0,3960.37,0.0,0.0,273.0,0.1333333333333333,3,Diverse Basket • Frequent
15859,2010-10-03 12:52:00,432.0,1.0,438.46,1.0,0.0,22.0,0.0,4,Weekend Shoppers
15860,2011-10-30 11:25:00,41.0,17.0,2505.21,0.5294117647058824,0.0,249.0,0.0,3,Diverse Basket • Frequent
15861,2011-11-27 15:59:00,12.0,12.0,4401.79,0.25,0.25,452.0,0.2,3,Diverse Basket • Frequent
15862,2011-12-01 13:28:00,8.0,13.0,2928.29,0.0,0.0,417.0,0.0,3,Diverse Basket • Frequent
15863,2011-11-14 12:49:00,26.0,5.0,358.7,0.0,0.0,74.0,0.0,1,High Recency • High Frequency
15864,2011-11-17 13:32:00,22.0,7.0,2180.76,0.1428571428571428,0.0,18.0,0.2222222222222222,5,High Returns
15865,2011-10-30 12:43:00,41.0,5.0,2248.92,0.2,0.0,119.0,0.0,1,High Recency • High Frequency
15866,2011-08-30 14:09:00,101.0,1.0,230.53,0.0,0.0,43.0,0.0,1,High Recency • High Frequency
15867,2011-12-04 13:32:00,5.0,31.0,9063.95,0.0967741935483871,0.0,547.0,0.1142857142857142,3,Diverse Basket • Frequent
15868,2010-05-05 14:11:00,583.0,1.0,94.53,0.0,0.0,4.0,0.0,1,High Recency • High Frequency
15869,2011-03-07 17:23:00,277.0,3.0,323.66,0.0,0.0,29.0,0.0,1,High Recency • High Frequency
15870,2011-11-07 10:58:00,33.0,4.0,862.61,0.5,0.0,127.0,0.0,4,Weekend Shoppers
15871,2010-09-28 14:16:00,437.0,1.0,33.099999999999994,0.0,0.0,5.0,0.0,1,High Recency • High Frequency
15872,2011-11-25 11:55:00,15.0,4.0,795.68,0.0,0.0,164.0,0.0,1,High Recency • High Frequency
15873,2010-07-28 12:41:00,500.0,4.0,313.92,0.0,0.0,3.0,0.2,1,High Recency • High Frequency
15874,2011-10-07 12:31:00,64.0,21.0,11284.76,0.0,0.0,262.0,0.16,3,Diverse Basket • Frequent
15875,2010-03-03 16:51:00,646.0,1.0,111.72,0.0,0.0,18.0,0.0,1,High Recency • High Frequency
15876,2010-10-26 18:58:00,409.0,2.0,1449.14,0.0,0.0,11.0,0.0,1,High Recency • High Frequency
15877,2011-12-08 11:53:00,2.0,2.0,493.28,0.0,0.0,122.0,0.3333333333333333,5,High Returns
15878,2010-05-27 12:17:00,562.0,2.0,330.77,0.5,0.0,47.0,0.0,4,Weekend Shoppers
15879,2010-10-31 16:21:00,404.0,4.0,1157.3,0.25,0.0,171.0,0.0,1,High Recency • High Frequency
15880,2010-12-05 13:00:00,369.0,1.0,686.5600000000001,1.0,0.0,95.0,0.5,4,Weekend Shoppers
15881,2011-01-31 16:59:00,312.0,5.0,501.39,0.0,0.0,26.0,0.375,5,High Returns
15882,2011-05-25 11:35:00,199.0,8.0,1495.98,0.0,0.0,49.0,0.2,1,High Recency • High Frequency
15883,2011-12-07 17:05:00,2.0,2.0,396.48,0.5,0.0,42.0,0.0,4,Weekend Shoppers
15884,2010-10-03 15:55:00,432.0,2.0,249.7,0.5,0.0,14.0,0.3333333333333333,4,Weekend Shoppers
15885,2011-09-08 10:43:00,93.0,15.0,1951.82,0.0666666666666666,0.0,83.0,0.25,5,High Returns
15886,2011-10-10 14:25:00,60.0,4.0,1052.87,0.0,0.0,58.0,0.0,1,High Recency • High Frequency
15887,2010-10-29 08:36:00,407.0,3.0,1027.15,0.3333333333333333,0.0,27.0,0.0,1,High Recency • High Frequency
15888,2011-09-20 12:30:00,81.0,3.0,429.16,0.0,0.0,33.0,0.25,5,High Returns
15889,2011-07-06 11:10:00,157.0,8.0,1806.28,0.125,0.0,256.0,0.1111111111111111,3,Diverse Basket • Frequent
15890,2010-11-10 12:46:00,395.0,5.0,535.65,0.0,0.0,10.0,0.0,1,High Recency • High Frequency
15891,2011-04-27 12:35:00,227.0,1.0,524.52,0.0,0.0,60.0,0.0,1,High Recency • High Frequency
15892,2010-02-08 16:23:00,669.0,1.0,128.2,0.0,0.0,38.0,0.0,1,High Recency • High Frequency
15893,2010-08-15 11:12:00,482.0,1.0,305.28000000000003,1.0,0.0,1.0,0.0,4,Weekend Shoppers
15894,2011-03-31 13:50:00,253.0,2.0,420.29,0.5,0.0,35.0,0.0,4,Weekend Shoppers
15895,2011-07-13 10:27:00,150.0,1.0,179.17,0.0,0.0,11.0,0.0,1,High Recency • High Frequency
15897,2011-05-29 13:50:00,194.0,2.0,222.05,1.0,0.0,17.0,0.0,4,Weekend Shoppers
15898,2011-12-08 15:23:00,1.0,25.0,5596.31,0.16,0.0,281.0,0.1379310344827586,3,Diverse Basket • Frequent
15899,2010-12-06 10:36:00,369.0,1.0,112.5,0.0,0.0,4.0,0.0,1,High Recency • High Frequency
15900,2011-11-16 12:19:00,24.0,4.0,900.4000000000001,0.0,0.0,100.0,0.2,5,High Returns
15901,2011-11-23 12:43:00,17.0,7.0,703.22,0.0,0.0,145.0,0.2222222222222222,5,High Returns
15902,2010-11-24 16:57:00,380.0,1.0,145.01,0.0,0.0,18.0,0.0,1,High Recency • High Frequency
15903,2011-11-30 08:08:00,10.0,12.0,8939.84,0.0833333333333333,0.0,58.0,0.2,5,High Returns
15904,2011-12-01 14:50:00,8.0,1.0,164.68,0.0,0.0,30.0,0.0,1,High Recency • High Frequency
15905,2010-06-14 16:00:00,543.0,1.0,114.69,0.0,0.0,22.0,0.0,1,High Recency • High Frequency
15906,2011-11-20 12:24:00,20.0,10.0,2555.64,0.3,0.0,143.0,0.1666666666666666,3,Diverse Basket • Frequent
15907,2011-12-06 12:21:00,4.0,3.0,967.45,0.0,0.0,175.0,0.0,1,High Recency • High Frequency
15908,2010-08-06 11:56:00,491.0,2.0,764.57,0.0,0.0,37.0,0.0,1,High Recency • High Frequency
15909,2011-06-19 10:38:00,174.0,1.0,191.94,1.0,0.0,7.0,0.0,4,Weekend Shoppers
15910,2011-12-09 10:51:00,1.0,15.0,2681.8,0.0,0.0,394.0,0.0,3,Diverse Basket • Frequent
15911,2010-03-26 12:06:00,624.0,8.0,1702.34,0.0,0.0,162.0,0.2,1,High Recency • High Frequency
15912,2011-06-14 14:29:00,178.0,9.0,1074.7,0.0,0.0,83.0,0.0,1,High Recency • High Frequency
15913,2010-06-23 16:31:00,534.0,1.0,6.300000000000001,0.0,0.0,1.0,0.0,1,High Recency • High Frequency
15914,2010-11-26 16:10:00,378.0,2.0,205.99,0.0,0.0,13.0,0.0,1,High Recency • High Frequency
15915,2010-11-03 11:13:00,402.0,1.0,429.21,0.0,0.0,105.0,0.0,1,High Recency • High Frequency
15916,2011-11-23 13:46:00,16.0,13.0,3427.17,0.1538461538461538,0.0,227.0,0.2352941176470588,3,Diverse Basket • Frequent
15917,2011-04-06 10:40:00,248.0,5.0,560.63,0.0,0.0,127.0,0.0,1,High Recency • High Frequency
15918,2011-06-02 11:42:00,191.0,3.0,582.88,0.3333333333333333,0.0,49.0,0.0,1,High Recency • High Frequency
15919,2011-11-20 11:28:00,20.0,2.0,910.61,0.5,0.0,103.0,0.0,4,Weekend Shoppers
15920,2011-07-08 15:31:00,154.0,9.0,571.64,0.0,0.0,93.0,0.0,1,High Recency • High Frequency
15921,2011-06-20 11:03:00,173.0,4.0,802.11,0.0,0.0,69.0,0.0,1,High Recency • High Frequency
15922,2010-12-01 13:51:00,373.0,1.0,739.0,0.0,0.0,11.0,0.5,5,High Returns
15923,2010-12-02 12:16:00,373.0,1.0,254.16,0.0,0.0,21.0,0.0,1,High Recency • High Frequency
15924,2009-12-08 15:00:00,731.0,1.0,102.82,0.0,0.0,14.0,0.0,1,High Recency • High Frequency
15925,2011-05-29 15:35:00,194.0,1.0,207.15,1.0,0.0,12.0,0.0,4,Weekend Shoppers
15926,2010-06-15 15:23:00,542.0,1.0,134.44,0.0,0.0,7.0,0.0,1,High Recency • High Frequency
15927,2010-03-02 13:25:00,647.0,1.0,123.39,0.0,0.0,13.0,0.0,1,High Recency • High Frequency
15928,2010-02-21 15:16:00,656.0,1.0,293.53,1.0,0.0,11.0,0.0,4,Weekend Shoppers
15929,2010-03-05 14:56:00,644.0,1.0,594.0,0.0,0.0,1.0,0.0,1,High Recency • High Frequency
15930,2011-10-03 14:52:00,67.0,1.0,426.63,0.0,0.0,21.0,0.0,1,High Recency • High Frequency
15931,2010-10-07 16:46:00,428.0,1.0,239.9,0.0,0.0,14.0,0.0,1,High Recency • High Frequency
15932,2011-12-05 17:13:00,4.0,8.0,2495.87,0.0,0.0,93.0,0.2727272727272727,5,High Returns
15933,2011-11-18 13:14:00,21.0,3.0,1107.46,0.0,0.0,63.0,0.0,1,High Recency • High Frequency
15934,2010-10-18 10:13:00,418.0,2.0,2190.66,0.0,0.0,29.0,0.0,1,High Recency • High Frequency
15935,2011-04-14 13:27:00,239.0,2.0,416.86,0.0,0.0,12.0,0.3333333333333333,5,High Returns
15936,2010-11-25 16:39:00,379.0,2.0,282.79,0.5,0.0,16.0,0.0,4,Weekend Shoppers
15937,2011-10-06 15:48:00,64.0,1.0,145.35,0.0,0.0,7.0,0.0,1,High Recency • High Frequency
15938,2011-08-19 12:56:00,112.0,9.0,734.81,0.3333333333333333,0.0,27.0,0.0,1,High Recency • High Frequency
15939,2011-09-11 11:30:00,90.0,16.0,9060.39,0.1875,0.0,52.0,0.0588235294117647,1,High Recency • High Frequency
15940,2011-02-01 16:18:00,311.0,1.0,35.8,0.0,0.0,1.0,0.6666666666666666,5,High Returns
15941,2010-03-12 14:45:00,637.0,1.0,405.0,0.0,0.0,6.0,0.5,5,High Returns
15942,2011-07-29 09:01:00,134.0,1.0,337.44,0.0,0.0,14.0,0.0,1,High Recency • High Frequency
15943,2010-02-28 12:49:00,650.0,2.0,271.29,1.0,0.0,12.0,0.0,4,Weekend Shoppers
15944,2011-03-08 10:33:00,277.0,4.0,2164.24,0.25,0.0,25.0,0.0,1,High Recency • High Frequency
15945,2010-12-09 13:14:00,365.0,4.0,827.27,0.0,0.0,24.0,0.0,1,High Recency • High Frequency
15946,2010-07-25 12:18:00,503.0,3.0,2304.18,0.6666666666666666,0.0,25.0,0.0,4,Weekend Shoppers
15947,2011-09-18 10:46:00,83.0,1.0,1708.24,1.0,0.0,29.0,0.0,4,Weekend Shoppers
15948,2011-12-01 15:32:00,8.0,3.0,1509.09,0.0,0.0,63.0,0.0,1,High Recency • High Frequency
15949,2011-11-23 09:09:00,17.0,2.0,364.72,0.0,0.0,12.0,0.0,1,High Recency • High Frequency
15950,2011-11-08 11:09:00,32.0,10.0,7180.71,0.0,0.0,225.0,0.2307692307692307,3,Diverse Basket • Frequent
15951,2011-12-01 08:34:00,9.0,3.0,1013.17,0.3333333333333333,0.0,44.0,0.25,5,High Returns
15952,2011-11-06 11:18:00,34.0,4.0,806.57,0.75,0.0,65.0,0.0,4,Weekend Shoppers
15953,2011-11-24 15:32:00,15.0,18.0,3669.55,0.2777777777777778,0.0,102.0,0.1428571428571428,3,Diverse Basket • Frequent
15954,2010-04-29 13:35:00,589.0,1.0,190.75,0.0,0.0,20.0,0.0,1,High Recency • High Frequency
15955,2011-11-15 14:15:00,24.0,22.0,8658.36,0.0454545454545454,0.0,222.0,0.12,3,Diverse Basket • Frequent
15956,2010-06-06 13:06:00,551.0,2.0,617.5999999999999,1.0,0.0,18.0,0.0,4,Weekend Shoppers
15957,2011-11-08 12:14:00,32.0,3.0,930.1,0.0,0.0,121.0,0.0,1,High Recency • High Frequency
15958,2011-09-26 13:41:00,74.0,4.0,492.99,0.0,0.0,50.0,0.0,1,High Recency • High Frequency
15959,2010-01-26 16:38:00,682.0,3.0,579.49,0.0,0.0,58.0,0.0,1,High Recency • High Frequency
15960,2010-11-30 15:57:00,374.0,4.0,410.9500000000001,0.0,0.0,24.0,0.2,1,High Recency • High Frequency
15961,2010-11-25 15:59:00,379.0,1.0,451.29,0.0,0.0,42.0,0.0,1,High Recency • High Frequency
15962,2010-09-16 13:48:00,449.0,1.0,295.83,0.0,0.0,43.0,0.0,1,High Recency • High Frequency
15963,2011-11-20 11:33:00,20.0,2.0,470.76,0.5,0.0,26.0,0.0,4,Weekend Shoppers
15964,2010-02-14 15:30:00,663.0,1.0,272.96000000000004,1.0,0.0,20.0,0.0,4,Weekend Shoppers
15965,2011-11-22 16:44:00,17.0,13.0,3013.09,0.3076923076923077,0.0,202.0,0.0714285714285714,3,Diverse Basket • Frequent
15966,2010-09-15 10:44:00,451.0,1.0,426.53,0.0,0.0,27.0,0.5,5,High Returns
15967,2011-11-16 15:41:00,23.0,12.0,3041.6,0.1666666666666666,0.0,316.0,0.0769230769230769,3,Diverse Basket • Frequent
15968,2010-11-16 13:04:00,388.0,1.0,418.05,0.0,0.0,70.0,0.0,1,High Recency • High Frequency
15969,2011-12-07 11:06:00,3.0,5.0,1127.05,0.2,0.0,31.0,0.1666666666666666,1,High Recency • High Frequency
15970,2011-02-09 12:08:00,304.0,2.0,1017.32,0.0,0.0,19.0,0.0,1,High Recency • High Frequency
15971,2011-11-22 12:50:00,18.0,18.0,5902.83,0.0,0.0,12.0,0.1,1,High Recency • High Frequency
15972,2010-09-09 13:20:00,456.0,5.0,1810.27,0.2,0.0,104.0,0.0,1,High Recency • High Frequency
15973,2010-12-08 11:42:00,367.0,3.0,988.44,0.0,0.0,8.0,0.4,5,High Returns
15974,2011-10-31 13:13:00,39.0,7.0,3442.15,0.0,0.0,141.0,0.125,1,High Recency • High Frequency
15975,2011-09-16 13:33:00,84.0,1.0,371.01,0.0,0.0,24.0,0.0,1,High Recency • High Frequency
15976,2011-06-27 13:00:00,165.0,6.0,1746.64,0.5,0.0,265.0,0.0,3,Diverse Basket • Frequent
15977,2011-11-22 13:29:00,17.0,2.0,1054.73,0.0,0.0,48.0,0.0,1,High Recency • High Frequency
15978,2011-09-23 15:21:00,77.0,3.0,3279.42,0.3333333333333333,0.0,107.0,0.4,5,High Returns
15979,2010-04-16 11:35:00,603.0,1.0,329.22,0.0,0.0,22.0,0.0,1,High Recency • High Frequency
15980,2011-09-12 09:41:00,89.0,7.0,6593.68,0.0,0.0,101.0,0.2222222222222222,5,High Returns
15981,2011-11-15 08:00:00,25.0,21.0,9362.77,0.0476190476190476,0.0,151.0,0.2222222222222222,3,Diverse Basket • Frequent
15982,2010-04-13 15:47:00,605.0,1.0,324.51,0.0,0.0,45.0,0.0,1,High Recency • High Frequency
15983,2011-11-17 17:34:00,22.0,8.0,3958.82,0.25,0.0,137.0,0.0,1,High Recency • High Frequency
15984,2011-12-07 12:16:00,3.0,30.0,8759.32,0.0333333333333333,0.0,458.0,0.0625,3,Diverse Basket • Frequent
15985,2011-08-08 16:31:00,123.0,7.0,2715.28,0.1428571428571428,0.0,50.0,0.125,1,High Recency • High Frequency
15986,2011-11-09 15:17:00,30.0,2.0,354.42,0.0,0.0,25.0,0.0,1,High Recency • High Frequency
15987,2011-11-27 15:38:00,12.0,8.0,1682.13,0.125,0.0,143.0,0.0,1,High Recency • High Frequency
15988,2011-11-20 13:23:00,19.0,3.0,770.09,1.0,0.0,114.0,0.0,4,Weekend Shoppers
15989,2010-11-29 12:03:00,376.0,2.0,372.51,0.0,0.0,81.0,0.0,1,High Recency • High Frequency
15990,2011-10-26 15:58:00,44.0,7.0,2010.05,0.2857142857142857,0.0,117.0,0.0,1,High Recency • High Frequency
15991,2010-06-23 15:50:00,534.0,1.0,150.55,0.0,0.0,6.0,0.0,1,High Recency • High Frequency
15992,2011-12-06 11:00:00,4.0,3.0,896.6,0.3333333333333333,0.0,53.0,0.0,1,High Recency • High Frequency
15993,2011-12-01 10:45:00,9.0,7.0,2797.57,0.1428571428571428,0.0,335.0,0.3,3,Diverse Basket • Frequent
15994,2011-10-16 12:28:00,55.0,3.0,1202.18,1.0,0.0,93.0,0.4,4,Weekend Shoppers
15995,2010-10-21 13:57:00,414.0,1.0,696.19,0.0,0.0,108.0,0.0,1,High Recency • High Frequency
15996,2011-09-12 15:14:00,88.0,7.0,1686.9,0.2857142857142857,0.0,140.0,0.125,3,Diverse Basket • Frequent
15998,2011-11-03 12:45:00,37.0,16.0,8308.34,0.125,0.0,682.0,0.238095238095238,3,Diverse Basket • Frequent
15999,2009-12-04 12:31:00,736.0,1.0,20.4,0.0,0.0,1.0,0.0,1,High Recency • High Frequency
16000,2011-12-07 12:17:00,3.0,3.0,12393.7,0.0,0.0,9.0,0.0,1,High Recency • High Frequency
16001,2010-11-23 17:10:00,381.0,1.0,583.39,0.0,0.0,29.0,0.5,5,High Returns
16002,2010-03-24 13:08:00,625.0,1.0,169.21,0.0,0.0,42.0,0.0,1,High Recency • High Frequency
16003,2011-11-10 09:57:00,30.0,10.0,5613.83,0.1,0.0,146.0,0.0,3,Diverse Basket • Frequent
16004,2010-08-22 11:48:00,475.0,5.0,2146.39,0.4,0.0,63.0,0.0,1,High Recency • High Frequency
16005,2011-11-27 13:47:00,12.0,10.0,2436.2200000000003,0.2,0.0,315.0,0.0909090909090909,3,Diverse Basket • Frequent
16006,2011-05-12 13:12:00,211.0,2.0,347.17,0.0,0.0,75.0,0.0,1,High Recency • High Frequency
16007,2011-10-23 11:05:00,48.0,7.0,3075.14,0.8571428571428571,0.0,337.0,0.0,4,Weekend Shoppers
16008,2011-11-16 10:32:00,24.0,15.0,5384.13,0.3333333333333333,0.0,63.0,0.0,1,High Recency • High Frequency
16009,2011-11-17 16:51:00,22.0,4.0,992.71,0.25,0.0,68.0,0.0,1,High Recency • High Frequency
16010,2011-04-08 10:14:00,246.0,11.0,1724.06,0.5454545454545454,0.0,122.0,0.0833333333333333,4,Weekend Shoppers
16011,2011-12-01 16:31:00,8.0,29.0,5880.46,0.1034482758620689,0.0,181.0,0.0333333333333333,3,Diverse Basket • Frequent
16012,2011-11-04 13:25:00,35.0,5.0,2989.79,0.0,0.0,207.0,0.0,3,Diverse Basket • Frequent
16013,2011-12-06 10:36:00,4.0,84.0,57446.44,0.0,0.0119047619047619,54.0,0.1063829787234042,3,Diverse Basket • Frequent
16014,2011-11-02 12:04:00,38.0,5.0,1130.27,0.4,0.0,219.0,0.1666666666666666,3,Diverse Basket • Frequent
16015,2011-12-06 10:58:00,4.0,3.0,705.39,0.3333333333333333,0.0,146.0,0.25,5,High Returns
16016,2011-12-06 14:35:00,3.0,11.0,2533.94,0.0,0.0,181.0,0.2142857142857142,3,Diverse Basket • Frequent
16017,2011-10-23 12:56:00,47.0,5.0,1553.83,0.4,0.0,99.0,0.0,1,High Recency • High Frequency
16018,2011-10-31 14:13:00,39.0,4.0,698.13,0.25,0.0,48.0,0.0,1,High Recency • High Frequency
16019,2011-10-24 11:51:00,47.0,27.0,17465.85,0.0,0.0,256.0,0.2285714285714285,3,Diverse Basket • Frequent
16020,2011-11-23 11:18:00,17.0,3.0,851.01,0.0,0.0,42.0,0.0,1,High Recency • High Frequency
16021,2010-11-09 14:48:00,395.0,2.0,532.25,0.5,0.0,117.0,0.0,4,Weekend Shoppers
16022,2011-03-24 13:16:00,260.0,1.0,628.28,0.0,0.0,68.0,0.0,1,High Recency • High Frequency
16023,2011-10-24 16:34:00,46.0,3.0,719.8100000000001,0.0,0.0,90.0,0.0,1,High Recency • High Frequency
16024,2011-11-27 13:26:00,12.0,3.0,484.2000000000001,1.0,0.0,78.0,0.0,4,Weekend Shoppers
16025,2011-11-10 11:45:00,30.0,1.0,439.66,0.0,0.0,28.0,0.0,1,High Recency • High Frequency
16026,2011-10-27 13:53:00,43.0,1.0,236.09,0.0,0.0,30.0,0.0,1,High Recency • High Frequency
16027,2011-09-09 10:47:00,92.0,15.0,2048.36,0.0666666666666666,0.0,20.0,0.1666666666666666,1,High Recency • High Frequency
16028,2010-04-23 11:45:00,596.0,1.0,82.2,0.0,0.0,5.0,0.0,1,High Recency • High Frequency
16029,2011-11-01 10:27:00,39.0,107.0,122209.14,0.0,0.0,57.0,0.144,3,Diverse Basket • Frequent
16030,2011-02-03 11:28:00,310.0,1.0,331.24,0.0,0.0,28.0,0.0,1,High Recency • High Frequency
16031,2011-09-08 13:07:00,92.0,2.0,548.94,0.0,0.0,91.0,0.0,1,High Recency • High Frequency
16032,2010-09-09 18:00:00,456.0,6.0,1970.45,0.3333333333333333,0.0,130.0,0.0,1,High Recency • High Frequency
16033,2011-12-04 12:44:00,6.0,27.0,10836.13,0.2222222222222222,0.0,605.0,0.25,3,Diverse Basket • Frequent
16034,2011-05-27 16:17:00,196.0,6.0,928.72,0.1666666666666666,0.0,43.0,0.1428571428571428,1,High Recency • High Frequency
16035,2010-05-28 15:09:00,560.0,1.0,217.73,0.0,0.0,21.0,0.0,1,High Recency • High Frequency
16036,2011-09-13 14:53:00,87.0,4.0,2556.84,0.0,0.0,120.0,0.0,1,High Recency • High Frequency
16037,2011-03-15 09:13:00,270.0,5.0,1509.34,0.2,0.0,62.0,0.2857142857142857,5,High Returns
16038,2011-12-02 12:40:00,8.0,3.0,471.78,0.3333333333333333,0.0,24.0,0.25,5,High Returns
16039,2010-10-12 10:44:00,424.0,2.0,456.4,0.5,0.0,27.0,0.3333333333333333,4,Weekend Shoppers
16040,2011-10-05 13:47:00,65.0,7.0,2416.9,0.0,0.0,95.0,0.125,1,High Recency • High Frequency
16041,2011-11-09 12:25:00,31.0,3.0,3166.4,0.0,0.0,6.0,0.0,1,High Recency • High Frequency
16042,2011-11-17 17:50:00,22.0,8.0,2265.12,0.125,0.0,88.0,0.2727272727272727,5,High Returns
16043,2011-11-02 12:50:00,38.0,8.0,1856.59,0.125,0.0,56.0,0.0,1,High Recency • High Frequency
16044,2010-09-30 18:12:00,435.0,1.0,340.84000000000003,0.0,0.0,19.0,0.0,1,High Recency • High Frequency
16045,2011-08-12 12:41:00,120.0,8.0,3434.9300000000003,0.125,0.0,111.0,0.1111111111111111,1,High Recency • High Frequency
16046,2010-05-26 13:18:00,562.0,1.0,235.78,0.0,0.0,22.0,0.0,1,High Recency • High Frequency
16047,2010-01-26 16:34:00,682.0,1.0,107.14,0.0,0.0,1.0,0.0,1,High Recency • High Frequency
16048,2010-12-01 15:28:00,373.0,4.0,1075.23,0.0,0.0,30.0,0.3333333333333333,5,High Returns
16049,2011-10-30 13:19:00,40.0,6.0,1899.68,0.6666666666666666,0.0,383.0,0.0,3,Diverse Basket • Frequent
16050,2011-06-19 11:44:00,174.0,3.0,300.70000000000005,0.6666666666666666,0.0,19.0,0.0,4,Weekend Shoppers
16051,2010-01-27 09:38:00,682.0,1.0,188.44,0.0,0.0,12.0,0.0,1,High Recency • High Frequency
16052,2011-10-16 15:13:00,54.0,1.0,362.06,1.0,0.0,34.0,0.0,4,Weekend Shoppers
16053,2011-11-07 11:21:00,33.0,6.0,3634.84,0.1666666666666666,0.0,169.0,0.25,3,Diverse Basket • Frequent
16054,2011-07-17 13:08:00,145.0,4.0,2111.88,0.5,0.0,109.0,0.4285714285714285,5,High Returns
16055,2011-05-03 09:26:00,221.0,1.0,134.8,0.0,0.0,8.0,0.0,1,High Recency • High Frequency
16056,2011-10-25 15:19:00,45.0,1.0,664.85,0.0,0.0,66.0,0.0,1,High Recency • High Frequency
16057,2011-11-23 15:23:00,16.0,10.0,3854.85,0.3,0.0,175.0,0.4117647058823529,5,High Returns
16058,2010-10-29 16:48:00,406.0,1.0,62.7,0.0,0.0,2.0,0.0,1,High Recency • High Frequency
16059,2011-10-05 09:56:00,66.0,12.0,3217.77,0.25,0.0,233.0,0.0,3,Diverse Basket • Frequent
16060,2010-11-04 12:10:00,401.0,3.0,541.95,0.0,0.0,22.0,0.0,1,High Recency • High Frequency
16061,2010-10-04 15:29:00,431.0,1.0,89.65,0.0,0.0,3.0,0.6666666666666666,5,High Returns
16062,2011-11-30 12:15:00,10.0,8.0,2863.45,0.0,0.0,134.0,0.0,1,High Recency • High Frequency
16063,2011-03-24 14:56:00,260.0,1.0,335.32,0.0,0.0,23.0,0.0,1,High Recency • High Frequency
16064,2009-12-14 16:11:00,725.0,1.0,111.0,0.0,0.0,17.0,0.0,1,High Recency • High Frequency
16065,2010-12-09 13:03:00,365.0,8.0,2382.62,0.125,0.0,214.0,0.2,3,Diverse Basket • Frequent
16066,2011-11-23 11:54:00,17.0,5.0,1521.87,0.6,0.0,77.0,0.0,4,Weekend Shoppers
16067,2010-05-26 12:33:00,563.0,3.0,3395.29,0.3333333333333333,0.0,60.0,0.5,5,High Returns
16068,2010-04-25 11:52:00,594.0,1.0,122.93,1.0,0.0,34.0,0.0,4,Weekend Shoppers
16069,2010-10-18 10:32:00,418.0,1.0,457.7,0.0,0.0,25.0,0.0,1,High Recency • High Frequency
16070,2011-11-17 15:50:00,22.0,2.0,852.1500000000001,0.0,0.0,32.0,0.0,1,High Recency • High Frequency
16071,2011-10-26 11:14:00,45.0,4.0,1076.8000000000002,0.0,0.0,62.0,0.0,1,High Recency • High Frequency
16072,2011-02-24 14:32:00,288.0,4.0,4328.89,0.0,0.0,414.0,0.0,3,Diverse Basket • Frequent
16073,2011-02-15 15:41:00,297.0,1.0,122.4,0.0,0.0,1.0,0.5,5,High Returns
16074,2010-11-14 13:19:00,390.0,1.0,265.25,1.0,0.0,23.0,0.0,4,Weekend Shoppers
16075,2010-07-25 11:31:00,503.0,2.0,736.9300000000001,0.5,0.0,41.0,0.3333333333333333,4,Weekend Shoppers
16076,2011-12-06 14:59:00,3.0,10.0,2234.73,0.1,0.0,71.0,0.0909090909090909,1,High Recency • High Frequency
16077,2010-03-24 10:42:00,626.0,1.0,2300.4,0.0,0.0,8.0,0.5,5,High Returns
16078,2011-03-01 09:47:00,284.0,2.0,362.99,0.0,0.0,39.0,0.0,1,High Recency • High Frequency
16079,2011-11-23 12:48:00,17.0,3.0,1352.0,0.3333333333333333,0.0,18.0,0.0,1,High Recency • High Frequency
16080,2011-09-19 10:42:00,82.0,4.0,602.5600000000001,0.0,0.0,29.0,0.3333333333333333,5,High Returns
16081,2011-10-14 13:06:00,56.0,8.0,4460.18,0.0,0.0,235.0,0.0,3,Diverse Basket • Frequent
16082,2010-02-07 15:16:00,670.0,1.0,106.75,1.0,0.0,16.0,0.0,4,Weekend Shoppers
16083,2011-08-31 10:47:00,101.0,4.0,2351.42,0.0,0.0,61.0,0.0,1,High Recency • High Frequency
16084,2011-02-13 16:05:00,299.0,1.0,436.18,1.0,0.0,38.0,0.0,4,Weekend Shoppers
16085,2011-11-16 13:24:00,23.0,12.0,2343.53,0.3333333333333333,0.0,259.0,0.0769230769230769,3,Diverse Basket • Frequent
16086,2011-10-11 13:09:00,59.0,10.0,2864.99,0.0,0.0,66.0,0.0909090909090909,1,High Recency • High Frequency
16087,2010-11-15 16:44:00,389.0,5.0,1739.92,0.0,0.0,6.0,0.0,1,High Recency • High Frequency
16088,2010-05-13 10:16:00,576.0,2.0,1437.4299999999998,0.0,0.0,3.0,0.0,1,High Recency • High Frequency
16089,2010-11-18 13:51:00,386.0,2.0,271.44,0.5,0.0,42.0,0.0,4,Weekend Shoppers
16090,2010-03-25 13:05:00,624.0,1.0,205.91,0.0,0.0,18.0,0.0,1,High Recency • High Frequency
16091,2011-07-08 08:45:00,155.0,2.0,315.06,0.0,0.0,16.0,0.0,1,High Recency • High Frequency
16092,2011-08-17 10:46:00,115.0,6.0,1587.94,0.3333333333333333,0.0,60.0,0.4,5,High Returns
16093,2011-08-25 11:09:00,107.0,1.0,17.0,0.0,0.0,1.0,0.0,1,High Recency • High Frequency
16094,2011-11-28 12:45:00,12.0,11.0,3695.56,0.0,0.0,101.0,0.4210526315789473,5,High Returns
16095,2010-09-09 16:54:00,456.0,1.0,447.05,0.0,0.0,30.0,0.0,1,High Recency • High Frequency
16096,2011-03-20 13:38:00,264.0,4.0,1584.97,0.25,0.0,58.0,0.0,1,High Recency • High Frequency
16097,2011-04-13 13:47:00,240.0,1.0,185.05,0.0,0.0,10.0,0.0,1,High Recency • High Frequency
16098,2011-09-13 09:59:00,88.0,14.0,4448.1,0.0,0.0,83.0,0.0,1,High Recency • High Frequency
16099,2011-10-20 13:13:00,50.0,7.0,1573.2,0.0,0.0,44.0,0.125,1,High Recency • High Frequency
16100,2010-09-03 11:39:00,463.0,1.0,582.64,0.0,0.0,37.0,0.0,1,High Recency • High Frequency
16101,2011-09-30 10:18:00,71.0,4.0,3229.16,0.25,0.0,153.0,0.4285714285714285,5,High Returns
16102,2011-10-28 13:19:00,42.0,3.0,1842.14,0.0,0.0,41.0,0.0,1,High Recency • High Frequency
16103,2011-12-02 14:16:00,7.0,22.0,6191.71,0.0,0.0,111.0,0.1851851851851851,3,Diverse Basket • Frequent
16104,2011-10-09 10:23:00,62.0,9.0,2778.61,1.0,0.0,187.0,0.1818181818181818,4,Weekend Shoppers
16105,2011-04-05 10:13:00,249.0,5.0,2386.19,0.0,0.0,92.0,0.0,1,High Recency • High Frequency
16106,2011-10-05 10:37:00,66.0,1.0,108.38,0.0,0.0,6.0,0.0,1,High Recency • High Frequency
16107,2011-11-22 09:40:00,18.0,7.0,3204.1600000000003,0.2857142857142857,0.0,16.0,0.0,1,High Recency • High Frequency
16108,2011-09-16 11:48:00,85.0,4.0,2235.92,0.0,0.0,124.0,0.5,5,High Returns
16109,2011-05-05 09:17:00,219.0,3.0,939.48,0.3333333333333333,0.0,30.0,0.25,5,High Returns
16110,2011-10-25 14:35:00,45.0,4.0,1819.27,0.0,0.0,343.0,0.0,3,Diverse Basket • Frequent
16111,2010-10-07 19:51:00,428.0,1.0,562.48,0.0,0.0,72.0,0.0,1,High Recency • High Frequency
16112,2011-07-19 14:28:00,143.0,4.0,195.74,0.0,0.0,15.0,0.0,1,High Recency • High Frequency
16113,2011-06-09 16:16:00,183.0,1.0,161.38,0.0,0.0,30.0,0.0,1,High Recency • High Frequency
16114,2011-06-22 10:13:00,171.0,1.0,135.75000000000003,0.0,0.0,8.0,0.0,1,High Recency • High Frequency
16115,2011-11-30 11:32:00,10.0,12.0,2575.14,0.5833333333333334,0.0,230.0,0.0,3,Diverse Basket • Frequent
16116,2011-05-12 12:01:00,212.0,1.0,612.78,0.0,0.0,34.0,0.5,5,High Returns
16117,2011-06-03 11:42:00,190.0,3.0,654.4,0.0,0.0,64.0,0.25,5,High Returns
16118,2010-02-25 09:40:00,653.0,1.0,4376.25,0.0,0.0,41.0,0.8,5,High Returns
16119,2011-12-01 15:11:00,8.0,8.0,1720.8100000000002,0.25,0.0,37.0,0.0,1,High Recency • High Frequency
16120,2011-10-11 14:22:00,59.0,6.0,3056.9100000000003,0.0,0.0,84.0,0.1428571428571428,1,High Recency • High Frequency
16121,2011-10-13 12:59:00,57.0,5.0,1477.09,0.8,0.0,256.0,0.1666666666666666,4,Weekend Shoppers
16122,2011-09-27 15:34:00,73.0,6.0,1001.34,0.1666666666666666,0.0,28.0,0.0,1,High Recency • High Frequency
16123,2011-10-19 09:18:00,52.0,1.0,307.78,0.0,0.0,16.0,0.0,1,High Recency • High Frequency
16124,2011-01-26 14:45:00,317.0,4.0,1772.49,0.25,0.0,63.0,0.3333333333333333,5,High Returns
16125,2010-12-07 15:48:00,367.0,14.0,4587.65,0.0,0.0,168.0,0.0,1,High Recency • High Frequency
16126,2011-11-10 16:03:00,29.0,15.0,14646.8,0.0666666666666666,0.0,144.0,0.0,3,Diverse Basket • Frequent
16127,2011-10-31 13:58:00,39.0,2.0,801.31,0.5,0.0,75.0,0.0,4,Weekend Shoppers
16128,2011-11-22 11:14:00,18.0,11.0,3801.05,0.0,0.0,155.0,0.2142857142857142,3,Diverse Basket • Frequent
16129,2010-10-28 14:29:00,407.0,3.0,1396.05,0.0,0.0,91.0,0.0,1,High Recency • High Frequency
16130,2010-10-13 15:14:00,422.0,4.0,987.48,0.0,0.0,53.0,0.0,1,High Recency • High Frequency
16131,2011-10-19 11:53:00,52.0,12.0,9957.42,0.0833333333333333,0.0,131.0,0.2,3,Diverse Basket • Frequent
16132,2010-06-13 13:49:00,544.0,2.0,664.2,0.5,0.0,14.0,0.0,4,Weekend Shoppers
16133,2011-12-06 11:24:00,4.0,56.0,22992.26,0.0535714285714285,0.0,303.0,0.282051282051282,3,Diverse Basket • Frequent
16134,2011-11-18 10:05:00,22.0,5.0,2145.34,0.0,0.0,85.0,0.2857142857142857,5,High Returns
16135,2011-03-22 12:30:00,263.0,2.0,819.4499999999999,0.0,0.0,35.0,0.0,1,High Recency • High Frequency
16136,2011-10-11 09:10:00,60.0,4.0,946.8,0.25,0.0,44.0,0.2,5,High Returns
16137,2010-01-28 15:04:00,680.0,1.0,422.7,0.0,0.0,28.0,0.0,1,High Recency • High Frequency
16138,2010-11-26 12:13:00,379.0,3.0,910.35,0.0,0.0,35.0,0.25,5,High Returns
16139,2011-11-21 08:37:00,19.0,5.0,1111.15,0.0,0.0,47.0,0.0,1,High Recency • High Frequency
16140,2011-10-05 12:15:00,66.0,3.0,1557.6,0.0,0.0,50.0,0.4,5,High Returns
16141,2011-09-12 13:11:00,88.0,2.0,955.94,0.0,0.0,47.0,0.0,1,High Recency • High Frequency
16142,2011-04-04 10:16:00,250.0,1.0,535.34,0.0,0.0,37.0,0.0,1,High Recency • High Frequency
16143,2011-12-06 14:13:00,3.0,12.0,4910.83,0.0833333333333333,0.0,107.0,0.25,3,Diverse Basket • Frequent
16144,2011-04-07 10:09:00,247.0,1.0,175.2,0.0,0.0,1.0,0.0,1,High Recency • High Frequency
16145,2011-12-01 10:33:00,9.0,19.0,6805.4400000000005,0.0526315789473684,0.0,217.0,0.3448275862068966,3,Diverse Basket • Frequent
16146,2011-07-05 14:20:00,157.0,4.0,946.38,0.0,0.0,34.0,0.0,1,High Recency • High Frequency
16147,2011-07-29 09:57:00,134.0,5.0,2398.91,0.0,0.0,113.0,0.2857142857142857,5,High Returns
16148,2011-02-16 14:01:00,296.0,2.0,386.62,0.0,0.0,9.0,0.5,5,High Returns
16149,2011-12-05 11:29:00,5.0,3.0,422.22,0.0,0.0,30.0,0.0,1,High Recency • High Frequency
16150,2011-10-28 12:39:00,43.0,10.0,4395.59,0.0,0.0,143.0,0.5,5,High Returns
16152,2011-03-16 09:47:00,269.0,1.0,1829.04,0.0,0.0,29.0,0.0,1,High Recency • High Frequency
16153,2011-10-21 10:50:00,50.0,11.0,5133.49,0.0909090909090909,0.0,161.0,0.1538461538461538,3,Diverse Basket • Frequent
16155,2010-11-23 12:03:00,382.0,5.0,796.9,0.2,0.0,45.0,0.1666666666666666,1,High Recency • High Frequency
16156,2011-12-01 12:42:00,9.0,20.0,6218.18,0.0,0.0,199.0,0.2307692307692307,3,Diverse Basket • Frequent
16157,2011-11-24 11:41:00,16.0,3.0,656.69,0.0,0.0,12.0,0.25,5,High Returns
16158,2010-07-05 13:55:00,522.0,9.0,628.32,0.2222222222222222,0.0,29.0,0.1,1,High Recency • High Frequency
16159,2011-03-03 12:27:00,282.0,4.0,1232.79,0.0,0.0,31.0,0.2,1,High Recency • High Frequency
16160,2011-10-05 14:19:00,65.0,2.0,1025.44,0.0,0.0,20.0,0.5,5,High Returns
16161,2011-12-08 12:10:00,2.0,43.0,12831.8,0.0232558139534883,0.0,458.0,0.2456140350877192,3,Diverse Basket • Frequent
16162,2011-04-01 15:03:00,252.0,1.0,37.4,0.0,0.0,2.0,0.0,1,High Recency • High Frequency
16163,2011-04-21 15:15:00,232.0,6.0,2849.5800000000004,0.0,0.0,59.0,0.5714285714285714,5,High Returns
16164,2011-11-22 15:04:00,17.0,3.0,822.48,0.0,0.0,27.0,0.25,5,High Returns
16165,2010-07-22 14:17:00,505.0,1.0,79.9,0.0,0.0,1.0,0.0,1,High Recency • High Frequency
16166,2010-10-07 15:44:00,428.0,2.0,435.83,0.5,0.0,18.0,0.5,5,High Returns
16167,2010-10-21 15:33:00,414.0,5.0,1386.12,0.0,0.0,51.0,0.1666666666666666,1,High Recency • High Frequency
16168,2011-11-29 12:45:00,11.0,66.0,10636.47,0.1666666666666666,0.0,131.0,0.0958904109589041,3,Diverse Basket • Frequent
16169,2011-12-01 15:28:00,8.0,4.0,1822.97,0.25,0.0,71.0,0.0,1,High Recency • High Frequency
16170,2011-10-20 08:21:00,51.0,20.0,6869.0,0.1,0.0,254.0,0.2,3,Diverse Basket • Frequent
16171,2011-10-11 14:51:00,59.0,1.0,73.2,0.0,0.0,3.0,0.0,1,High Recency • High Frequency
16172,2011-09-05 13:22:00,95.0,8.0,1884.55,0.0,0.0,81.0,0.0,1,High Recency • High Frequency
16173,2011-11-24 10:53:00,16.0,6.0,1418.3200000000002,0.0,0.0,70.0,0.1428571428571428,1,High Recency • High Frequency
16174,2011-08-05 13:26:00,126.0,7.0,2246.75,0.0,0.0,28.0,0.0,1,High Recency • High Frequency
16175,2011-09-06 14:32:00,94.0,7.0,1836.44,0.0,0.0,59.0,0.0,1,High Recency • High Frequency
16176,2010-10-14 13:54:00,421.0,4.0,2052.69,0.0,0.0,53.0,0.4285714285714285,5,High Returns
16177,2011-10-20 12:57:00,50.0,8.0,2247.31,0.0,0.0,79.0,0.3333333333333333,5,High Returns
16178,2011-07-24 16:05:00,138.0,2.0,612.6,0.5,0.0,24.0,0.0,4,Weekend Shoppers
16179,2011-10-10 09:41:00,61.0,1.0,215.83,0.0,0.0,11.0,0.0,1,High Recency • High Frequency
16180,2011-08-31 16:28:00,100.0,13.0,16249.87,0.0769230769230769,0.0,171.0,0.1875,3,Diverse Basket • Frequent
16181,2011-09-27 13:38:00,73.0,1.0,305.54,0.0,0.0,11.0,0.0,1,High Recency • High Frequency
16182,2011-09-28 13:23:00,72.0,9.0,9971.65,0.1111111111111111,0.0,20.0,0.0,1,High Recency • High Frequency
16183,2011-10-03 14:59:00,67.0,4.0,1077.81,0.0,0.0,32.0,0.0,1,High Recency • High Frequency
16184,2011-10-06 17:43:00,64.0,6.0,1158.79,0.0,0.0,26.0,0.1428571428571428,1,High Recency • High Frequency
16185,2011-11-23 09:41:00,17.0,3.0,644.72,0.0,0.0,39.0,0.0,1,High Recency • High Frequency
16186,2011-11-17 12:43:00,23.0,26.0,9026.11,0.0384615384615384,0.0,172.0,0.1333333333333333,3,Diverse Basket • Frequent
16187,2011-11-08 09:50:00,32.0,15.0,6911.4400000000005,0.0666666666666666,0.0,160.0,0.1176470588235294,3,Diverse Basket • Frequent
16188,2011-10-26 12:19:00,45.0,5.0,1087.66,0.0,0.0,72.0,0.1666666666666666,1,High Recency • High Frequency
16189,2011-11-24 11:47:00,16.0,2.0,215.48,0.0,0.0,9.0,0.0,1,High Recency • High Frequency
16190,2011-10-30 15:59:00,40.0,8.0,2723.55,0.125,0.0,89.0,0.0,1,High Recency • High Frequency
16191,2011-12-07 11:26:00,3.0,24.0,15688.02,0.0,0.0,113.0,0.4,3,Diverse Basket • Frequent
16192,2009-12-04 12:28:00,736.0,1.0,351.3,0.0,0.0,11.0,0.0,1,High Recency • High Frequency
16193,2011-04-17 11:45:00,237.0,2.0,630.4300000000001,0.5,0.0,38.0,0.0,4,Weekend Shoppers
16194,2010-11-29 13:28:00,375.0,1.0,308.6,0.0,0.0,8.0,0.0,1,High Recency • High Frequency
16195,2009-12-16 14:09:00,723.0,1.0,323.25,0.0,0.0,16.0,0.0,1,High Recency • High Frequency
16196,2010-08-08 11:40:00,489.0,1.0,93.3,1.0,0.0,4.0,0.0,4,Weekend Shoppers
16197,2010-08-27 12:56:00,469.0,9.0,2016.71,0.0,0.0,52.0,0.0,1,High Recency • High Frequency
16198,2011-09-25 14:58:00,75.0,2.0,1030.0410000000002,0.5,0.0,31.0,0.0,4,Weekend Shoppers
16199,2010-11-12 12:55:00,392.0,7.0,942.75,0.1428571428571428,0.0,2.0,0.0,1,High Recency • High Frequency
16200,2011-12-05 14:40:00,4.0,12.0,5643.45,0.25,0.0,361.0,0.0769230769230769,3,Diverse Basket • Frequent
16201,2011-12-06 16:02:00,3.0,5.0,2112.12,0.0,0.0,86.0,0.1666666666666666,1,High Recency • High Frequency
16202,2010-12-14 10:43:00,361.0,9.0,2501.99,0.0,0.0,105.0,0.1818181818181818,1,High Recency • High Frequency
16203,2011-10-12 12:31:00,59.0,6.0,1114.54,0.0,0.0,56.0,0.1428571428571428,1,High Recency • High Frequency
16204,2011-11-16 13:40:00,23.0,3.0,944.24,0.0,0.0,86.0,0.25,5,High Returns
16205,2011-11-09 09:32:00,31.0,7.0,1830.61,0.0,0.0,147.0,0.0,1,High Recency • High Frequency
16206,2011-10-16 10:41:00,55.0,13.0,2602.32,0.6153846153846154,0.0,187.0,0.0714285714285714,4,Weekend Shoppers
16207,2011-11-14 13:51:00,25.0,1.0,394.38,0.0,0.0,19.0,0.0,1,High Recency • High Frequency
16208,2011-10-26 11:36:00,45.0,10.0,3440.45,0.2,0.0,180.0,0.0,3,Diverse Basket • Frequent
16209,2011-09-12 11:58:00,89.0,9.0,4146.78,0.0,0.0,51.0,0.0,1,High Recency • High Frequency
16210,2011-12-08 12:36:00,2.0,35.0,38489.51,0.0,0.0,145.0,0.054054054054054,3,Diverse Basket • Frequent
16211,2011-09-12 12:11:00,89.0,3.0,1090.59,0.0,0.0,35.0,0.25,5,High Returns
16212,2011-11-20 13:00:00,19.0,4.0,1293.71,0.5,0.0,71.0,0.2,4,Weekend Shoppers
16213,2011-09-22 10:03:00,79.0,1.0,159.0,0.0,0.0,6.0,0.0,1,High Recency • High Frequency
16214,2011-06-22 11:30:00,171.0,4.0,2038.25,0.0,0.0,84.0,0.0,1,High Recency • High Frequency
16215,2011-09-20 10:18:00,81.0,1.0,242.35,0.0,0.0,14.0,0.0,1,High Recency • High Frequency
16216,2011-03-17 15:34:00,267.0,1.0,914.93,0.0,0.0,37.0,0.0,1,High Recency • High Frequency
16217,2011-04-18 13:31:00,235.0,2.0,304.25,0.0,0.0,13.0,0.5,5,High Returns
16218,2011-11-10 09:59:00,30.0,13.0,4439.97,0.1538461538461538,0.0,82.0,0.3157894736842105,5,High Returns
16219,2010-07-27 11:44:00,501.0,1.0,40.8,0.0,0.0,1.0,0.0,1,High Recency • High Frequency
16221,2011-11-03 11:43:00,37.0,9.0,2235.51,0.1111111111111111,0.0,177.0,0.1,3,Diverse Basket • Frequent
16222,2011-01-25 13:38:00,318.0,2.0,1345.22,0.0,0.0,133.0,0.0,1,High Recency • High Frequency
16223,2010-11-30 11:50:00,375.0,2.0,1102.35,0.0,0.0,101.0,0.0,1,High Recency • High Frequency
16224,2011-10-13 17:51:00,57.0,5.0,1616.54,0.0,0.0,107.0,0.0,1,High Recency • High Frequency
16225,2011-10-26 08:30:00,45.0,15.0,2867.4100000000003,0.1333333333333333,0.0,189.0,0.1666666666666666,3,Diverse Basket • Frequent
16226,2011-05-20 14:41:00,203.0,5.0,672.1700000000001,0.0,0.0,23.0,0.0,1,High Recency • High Frequency
16227,2011-04-28 13:33:00,225.0,3.0,1027.22,0.0,0.0,28.0,0.5,5,High Returns
16228,2010-11-19 14:20:00,385.0,3.0,890.8100000000001,0.0,0.0,45.0,0.25,5,High Returns
16229,2011-09-13 17:16:00,87.0,6.0,2867.86,0.0,0.0,144.0,0.1428571428571428,1,High Recency • High Frequency
16230,2011-06-03 10:06:00,190.0,2.0,542.03,0.0,0.0,32.0,0.0,1,High Recency • High Frequency
16231,2010-11-25 15:00:00,379.0,4.0,1078.22,0.0,0.0,69.0,0.0,1,High Recency • High Frequency
16232,2011-10-27 12:16:00,44.0,7.0,2712.97,0.2857142857142857,0.0,60.0,0.3,5,High Returns
16233,2011-09-29 17:27:00,71.0,9.0,1965.71,0.1111111111111111,0.0,49.0,0.25,5,High Returns
16234,2010-08-20 14:33:00,476.0,3.0,333.18,0.0,0.0,13.0,0.25,5,High Returns
16235,2011-10-30 10:56:00,41.0,9.0,2053.71,0.1111111111111111,0.0,80.0,0.1818181818181818,1,High Recency • High Frequency
16236,2011-09-22 14:10:00,78.0,1.0,432.2,0.0,0.0,20.0,0.0,1,High Recency • High Frequency
16237,2010-09-28 17:02:00,437.0,1.0,136.65,0.0,0.0,7.0,0.0,1,High Recency • High Frequency
16238,2010-10-13 12:36:00,423.0,1.0,63.66,0.0,0.0,6.0,0.0,1,High Recency • High Frequency
16239,2011-10-14 08:29:00,57.0,6.0,1492.2,0.0,0.0,24.0,0.1428571428571428,1,High Recency • High Frequency
16240,2011-11-15 14:30:00,24.0,2.0,3718.8,0.0,0.0,126.0,0.6,5,High Returns
16241,2011-11-30 11:08:00,10.0,16.0,4329.31,0.3125,0.0,500.0,0.0,3,Diverse Basket • Frequent
16242,2011-12-01 15:12:00,8.0,14.0,7474.4,0.0714285714285714,0.0,348.0,0.2222222222222222,3,Diverse Basket • Frequent
16243,2011-11-06 12:32:00,34.0,2.0,409.1,1.0,0.0,49.0,0.0,4,Weekend Shoppers
16244,2011-05-12 10:18:00,212.0,2.0,2579.38,0.0,0.0,88.0,0.0,1,High Recency • High Frequency
16245,2011-11-16 10:14:00,24.0,3.0,1413.66,0.0,0.0,80.0,0.4,5,High Returns
16246,2010-09-06 12:04:00,460.0,2.0,827.25,0.0,0.0,79.0,0.0,1,High Recency • High Frequency
16247,2011-06-22 14:23:00,170.0,1.0,114.56,0.0,0.0,16.0,0.0,1,High Recency • High Frequency
16248,2011-10-09 11:32:00,62.0,1.0,152.94,1.0,0.0,7.0,0.0,4,Weekend Shoppers
16249,2011-10-18 10:07:00,53.0,5.0,1800.0700000000002,0.2,0.0,67.0,0.0,1,High Recency • High Frequency
16250,2011-03-23 15:07:00,261.0,3.0,791.38,0.0,0.0,29.0,0.0,1,High Recency • High Frequency
16251,2010-07-15 14:55:00,512.0,1.0,128.31,0.0,0.0,20.0,0.0,1,High Recency • High Frequency
16252,2010-11-22 11:57:00,383.0,1.0,295.09000000000003,0.0,0.0,21.0,0.5,5,High Returns
16253,2011-10-04 09:09:00,67.0,7.0,7310.15,0.0,0.0,218.0,0.2222222222222222,3,Diverse Basket • Frequent
16254,2010-11-26 13:22:00,378.0,3.0,985.14,0.0,0.0,65.0,0.0,1,High Recency • High Frequency
16255,2011-11-23 12:40:00,17.0,15.0,4906.8,0.3333333333333333,0.0,231.0,0.2105263157894736,3,Diverse Basket • Frequent
16256,2011-03-18 12:18:00,267.0,3.0,1629.37,0.0,0.0,27.0,0.25,5,High Returns
16257,2011-06-16 10:11:00,177.0,1.0,46.95,0.0,0.0,2.0,0.0,1,High Recency • High Frequency
16258,2011-10-25 13:30:00,45.0,15.0,11942.52,0.0666666666666666,0.0,253.0,0.0625,3,Diverse Basket • Frequent
16259,2010-10-25 14:27:00,410.0,3.0,361.94000000000005,0.0,0.0,75.0,0.0,1,High Recency • High Frequency
16260,2011-10-20 09:40:00,51.0,1.0,1035.45,0.0,0.0,18.0,0.0,1,High Recency • High Frequency
16261,2011-11-22 17:23:00,17.0,6.0,1059.45,0.1666666666666666,0.0,118.0,0.0,1,High Recency • High Frequency
16262,2010-11-26 13:22:00,378.0,1.0,755.15,0.0,0.0,46.0,0.6666666666666666,5,High Returns
16263,2010-10-12 14:52:00,423.0,1.0,351.01,0.0,0.0,19.0,0.0,1,High Recency • High Frequency
16264,2010-09-27 15:00:00,438.0,2.0,837.53,0.5,0.0,62.0,0.0,4,Weekend Shoppers
16265,2011-11-30 16:41:00,9.0,12.0,6935.17,0.0833333333333333,0.0,192.0,0.2,3,Diverse Basket • Frequent
16266,2011-09-27 12:08:00,74.0,14.0,1757.95,0.0,0.0,73.0,0.0,1,High Recency • High Frequency
16267,2010-04-27 14:10:00,591.0,1.0,186.66,0.0,0.0,7.0,0.0,1,High Recency • High Frequency
16268,2011-09-29 18:30:00,71.0,2.0,667.65,0.0,0.0,45.0,0.0,1,High Recency • High Frequency
16269,2010-09-28 11:50:00,438.0,1.0,717.57,0.0,0.0,53.0,0.5,5,High Returns
16270,2010-12-21 14:26:00,353.0,1.0,1141.24,0.0,0.0,54.0,0.0,1,High Recency • High Frequency
16271,2011-12-07 12:45:00,3.0,10.0,3463.02,0.2,0.0,176.0,0.0909090909090909,3,Diverse Basket • Frequent
16272,2011-08-15 10:54:00,117.0,1.0,411.7,0.0,0.0,25.0,0.0,1,High Recency • High Frequency
16273,2010-03-01 13:24:00,648.0,2.0,336.04,0.5,0.0,15.0,0.0,4,Weekend Shoppers
16274,2010-12-01 15:35:00,373.0,1.0,715.9,0.0,0.0,64.0,0.0,1,High Recency • High Frequency
16275,2011-05-27 12:41:00,197.0,3.0,2151.11,0.3333333333333333,0.0,105.0,0.0,1,High Recency • High Frequency
16276,2011-06-16 09:34:00,177.0,3.0,2629.3900000000003,0.3333333333333333,0.0,20.0,0.0,1,High Recency • High Frequency
16277,2009-12-06 11:27:00,734.0,1.0,188.69,1.0,0.0,23.0,0.0,4,Weekend Shoppers
16278,2011-08-31 17:12:00,100.0,3.0,1117.84,0.0,0.0,50.0,0.5714285714285714,5,High Returns
16279,2011-11-18 15:00:00,21.0,9.0,5705.08,0.0,0.0,243.0,0.1,3,Diverse Basket • Frequent
16280,2009-12-14 15:49:00,725.0,1.0,238.05,0.0,0.0,16.0,0.0,1,High Recency • High Frequency
16281,2011-09-28 14:57:00,72.0,3.0,3424.02,0.0,0.0,27.0,0.25,5,High Returns
16282,2011-01-04 11:42:00,340.0,3.0,1307.58,0.0,0.0,31.0,0.0,1,High Recency • High Frequency
16283,2011-12-04 12:08:00,6.0,8.0,4403.820000000001,0.75,0.0,385.0,0.3333333333333333,3,Diverse Basket • Frequent
16284,2011-11-08 16:12:00,31.0,3.0,1029.77,0.0,0.0,108.0,0.0,1,High Recency • High Frequency
16285,2010-03-03 16:03:00,646.0,1.0,176.9,0.0,0.0,31.0,0.0,1,High Recency • High Frequency
16286,2010-08-19 14:48:00,477.0,2.0,328.95,0.0,0.0,17.0,0.5,5,High Returns
16287,2011-06-23 09:08:00,170.0,5.0,1006.98,0.2,0.0,18.0,0.0,1,High Recency • High Frequency
16288,2010-08-26 14:45:00,470.0,1.0,129.85,0.0,0.0,7.0,0.0,1,High Recency • High Frequency
16289,2010-09-03 14:02:00,462.0,1.0,136.31,0.0,0.0,21.0,0.5,5,High Returns
16290,2010-09-01 11:52:00,465.0,4.0,2069.3,0.75,0.0,85.0,0.0,4,Weekend Shoppers
16291,2010-01-26 16:26:00,682.0,1.0,117.72,0.0,0.0,1.0,0.0,1,High Recency • High Frequency
16292,2011-08-10 12:24:00,122.0,5.0,1253.76,0.2,0.0,51.0,0.4444444444444444,5,High Returns
16293,2011-11-18 09:58:00,22.0,15.0,4657.950000000001,0.0,0.0,168.0,0.2105263157894736,3,Diverse Basket • Frequent
16294,2010-08-20 12:01:00,477.0,1.0,126.05,0.0,0.0,8.0,0.0,1,High Recency • High Frequency
16295,2011-11-30 08:17:00,10.0,4.0,1328.55,0.0,0.0,70.0,0.0,1,High Recency • High Frequency
16296,2010-03-23 13:11:00,626.0,4.0,1313.67,0.0,0.0,56.0,0.3333333333333333,5,High Returns
16297,2011-03-16 08:29:00,269.0,1.0,301.9,0.0,0.0,20.0,0.75,5,High Returns
16298,2011-11-17 11:59:00,23.0,7.0,1085.7,0.1428571428571428,0.0,32.0,0.2222222222222222,5,High Returns
16299,2010-08-19 17:46:00,477.0,1.0,193.65,0.0,0.0,12.0,0.5,5,High Returns
16300,2010-10-05 13:14:00,430.0,3.0,1392.43,0.0,0.0,190.0,0.0,1,High Recency • High Frequency
16301,2009-12-03 10:20:00,737.0,1.0,107.33,0.0,0.0,6.0,0.0,1,High Recency • High Frequency
16302,2011-08-05 09:44:00,127.0,1.0,233.22,0.0,0.0,11.0,0.5,5,High Returns
16303,2011-11-14 10:49:00,26.0,7.0,7928.27,0.0,0.0,156.0,0.2222222222222222,3,Diverse Basket • Frequent
16304,2010-01-14 08:30:00,695.0,1.0,381.66,0.0,0.0,25.0,0.0,1,High Recency • High Frequency
16305,2011-07-24 12:18:00,139.0,1.0,361.22,1.0,0.0,22.0,0.0,4,Weekend Shoppers
16306,2011-05-10 12:12:00,214.0,7.0,1192.82,0.0,0.0,55.0,0.3,5,High Returns
16307,2010-10-06 14:31:00,429.0,3.0,1194.92,0.0,0.0,69.0,0.0,1,High Recency • High Frequency
16308,2011-11-02 11:24:00,38.0,7.0,5120.0,0.0,0.0,1.0,0.0,1,High Recency • High Frequency
16309,2011-08-25 15:35:00,106.0,2.0,706.5699999999999,0.0,0.0,39.0,0.3333333333333333,5,High Returns
16310,2010-10-21 14:47:00,414.0,2.0,460.08,0.5,0.0,26.0,0.0,4,Weekend Shoppers
16311,2011-11-22 08:54:00,18.0,2.0,616.26,0.0,0.0,35.0,0.0,1,High Recency • High Frequency
16312,2010-10-03 14:15:00,432.0,1.0,171.15,1.0,0.0,10.0,0.0,4,Weekend Shoppers
16313,2011-12-06 13:02:00,3.0,2.0,274.15,0.0,0.0,16.0,0.0,1,High Recency • High Frequency
16314,2010-11-15 12:06:00,390.0,3.0,1491.4,0.0,0.0,58.0,0.0,1,High Recency • High Frequency
16315,2011-01-13 11:57:00,331.0,2.0,402.71,0.0,0.0,21.0,0.0,1,High Recency • High Frequency
16316,2011-10-06 13:48:00,64.0,13.0,5744.91,0.0,0.0,193.0,0.3157894736842105,3,Diverse Basket • Frequent
16317,2011-08-12 12:46:00,120.0,5.0,2192.51,0.0,0.0,103.0,0.1666666666666666,1,High Recency • High Frequency
16318,2011-11-04 13:05:00,35.0,1.0,328.15,0.0,0.0,19.0,0.0,1,High Recency • High Frequency
16319,2011-05-06 11:27:00,218.0,1.0,404.4,0.0,0.0,3.0,0.0,1,High Recency • High Frequency
16320,2011-06-20 15:25:00,172.0,6.0,5628.99,0.1666666666666666,0.0,193.0,0.25,3,Diverse Basket • Frequent
16321,2011-09-28 14:55:00,72.0,7.0,604.5500000000001,0.0,0.0,15.0,0.3,5,High Returns
16322,2011-12-08 15:41:00,1.0,2.0,326.75,0.0,0.0,28.0,0.0,1,High Recency • High Frequency
16323,2011-05-27 14:48:00,196.0,2.0,353.66,0.0,0.0,4.0,0.0,1,High Recency • High Frequency
16324,2011-08-03 12:58:00,128.0,3.0,428.68,0.0,0.0,100.0,0.0,1,High Recency • High Frequency
16325,2011-10-24 08:48:00,47.0,12.0,3597.5,0.0833333333333333,0.0,104.0,0.2941176470588235,5,High Returns
16326,2011-12-04 10:11:00,6.0,24.0,4826.99,0.75,0.0,243.0,0.0769230769230769,3,Diverse Basket • Frequent
16327,2011-11-25 13:23:00,14.0,16.0,10731.34,0.125,0.0,289.0,0.2,3,Diverse Basket • Frequent
16328,2010-05-25 14:02:00,563.0,1.0,310.83,0.0,0.0,16.0,0.0,1,High Recency • High Frequency
16329,2010-10-08 12:44:00,428.0,4.0,1703.0700000000002,0.0,0.0,83.0,0.0,1,High Recency • High Frequency
16330,2011-11-22 12:24:00,18.0,7.0,634.3299999999999,0.0,0.0,105.0,0.125,1,High Recency • High Frequency
16331,2010-10-03 13:47:00,432.0,6.0,2037.7,0.6666666666666666,0.0,33.0,0.0,4,Weekend Shoppers
16332,2011-11-11 14:22:00,28.0,11.0,2010.41,0.0909090909090909,0.0,158.0,0.1538461538461538,3,Diverse Basket • Frequent
16333,2011-12-02 12:19:00,8.0,22.0,26626.8,0.0,0.0,9.0,0.0,1,High Recency • High Frequency
16334,2010-08-04 16:38:00,492.0,1.0,277.48,0.0,0.0,54.0,0.0,1,High Recency • High Frequency
16335,2010-06-06 11:35:00,552.0,7.0,2774.0,0.5714285714285714,0.0,193.0,0.125,4,Weekend Shoppers
16336,2010-10-15 12:32:00,421.0,4.0,3517.69,0.0,0.0,64.0,0.0,1,High Recency • High Frequency
16337,2011-11-03 10:03:00,37.0,1.0,151.05,0.0,0.0,10.0,0.0,1,High Recency • High Frequency
16338,2011-07-05 13:56:00,157.0,1.0,214.8,0.0,0.0,11.0,0.0,1,High Recency • High Frequency
16339,2011-02-28 13:41:00,284.0,1.0,109.95,0.0,0.0,17.0,0.0,1,High Recency • High Frequency
16340,2011-08-24 14:53:00,107.0,3.0,1526.06,0.6666666666666666,0.0,277.0,0.0,4,Weekend Shoppers
16341,2011-11-15 09:12:00,25.0,7.0,3850.79,0.1428571428571428,0.0,103.0,0.3,5,High Returns
16342,2011-09-25 14:36:00,75.0,4.0,322.41,0.5,0.0,10.0,0.0,4,Weekend Shoppers
16343,2011-11-23 17:45:00,16.0,3.0,687.0699999999999,0.0,0.0,54.0,0.0,1,High Recency • High Frequency
16344,2011-07-04 15:50:00,158.0,4.0,842.42,0.25,0.0,43.0,0.0,1,High Recency • High Frequency
16345,2011-10-26 16:03:00,44.0,2.0,1198.74,0.0,0.0,95.0,0.0,1,High Recency • High Frequency
16346,2010-11-19 15:55:00,385.0,1.0,224.51,0.0,0.0,15.0,0.0,1,High Recency • High Frequency
16347,2011-11-28 13:14:00,11.0,11.0,3509.41,0.0,0.0,209.0,0.1538461538461538,3,Diverse Basket • Frequent
16348,2011-11-07 15:44:00,32.0,8.0,1798.22,0.0,0.0,180.0,0.0,3,Diverse Basket • Frequent
16349,2011-02-22 12:40:00,291.0,1.0,53.5,0.0,0.0,9.0,0.0,1,High Recency • High Frequency
16350,2011-11-18 15:53:00,21.0,9.0,2253.89,0.0,0.0,72.0,0.25,5,High Returns
16351,2011-01-11 10:26:00,333.0,13.0,3330.03,0.0769230769230769,0.0,124.0,0.2777777777777778,5,High Returns
16352,2011-11-22 10:32:00,18.0,2.0,494.44,0.0,0.0,28.0,0.0,1,High Recency • High Frequency
16353,2011-12-06 12:23:00,4.0,38.0,9999.46,0.0789473684210526,0.0,76.0,0.073170731707317,3,Diverse Basket • Frequent
16354,2011-10-07 14:28:00,63.0,5.0,1129.51,0.0,0.0,116.0,0.0,1,High Recency • High Frequency
16355,2010-11-29 14:21:00,375.0,1.0,416.35,0.0,0.0,47.0,0.5,5,High Returns
16356,2011-05-26 11:51:00,198.0,6.0,415.87,0.5,0.0,27.0,0.1428571428571428,4,Weekend Shoppers
16357,2011-11-06 16:04:00,33.0,4.0,868.37,0.25,0.0,43.0,0.0,1,High Recency • High Frequency
16358,2011-12-08 15:09:00,1.0,5.0,2919.6500000000005,0.0,0.0,118.0,0.1666666666666666,1,High Recency • High Frequency
16359,2011-12-02 17:04:00,7.0,16.0,2697.75,0.125,0.0,78.0,0.2,3,Diverse Basket • Frequent
16360,2011-12-05 12:16:00,5.0,6.0,3512.53,0.1666666666666666,0.0,365.0,0.25,3,Diverse Basket • Frequent
16361,2011-11-30 12:32:00,10.0,4.0,896.66,0.25,0.0,87.0,0.0,1,High Recency • High Frequency
16362,2011-11-07 13:01:00,32.0,6.0,946.94,0.0,0.0,67.0,0.4545454545454545,5,High Returns
16363,2011-10-17 14:14:00,53.0,1.0,109.36,0.0,0.0,5.0,0.0,1,High Recency • High Frequency
16364,2011-11-28 11:27:00,12.0,2.0,707.04,0.0,0.0,48.0,0.0,1,High Recency • High Frequency
16365,2011-11-22 11:24:00,18.0,15.0,3307.2,0.0,0.0,97.0,0.0625,1,High Recency • High Frequency
16366,2011-11-21 08:19:00,19.0,4.0,1548.13,0.0,0.0,74.0,0.0,1,High Recency • High Frequency
16367,2011-11-02 13:13:00,37.0,3.0,1362.4,0.6666666666666666,0.0,196.0,0.0,4,Weekend Shoppers
16368,2011-12-07 13:12:00,2.0,3.0,640.21,0.0,0.0,74.0,0.0,1,High Recency • High Frequency
16369,2011-11-21 16:25:00,18.0,7.0,2664.81,0.0,0.0,115.0,0.0,1,High Recency • High Frequency
16370,2011-09-18 15:55:00,82.0,4.0,1320.56,0.5,0.0,143.0,0.0,4,Weekend Shoppers
16371,2010-09-17 12:09:00,449.0,1.0,157.2,0.0,0.0,11.0,0.0,1,High Recency • High Frequency
16372,2011-11-06 13:08:00,33.0,5.0,1328.61,0.6,0.0,271.0,0.1666666666666666,3,Diverse Basket • Frequent
16373,2010-11-22 15:50:00,382.0,2.0,309.49,0.5,0.0,25.0,0.0,4,Weekend Shoppers
16374,2011-10-04 15:21:00,66.0,5.0,1771.45,0.0,0.0,276.0,0.0,3,Diverse Basket • Frequent
16375,2010-08-26 14:25:00,470.0,2.0,104.0,0.0,0.0,11.0,0.0,1,High Recency • High Frequency
16376,2011-12-01 11:38:00,9.0,2.0,987.01,0.0,0.0,104.0,0.3333333333333333,5,High Returns
16377,2011-03-17 15:41:00,267.0,2.0,1308.48,0.0,0.0,6.0,0.0,1,High Recency • High Frequency
16378,2011-04-06 15:07:00,247.0,3.0,362.95,0.0,0.0,22.0,0.0,1,High Recency • High Frequency
16379,2011-12-05 15:38:00,4.0,4.0,2157.4,0.0,0.0,87.0,0.2,5,High Returns
16380,2011-10-09 15:40:00,61.0,1.0,1780.59,1.0,0.0,28.0,0.0,4,Weekend Shoppers
16381,2010-11-09 09:56:00,396.0,2.0,258.7,0.5,0.0,60.0,0.0,4,Weekend Shoppers
16382,2010-10-27 16:23:00,408.0,2.0,353.1,0.0,0.0,42.0,0.0,1,High Recency • High Frequency
16383,2011-09-26 12:45:00,75.0,7.0,2974.84,0.0,0.0,239.0,0.2222222222222222,3,Diverse Basket • Frequent
16384,2011-09-11 11:19:00,90.0,4.0,1358.95,0.25,0.0,80.0,0.0,1,High Recency • High Frequency
16385,2011-10-10 13:12:00,60.0,5.0,1030.61,0.0,0.0,94.0,0.0,1,High Recency • High Frequency
16386,2011-11-11 12:28:00,29.0,3.0,1102.59,0.0,0.0,127.0,0.0,1,High Recency • High Frequency
16387,2011-01-21 11:34:00,323.0,5.0,918.55,0.2,0.0,68.0,0.0,1,High Recency • High Frequency
16388,2010-02-24 10:20:00,654.0,1.0,186.05,0.0,0.0,13.0,0.0,1,High Recency • High Frequency
16389,2011-10-17 14:41:00,53.0,4.0,1382.07,0.0,0.0,33.0,0.2,5,High Returns
16390,2010-06-21 10:11:00,537.0,3.0,467.50000000000006,0.3333333333333333,0.0,16.0,0.0,1,High Recency • High Frequency
16391,2010-11-04 12:27:00,401.0,4.0,1103.61,0.0,0.0,261.0,0.0,1,High Recency • High Frequency
16392,2011-03-15 12:11:00,270.0,3.0,763.05,0.0,0.0,125.0,0.0,1,High Recency • High Frequency
16393,2011-12-07 12:51:00,2.0,23.0,5561.66,0.1304347826086956,0.0,313.0,0.2333333333333333,3,Diverse Basket • Frequent
16394,2011-10-14 09:48:00,57.0,5.0,1555.34,0.0,0.0,61.0,0.4444444444444444,5,High Returns
16395,2011-10-10 12:50:00,61.0,14.0,3537.85,0.1428571428571428,0.0,416.0,0.1764705882352941,3,Diverse Basket • Frequent
16396,2010-08-20 14:17:00,476.0,1.0,137.8,0.0,0.0,8.0,0.6666666666666666,5,High Returns
16397,2010-03-21 15:36:00,628.0,1.0,127.88,1.0,0.0,9.0,0.0,4,Weekend Shoppers
16398,2011-07-08 15:16:00,154.0,2.0,1705.8000000000002,0.0,0.0,75.0,0.5,5,High Returns
16399,2011-11-20 16:12:00,19.0,3.0,641.8199999999999,0.3333333333333333,0.0,97.0,0.0,1,High Recency • High Frequency
16400,2011-09-06 12:27:00,95.0,9.0,3159.44,0.1111111111111111,0.0,214.0,0.0,3,Diverse Basket • Frequent
16401,2011-12-08 18:15:00,1.0,23.0,6849.15,0.217391304347826,0.0,110.0,0.4102564102564102,3,Diverse Basket • Frequent
16402,2011-03-20 12:25:00,265.0,2.0,511.4,1.0,0.0,55.0,0.0,4,Weekend Shoppers
16403,2011-01-31 13:39:00,312.0,1.0,177.5,0.0,0.0,10.0,0.5,5,High Returns
16404,2011-09-30 14:55:00,70.0,1.0,443.05,0.0,0.0,23.0,0.5,5,High Returns
16405,2011-02-10 15:24:00,302.0,2.0,167.25,0.0,0.0,3.0,0.0,1,High Recency • High Frequency
16406,2011-11-21 11:57:00,19.0,3.0,552.68,0.0,0.0,135.0,0.25,5,High Returns
16407,2011-11-27 11:05:00,13.0,14.0,2821.65,0.5714285714285714,0.0,120.0,0.0,4,Weekend Shoppers
16408,2010-04-27 14:08:00,591.0,1.0,231.93,0.0,0.0,45.0,0.0,1,High Recency • High Frequency
16409,2011-11-03 16:45:00,36.0,12.0,5709.04,0.25,0.0,335.0,0.0,3,Diverse Basket • Frequent
16410,2009-12-05 14:51:00,734.0,1.0,130.32,1.0,0.0,5.0,0.0,4,Weekend Shoppers
16411,2011-11-20 13:23:00,19.0,4.0,910.19,0.75,0.0,139.0,0.0,4,Weekend Shoppers
16412,2011-10-17 12:35:00,54.0,5.0,647.23,0.0,0.0,84.0,0.0,1,High Recency • High Frequency
16413,2011-10-14 12:08:00,57.0,2.0,528.98,0.0,0.0,55.0,0.0,1,High Recency • High Frequency
16414,2011-11-18 09:42:00,22.0,5.0,559.71,0.2,0.0,58.0,0.0,1,High Recency • High Frequency
16415,2011-10-26 13:35:00,44.0,3.0,719.4399999999999,0.0,0.0,120.0,0.0,1,High Recency • High Frequency
16416,2011-11-13 12:50:00,27.0,9.0,2972.88,0.3333333333333333,0.0,146.0,0.1,3,Diverse Basket • Frequent
16417,2010-08-04 09:08:00,493.0,1.0,35.7,0.0,0.0,1.0,0.0,1,High Recency • High Frequency
16418,2011-10-26 12:39:00,45.0,5.0,1101.94,0.0,0.0,121.0,0.0,1,High Recency • High Frequency
16419,2011-08-19 12:33:00,113.0,8.0,1487.42,0.0,0.0,62.0,0.1111111111111111,1,High Recency • High Frequency
16420,2010-11-08 15:15:00,396.0,1.0,75.0,0.0,0.0,2.0,0.0,1,High Recency • High Frequency
16421,2010-11-28 13:31:00,376.0,3.0,526.27,0.6666666666666666,0.0,35.0,0.0,4,Weekend Shoppers
16422,2011-11-22 14:00:00,17.0,109.0,63651.47,0.128440366972477,0.0,111.0,0.2534246575342466,3,Diverse Basket • Frequent
16423,2011-11-15 09:21:00,25.0,1.0,346.12,0.0,0.0,18.0,0.0,1,High Recency • High Frequency
16424,2011-06-01 13:40:00,191.0,2.0,443.06,0.0,0.0,10.0,0.3333333333333333,5,High Returns
16425,2011-02-10 14:30:00,302.0,1.0,302.7,0.0,0.0,21.0,0.0,1,High Recency • High Frequency
16426,2011-12-07 14:01:00,2.0,10.0,1908.25,0.0,0.0,211.0,0.0,3,Diverse Basket • Frequent
16427,2011-03-21 17:10:00,263.0,2.0,241.06,0.0,0.0,8.0,0.0,1,High Recency • High Frequency
16428,2010-10-22 12:22:00,414.0,3.0,660.28,0.0,0.0,121.0,0.25,5,High Returns
16429,2011-08-25 13:54:00,106.0,1.0,284.55,0.0,0.0,2.0,0.0,1,High Recency • High Frequency
16430,2011-10-13 14:47:00,57.0,7.0,1117.94,0.1428571428571428,0.0,19.0,0.0,1,High Recency • High Frequency
16431,2011-05-10 14:09:00,213.0,3.0,642.81,0.0,0.0,51.0,0.0,1,High Recency • High Frequency
16432,2011-10-06 13:59:00,64.0,1.0,287.4,0.0,0.0,8.0,0.0,1,High Recency • High Frequency
16433,2011-11-11 14:09:00,28.0,2.0,384.52,0.0,0.0,33.0,0.0,1,High Recency • High Frequency
16434,2011-11-10 14:28:00,29.0,12.0,2741.74,0.6666666666666666,0.0,126.0,0.0769230769230769,4,Weekend Shoppers
16435,2010-07-15 18:22:00,512.0,3.0,1011.57,0.0,0.0,119.0,0.0,1,High Recency • High Frequency
16436,2010-02-09 13:19:00,668.0,3.0,329.34,0.3333333333333333,0.0,37.0,0.25,5,High Returns
16437,2010-11-23 16:59:00,381.0,2.0,301.25,0.0,0.0,17.0,0.0,1,High Recency • High Frequency
16438,2011-12-04 10:51:00,6.0,5.0,798.35,0.6,0.0,74.0,0.0,4,Weekend Shoppers
16439,2009-12-17 14:22:00,722.0,1.0,310.70000000000005,0.0,0.0,9.0,0.0,1,High Recency • High Frequency
16440,2011-12-02 12:02:00,8.0,6.0,3856.97,0.0,0.0,202.0,0.0,3,Diverse Basket • Frequent
16441,2011-10-03 17:48:00,67.0,5.0,1034.43,0.0,0.2,67.0,0.1666666666666666,1,High Recency • High Frequency
16442,2011-12-08 11:43:00,2.0,5.0,899.47,0.2,0.0,226.0,0.0,3,Diverse Basket • Frequent
16443,2010-07-07 11:57:00,521.0,1.0,162.24,0.0,0.0,1.0,0.0,1,High Recency • High Frequency
16444,2011-10-24 13:50:00,46.0,17.0,3656.58,0.5882352941176471,0.0,217.0,0.15,3,Diverse Basket • Frequent
16445,2011-11-06 12:32:00,34.0,4.0,602.73,0.5,0.0,143.0,0.0,4,Weekend Shoppers
16446,2011-12-09 09:15:00,1.0,2.0,168472.5,0.0,0.0,3.0,0.5,3,Diverse Basket • Frequent
16447,2011-07-27 12:45:00,136.0,3.0,775.1400000000001,0.0,0.0,59.0,0.0,1,High Recency • High Frequency
16448,2011-05-25 16:28:00,198.0,2.0,367.87,0.0,0.0,45.0,0.0,1,High Recency • High Frequency
16449,2011-05-26 10:25:00,198.0,2.0,707.69,0.0,0.0,40.0,0.3333333333333333,5,High Returns
16450,2011-07-13 11:47:00,150.0,3.0,1505.73,0.3333333333333333,0.0,36.0,0.25,5,High Returns
16451,2011-09-13 09:17:00,88.0,3.0,1013.15,0.0,0.0,61.0,0.25,5,High Returns
16452,2010-03-19 12:39:00,631.0,2.0,332.17,0.0,0.0,14.0,0.0,1,High Recency • High Frequency
16453,2010-06-27 12:46:00,531.0,2.0,251.71,0.5,0.0,15.0,0.0,4,Weekend Shoppers
16454,2011-10-26 11:40:00,45.0,4.0,30.950000000000003,0.0,0.0,4.0,0.5,5,High Returns
16455,2011-10-07 12:17:00,64.0,11.0,4384.37,0.0909090909090909,0.0,111.0,0.1538461538461538,3,Diverse Basket • Frequent
16456,2011-09-01 13:50:00,99.0,13.0,6862.91,0.3076923076923077,0.0,226.0,0.0714285714285714,3,Diverse Basket • Frequent
16457,2011-05-05 13:19:00,218.0,1.0,208.36,0.0,0.0,9.0,0.0,1,High Recency • High Frequency
16458,2011-12-07 09:34:00,3.0,30.0,5715.34,0.0666666666666666,0.0,91.0,0.0,3,Diverse Basket • Frequent
16459,2009-12-10 12:42:00,730.0,1.0,71.78999999999999,0.0,0.0,5.0,0.0,1,High Recency • High Frequency
16460,2011-11-11 13:46:00,28.0,3.0,814.72,0.0,0.0,128.0,0.0,1,High Recency • High Frequency
16461,2011-06-15 12:07:00,178.0,3.0,1615.22,0.0,0.0,223.0,0.0,1,High Recency • High Frequency
16462,2011-09-27 10:24:00,74.0,3.0,136.0,0.0,0.0,1.0,0.25,5,High Returns
16463,2011-11-18 14:01:00,21.0,4.0,1422.4,0.0,0.0,74.0,0.4285714285714285,5,High Returns
16464,2011-11-20 12:11:00,20.0,3.0,1314.68,0.3333333333333333,0.0,152.0,0.0,1,High Recency • High Frequency
16465,2010-10-15 09:27:00,421.0,2.0,746.24,0.0,0.0,45.0,0.3333333333333333,5,High Returns
16466,2011-11-06 11:35:00,34.0,15.0,3838.59,0.8666666666666667,0.0,207.0,0.0625,4,Weekend Shoppers
16467,2010-07-19 11:49:00,509.0,7.0,2869.16,0.0,0.0,14.0,0.125,1,High Recency • High Frequency
16468,2011-09-26 14:13:00,74.0,3.0,787.52,0.3333333333333333,0.0,38.0,0.0,1,High Recency • High Frequency
16469,2011-11-16 12:25:00,24.0,5.0,828.9100000000001,0.0,0.0,167.0,0.0,1,High Recency • High Frequency
16470,2011-10-19 12:11:00,52.0,11.0,2458.6,0.0,0.0,286.0,0.0833333333333333,3,Diverse Basket • Frequent
16471,2011-03-10 09:41:00,275.0,4.0,1189.98,0.0,0.0,48.0,0.3333333333333333,5,High Returns
16472,2010-10-01 13:56:00,434.0,2.0,789.5999999999999,0.0,0.0,39.0,0.0,1,High Recency • High Frequency
16473,2011-06-28 09:10:00,165.0,4.0,470.83,0.0,0.0,26.0,0.2,1,High Recency • High Frequency
16474,2011-12-02 13:02:00,7.0,7.0,1871.5,0.4285714285714285,0.0,237.0,0.3636363636363636,3,Diverse Basket • Frequent
16475,2011-09-12 14:37:00,88.0,4.0,544.3,0.0,0.0,23.0,0.0,1,High Recency • High Frequency
16476,2010-10-04 10:29:00,432.0,1.0,350.35,0.0,0.0,24.0,0.6666666666666666,5,High Returns
16477,2011-10-07 09:44:00,64.0,11.0,4320.02,0.0909090909090909,0.0,177.0,0.0,3,Diverse Basket • Frequent
16478,2011-11-14 15:51:00,25.0,3.0,331.0,0.0,0.0,15.0,0.0,1,High Recency • High Frequency
16479,2011-11-29 13:40:00,10.0,2.0,300.83000000000004,0.0,0.0,35.0,0.0,1,High Recency • High Frequency
16480,2011-09-25 11:40:00,76.0,1.0,769.29,1.0,0.0,51.0,0.0,4,Weekend Shoppers
16481,2010-01-26 13:09:00,682.0,1.0,453.38,0.0,0.0,16.0,0.6666666666666666,5,High Returns
16482,2011-11-24 12:33:00,16.0,1.0,220.62,0.0,0.0,18.0,0.0,1,High Recency • High Frequency
16483,2011-05-31 13:08:00,192.0,1.0,139.35,0.0,0.0,19.0,0.0,1,High Recency • High Frequency
16484,2011-06-19 12:06:00,174.0,2.0,404.3,0.5,0.0,25.0,0.3333333333333333,5,High Returns
16485,2011-09-23 15:50:00,77.0,5.0,2294.68,0.8,0.0,126.0,0.2857142857142857,4,Weekend Shoppers
16486,2010-06-20 12:16:00,538.0,1.0,134.36,1.0,0.0,7.0,0.0,4,Weekend Shoppers
16487,2010-05-11 13:38:00,577.0,2.0,209.4,0.0,0.0,28.0,0.0,1,High Recency • High Frequency
16488,2011-11-06 13:42:00,33.0,3.0,498.8,0.3333333333333333,0.0,28.0,0.25,5,High Returns
16489,2010-11-24 14:40:00,380.0,2.0,303.7,0.0,0.0,4.0,0.0,1,High Recency • High Frequency
16490,2010-09-29 16:30:00,436.0,1.0,205.41000000000005,0.0,0.0,13.0,0.5,5,High Returns
16491,2011-10-24 10:18:00,47.0,2.0,1533.16,0.0,0.0,86.0,0.3333333333333333,5,High Returns
16492,2010-06-17 08:20:00,541.0,1.0,385.56,0.0,0.0,23.0,0.0,1,High Recency • High Frequency
16493,2011-09-21 11:10:00,80.0,7.0,2132.09,0.2857142857142857,0.0,77.0,0.2222222222222222,5,High Returns
16494,2011-02-16 12:49:00,297.0,1.0,826.53,0.0,0.0,47.0,0.0,1,High Recency • High Frequency
16495,2011-12-06 13:20:00,3.0,3.0,684.41,0.0,0.0,78.0,0.0,1,High Recency • High Frequency
16496,2011-12-01 10:31:00,9.0,6.0,2330.77,0.3333333333333333,0.0,120.0,0.1428571428571428,3,Diverse Basket • Frequent
16497,2011-10-21 10:55:00,50.0,23.0,6695.280000000001,0.0869565217391304,0.0,239.0,0.0,3,Diverse Basket • Frequent
16498,2011-07-01 15:07:00,161.0,2.0,100.97,0.0,0.0,15.0,0.3333333333333333,5,High Returns
16499,2010-12-14 13:31:00,360.0,8.0,2578.34,0.0,0.0,104.0,0.3846153846153846,5,High Returns
16500,2011-12-05 12:04:00,5.0,9.0,843.91,0.0,0.0,24.0,0.1,1,High Recency • High Frequency
16501,2010-11-21 14:10:00,383.0,1.0,1237.23,1.0,0.0,181.0,0.0,4,Weekend Shoppers
16502,2010-03-29 13:44:00,620.0,2.0,266.5,0.0,0.0,41.0,0.0,1,High Recency • High Frequency
16503,2011-08-25 11:46:00,107.0,11.0,3614.34,0.0,0.0,161.0,0.1538461538461538,3,Diverse Basket • Frequent
16504,2011-11-14 15:18:00,25.0,1.0,484.38,0.0,0.0,76.0,0.0,1,High Recency • High Frequency
16505,2011-11-08 12:14:00,32.0,1.0,777.6,0.0,0.0,4.0,0.0,1,High Recency • High Frequency
16506,2011-11-20 12:17:00,20.0,2.0,90.3,1.0,0.0,3.0,0.0,4,Weekend Shoppers
16507,2010-05-16 12:56:00,572.0,1.0,152.76,1.0,0.0,37.0,0.0,4,Weekend Shoppers
16508,2010-03-19 13:41:00,630.0,1.0,248.8,0.0,0.0,42.0,0.0,1,High Recency • High Frequency
16509,2011-02-16 09:25:00,297.0,1.0,363.7,0.0,0.0,13.0,0.0,1,High Recency • High Frequency
16510,2010-12-02 13:39:00,372.0,6.0,2100.0,0.3333333333333333,0.0,94.0,0.0,1,High Recency • High Frequency
16511,2011-11-18 10:41:00,22.0,6.0,1819.02,0.1666666666666666,0.0,235.0,0.0,3,Diverse Basket • Frequent
16513,2011-12-05 10:18:00,5.0,4.0,874.59,0.25,0.0,33.0,0.0,1,High Recency • High Frequency
16515,2011-10-18 13:10:00,52.0,10.0,3216.3,0.0,0.0,184.0,0.0,3,Diverse Basket • Frequent
16516,2011-11-09 14:59:00,30.0,1.0,101.7,0.0,0.0,6.0,0.0,1,High Recency • High Frequency
16517,2011-03-07 13:50:00,277.0,1.0,162.7,0.0,0.0,17.0,0.0,1,High Recency • High Frequency
16518,2011-10-09 15:04:00,61.0,4.0,959.37,0.25,0.0,61.0,0.3333333333333333,5,High Returns
16519,2011-11-14 15:41:00,25.0,4.0,556.26,0.0,0.0,32.0,0.0,1,High Recency • High Frequency
16520,2011-06-06 13:24:00,186.0,6.0,2482.62,0.0,0.0,251.0,0.25,3,Diverse Basket • Frequent
16521,2010-10-20 13:09:00,415.0,3.0,1148.01,0.0,0.0,212.0,0.0,1,High Recency • High Frequency
16522,2010-09-30 10:54:00,436.0,2.0,433.36,0.0,0.0,16.0,0.0,1,High Recency • High Frequency
16523,2011-12-08 09:06:00,2.0,28.0,11916.33,0.1428571428571428,0.0,180.0,0.282051282051282,3,Diverse Basket • Frequent
16524,2010-09-19 13:37:00,446.0,2.0,308.14,1.0,0.0,50.0,0.0,4,Weekend Shoppers
16525,2011-12-07 15:07:00,2.0,48.0,24582.64,0.1041666666666666,0.0,115.0,0.1111111111111111,3,Diverse Basket • Frequent
16526,2011-06-21 12:02:00,172.0,2.0,717.21,0.0,0.0,30.0,0.0,1,High Recency • High Frequency
16527,2011-09-19 16:21:00,81.0,2.0,1272.44,0.0,0.0,66.0,0.0,1,High Recency • High Frequency
16528,2011-12-06 12:45:00,4.0,1.0,244.41,0.0,0.0,17.0,0.0,1,High Recency • High Frequency
16529,2011-06-02 17:23:00,190.0,4.0,2012.0,0.25,0.0,87.0,0.0,1,High Recency • High Frequency
16530,2010-02-09 15:30:00,668.0,1.0,48.35,0.0,0.0,3.0,0.0,1,High Recency • High Frequency
16531,2011-11-17 16:29:00,22.0,11.0,2298.33,0.0,0.0,109.0,0.0833333333333333,1,High Recency • High Frequency
16532,2011-11-22 11:08:00,18.0,5.0,8756.64,0.0,0.0,2.0,0.0,1,High Recency • High Frequency
16533,2011-11-20 13:08:00,19.0,3.0,1095.56,1.0,0.0,112.0,0.4,4,Weekend Shoppers
16534,2010-03-07 15:47:00,642.0,1.0,635.9,1.0,0.0,36.0,0.0,4,Weekend Shoppers
16535,2011-12-04 15:18:00,5.0,3.0,1001.59,0.3333333333333333,0.0,67.0,0.0,1,High Recency • High Frequency
16536,2011-08-21 15:54:00,110.0,1.0,548.97,1.0,0.0,49.0,0.5,4,Weekend Shoppers
16537,2010-03-08 13:41:00,641.0,1.0,23.35,0.0,0.0,3.0,0.0,1,High Recency • High Frequency
16538,2010-06-16 16:59:00,541.0,3.0,399.62,0.0,0.0,35.0,0.0,1,High Recency • High Frequency
16539,2011-12-07 08:41:00,3.0,10.0,3732.01,0.2,0.0,83.0,0.0,1,High Recency • High Frequency
16540,2010-10-21 17:22:00,414.0,1.0,226.7,0.0,0.0,25.0,0.0,1,High Recency • High Frequency
16541,2009-12-04 13:22:00,735.0,1.0,424.03,0.0,0.0,38.0,0.5,5,High Returns
16542,2011-10-17 10:47:00,54.0,2.0,257.32,0.0,0.0,13.0,0.0,1,High Recency • High Frequency
16543,2010-04-27 11:38:00,592.0,1.0,292.21,0.0,0.0,18.0,0.5,5,High Returns
16544,2010-07-08 11:11:00,520.0,4.0,376.7000000000001,0.0,0.0,8.0,0.3333333333333333,5,High Returns
16545,2011-06-28 10:37:00,165.0,2.0,689.8199999999999,0.0,0.0,6.0,0.0,1,High Recency • High Frequency
16546,2011-02-22 11:20:00,291.0,5.0,5606.47,0.0,0.0,75.0,0.2857142857142857,5,High Returns
16547,2010-06-11 13:02:00,546.0,1.0,111.71,0.0,0.0,25.0,0.0,1,High Recency • High Frequency
16548,2010-04-19 16:15:00,599.0,1.0,30.15,0.0,0.0,6.0,0.0,1,High Recency • High Frequency
16549,2011-11-29 15:06:00,10.0,34.0,13182.19,0.4411764705882353,0.1176470588235294,836.0,0.081081081081081,3,Diverse Basket • Frequent
16550,2011-08-23 11:12:00,109.0,18.0,9435.13,0.0,0.0,274.0,0.3793103448275862,3,Diverse Basket • Frequent
16551,2011-09-05 09:38:00,96.0,7.0,2237.12,0.1428571428571428,0.0,67.0,0.0,1,High Recency • High Frequency
16552,2011-04-11 10:04:00,243.0,2.0,475.0200000000001,0.0,0.0,17.0,0.0,1,High Recency • High Frequency
16553,2011-06-29 15:42:00,163.0,33.0,16644.010000000002,0.1212121212121212,0.0,195.0,0.0833333333333333,3,Diverse Basket • Frequent
16554,2011-10-28 14:51:00,42.0,8.0,2841.7200000000003,0.125,0.0,108.0,0.5555555555555556,5,High Returns
16555,2011-11-04 14:31:00,35.0,6.0,1915.68,0.0,0.0,59.0,0.4,5,High Returns
16556,2011-10-04 11:36:00,67.0,17.0,8012.58,0.1176470588235294,0.0,280.0,0.2916666666666667,3,Diverse Basket • Frequent
16557,2011-11-15 14:04:00,24.0,2.0,281.85,0.0,0.0,11.0,0.0,1,High Recency • High Frequency
16558,2011-12-09 10:20:00,1.0,38.0,13873.51,0.0789473684210526,0.0,383.0,0.1914893617021276,3,Diverse Basket • Frequent
16559,2010-11-07 13:52:00,397.0,1.0,185.2,1.0,0.0,17.0,0.0,4,Weekend Shoppers
16560,2011-11-13 10:35:00,27.0,8.0,3048.38,0.375,0.0,140.0,0.2,3,Diverse Basket • Frequent
16561,2011-12-04 11:50:00,6.0,2.0,511.12,0.5,0.0,29.0,0.0,4,Weekend Shoppers
16562,2010-08-20 11:45:00,477.0,1.0,223.86,0.0,0.0,34.0,0.0,1,High Recency • High Frequency
16563,2011-10-17 11:51:00,54.0,6.0,4422.76,0.1666666666666666,0.0,55.0,0.1428571428571428,1,High Recency • High Frequency
16564,2010-05-19 14:41:00,569.0,1.0,87.8,0.0,0.0,5.0,0.0,1,High Recency • High Frequency
16565,2010-12-10 15:21:00,364.0,4.0,773.05,0.0,0.0,7.0,0.2,1,High Recency • High Frequency
16566,2011-11-24 16:34:00,15.0,5.0,614.66,0.2,0.0,14.0,0.1666666666666666,1,High Recency • High Frequency
16567,2011-05-29 13:57:00,194.0,2.0,865.6,0.5,0.0,34.0,0.0,4,Weekend Shoppers
16568,2010-10-08 10:54:00,428.0,2.0,1020.9,0.0,0.0,5.0,0.0,1,High Recency • High Frequency
16569,2011-12-06 15:32:00,3.0,5.0,1455.23,0.0,0.0,27.0,0.0,1,High Recency • High Frequency
16570,2011-11-24 17:02:00,15.0,20.0,7434.309999999999,0.0,0.0,114.0,0.3548387096774194,3,Diverse Basket • Frequent
16571,2011-11-13 11:46:00,27.0,10.0,4248.74,0.1,0.0,151.0,0.4117647058823529,5,High Returns
16572,2011-08-04 16:34:00,127.0,3.0,1009.6,0.0,0.0,40.0,0.25,5,High Returns
16573,2011-09-16 09:13:00,85.0,2.0,663.61,0.0,0.0,40.0,0.5,5,High Returns
16574,2011-09-29 13:39:00,71.0,3.0,1301.78,0.0,0.0,86.0,0.0,1,High Recency • High Frequency
16576,2010-10-15 13:37:00,420.0,2.0,540.87,0.0,0.0,32.0,0.6,5,High Returns
16577,2010-02-11 09:45:00,667.0,1.0,380.0,0.0,0.0,23.0,0.0,1,High Recency • High Frequency
16578,2010-03-23 15:11:00,626.0,1.0,156.6,0.0,0.0,9.0,0.0,1,High Recency • High Frequency
16579,2010-10-10 11:58:00,426.0,1.0,295.05,1.0,0.0,14.0,0.5,4,Weekend Shoppers
16581,2011-06-10 10:05:00,183.0,1.0,105.84,0.0,0.0,9.0,0.5,5,High Returns
16582,2011-08-18 17:02:00,113.0,1.0,313.62,0.0,0.0,6.0,0.0,1,High Recency • High Frequency
16583,2010-12-01 12:03:00,374.0,2.0,531.4,0.0,0.0,18.0,0.0,1,High Recency • High Frequency
16584,2011-09-20 13:45:00,80.0,5.0,3163.67,0.2,0.0,61.0,0.2857142857142857,5,High Returns
16585,2010-04-25 10:34:00,594.0,2.0,341.59000000000003,0.5,0.0,16.0,0.0,4,Weekend Shoppers
16586,2011-04-05 09:32:00,249.0,3.0,1462.78,0.3333333333333333,0.0,27.0,0.0,1,High Recency • High Frequency
16587,2011-04-21 15:51:00,232.0,1.0,225.15,0.0,0.0,13.0,0.0,1,High Recency • High Frequency
16588,2010-11-18 17:56:00,386.0,4.0,1361.28,0.0,0.0,64.0,0.0,1,High Recency • High Frequency
16589,2011-09-29 14:50:00,71.0,4.0,612.36,0.0,0.0,39.0,0.0,1,High Recency • High Frequency
16590,2010-11-04 09:06:00,401.0,2.0,605.9,0.0,0.0,26.0,0.3333333333333333,5,High Returns
16591,2011-10-02 10:43:00,69.0,1.0,213.5,1.0,0.0,10.0,0.0,4,Weekend Shoppers
16592,2011-12-05 13:49:00,4.0,28.0,7807.91,0.2142857142857142,0.0,221.0,0.1764705882352941,3,Diverse Basket • Frequent
16593,2011-10-20 12:41:00,51.0,8.0,1071.14,0.75,0.0,57.0,0.1111111111111111,4,Weekend Shoppers
16594,2011-09-25 14:08:00,75.0,1.0,181.09,1.0,0.0,53.0,0.0,4,Weekend Shoppers
16595,2011-10-09 13:15:00,61.0,5.0,1810.18,0.8,0.0,337.0,0.0,4,Weekend Shoppers
16596,2011-11-24 10:02:00,16.0,4.0,579.63,0.0,0.0,23.0,0.0,1,High Recency • High Frequency
16597,2011-12-05 15:44:00,4.0,1.0,90.04,0.0,0.0,7.0,0.0,1,High Recency • High Frequency
16598,2011-02-27 11:42:00,286.0,1.0,145.04999999999998,1.0,0.0,10.0,0.5,4,Weekend Shoppers
16599,2010-11-19 12:45:00,386.0,1.0,172.8,0.0,0.0,12.0,0.0,1,High Recency • High Frequency
16600,2011-12-05 16:00:00,4.0,13.0,2153.41,0.0769230769230769,0.0,106.0,0.1875,3,Diverse Basket • Frequent
16601,2011-10-30 11:09:00,41.0,3.0,684.25,0.6666666666666666,0.0,60.0,0.0,4,Weekend Shoppers
16602,2011-11-03 15:54:00,36.0,2.0,763.33,0.0,0.0,37.0,0.6,5,High Returns
16603,2011-09-26 10:06:00,75.0,2.0,482.47,0.0,0.0,34.0,0.0,1,High Recency • High Frequency
16604,2010-05-26 09:10:00,563.0,2.0,432.45,0.0,0.0,10.0,0.3333333333333333,5,High Returns
16605,2009-12-15 19:03:00,724.0,1.0,60.48,0.0,0.0,1.0,0.0,1,High Recency • High Frequency
16606,2010-10-31 13:57:00,404.0,2.0,357.66,0.5,0.0,16.0,0.0,4,Weekend Shoppers
16607,2011-11-22 10:24:00,18.0,25.0,5706.87,0.0,0.0,212.0,0.1379310344827586,3,Diverse Basket • Frequent
16608,2010-09-12 11:44:00,454.0,2.0,1288.72,1.0,0.0,94.0,0.0,4,Weekend Shoppers
16609,2011-11-24 13:32:00,15.0,7.0,5493.46,0.0,0.0,155.0,0.2222222222222222,3,Diverse Basket • Frequent
16610,2011-05-04 13:13:00,219.0,1.0,75.66,0.0,0.0,6.0,0.0,1,High Recency • High Frequency
16611,2011-06-06 15:46:00,186.0,6.0,1785.13,0.1666666666666666,0.0,86.0,0.1428571428571428,1,High Recency • High Frequency
16612,2011-11-07 07:38:00,33.0,9.0,3245.4300000000003,0.1111111111111111,0.0,105.0,0.1,1,High Recency • High Frequency
16613,2011-09-30 15:52:00,70.0,1.0,618.59,0.0,0.0,30.0,0.0,1,High Recency • High Frequency
16614,2011-06-10 11:36:00,183.0,3.0,1179.79,0.0,0.0,37.0,0.0,1,High Recency • High Frequency
16615,2010-03-23 15:13:00,626.0,1.0,291.5,0.0,0.0,19.0,0.5,5,High Returns
16616,2011-11-24 16:31:00,15.0,2.0,500.42,0.0,0.0,31.0,0.0,1,High Recency • High Frequency
16617,2011-04-18 10:35:00,236.0,1.0,151.85,0.0,0.0,5.0,0.0,1,High Recency • High Frequency
16618,2011-11-08 13:52:00,31.0,5.0,2647.59,0.0,0.0,79.0,0.1666666666666666,1,High Recency • High Frequency
16619,2011-03-21 08:18:00,264.0,4.0,1938.33,0.25,0.0,103.0,0.2,1,High Recency • High Frequency
16620,2011-12-06 12:19:00,4.0,6.0,1758.93,0.0,0.0,78.0,0.0,1,High Recency • High Frequency
16621,2011-10-19 11:38:00,52.0,4.0,813.48,0.25,0.0,22.0,0.0,1,High Recency • High Frequency
16622,2010-06-14 10:44:00,544.0,1.0,225.4,0.0,0.0,12.0,0.5,5,High Returns
16623,2011-04-08 10:09:00,246.0,4.0,1015.24,0.0,0.0,44.0,0.2,1,High Recency • High Frequency
16624,2011-09-20 12:39:00,81.0,2.0,810.5699999999999,0.0,0.0,44.0,0.0,1,High Recency • High Frequency
16625,2011-03-10 12:50:00,275.0,5.0,1654.03,0.0,0.0,82.0,0.1666666666666666,1,High Recency • High Frequency
16626,2011-12-09 11:56:00,1.0,17.0,4413.1,0.1176470588235294,0.0,86.0,0.15,3,Diverse Basket • Frequent
16627,2011-09-21 14:38:00,79.0,1.0,322.8,0.0,0.0,20.0,0.0,1,High Recency • High Frequency
16628,2011-11-10 12:45:00,30.0,7.0,2318.1,0.0,0.0,84.0,0.125,1,High Recency • High Frequency
16629,2011-09-27 10:34:00,74.0,2.0,417.73,0.5,0.0,58.0,0.0,4,Weekend Shoppers
16630,2010-10-28 14:30:00,407.0,1.0,106.8,0.0,0.0,4.0,0.5,5,High Returns
16631,2010-08-15 11:20:00,482.0,7.0,1892.52,0.1428571428571428,0.0,46.0,0.125,1,High Recency • High Frequency
16632,2010-08-11 11:39:00,486.0,2.0,406.4,0.0,0.0,22.0,0.0,1,High Recency • High Frequency
16633,2011-11-22 13:41:00,17.0,6.0,2883.1,0.1666666666666666,0.0,115.0,0.1428571428571428,1,High Recency • High Frequency
16634,2011-05-01 12:09:00,223.0,6.0,1814.61,0.1666666666666666,0.0,72.0,0.4,5,High Returns
16635,2010-10-29 09:41:00,407.0,1.0,473.0,0.0,0.0,25.0,0.0,1,High Recency • High Frequency
16636,2010-09-27 13:13:00,438.0,4.0,3802.04,0.0,0.0,62.0,0.0,1,High Recency • High Frequency
16637,2011-11-07 13:17:00,32.0,4.0,1154.47,0.0,0.0,66.0,0.2,5,High Returns
16638,2011-11-17 11:09:00,23.0,15.0,2430.53,0.0666666666666666,0.0,130.0,0.0625,3,Diverse Basket • Frequent
16639,2011-11-08 13:20:00,31.0,4.0,1747.98,0.0,0.0,76.0,0.2,5,High Returns
16640,2010-11-07 10:48:00,398.0,1.0,179.4,1.0,0.0,13.0,0.0,4,Weekend Shoppers
16641,2011-08-26 12:49:00,106.0,2.0,554.5,0.0,0.0,36.0,0.0,1,High Recency • High Frequency
16642,2011-12-05 11:31:00,5.0,3.0,1077.45,0.0,0.0,50.0,0.4,5,High Returns
16643,2011-04-08 08:24:00,246.0,2.0,923.11,0.0,0.0,48.0,0.3333333333333333,5,High Returns
16644,2011-06-15 12:39:00,178.0,2.0,833.78,0.0,0.0,62.0,0.0,1,High Recency • High Frequency
16645,2009-12-04 09:49:00,736.0,1.0,160.39,0.0,0.0,14.0,0.0,1,High Recency • High Frequency
16646,2010-09-16 13:28:00,449.0,1.0,678.8,0.0,0.0,29.0,0.5,5,High Returns
16647,2011-06-23 11:47:00,170.0,4.0,541.9,0.25,0.0,28.0,0.0,1,High Recency • High Frequency
16648,2011-10-28 08:58:00,43.0,3.0,672.8,0.0,0.0,37.0,0.25,5,High Returns
16649,2010-07-07 15:41:00,520.0,1.0,306.58000000000004,0.0,0.0,20.0,0.0,1,High Recency • High Frequency
16650,2011-09-29 09:51:00,72.0,7.0,1916.11,0.0,0.0,71.0,0.0,1,High Recency • High Frequency
16651,2010-05-02 11:46:00,587.0,1.0,136.2,1.0,0.0,6.0,0.0,4,Weekend Shoppers
16652,2011-10-12 09:38:00,59.0,16.0,17550.39,0.1875,0.0,124.0,0.3333333333333333,3,Diverse Basket • Frequent
16653,2011-11-23 14:51:00,16.0,2.0,1212.66,0.0,0.0,67.0,0.3333333333333333,5,High Returns
16654,2011-07-21 15:23:00,141.0,8.0,1711.47,0.125,0.0,64.0,0.1111111111111111,1,High Recency • High Frequency
16655,2011-11-22 11:25:00,18.0,13.0,6548.37,0.5384615384615384,0.0,408.0,0.0714285714285714,3,Diverse Basket • Frequent
16656,2011-11-17 14:43:00,22.0,30.0,16833.17,0.0666666666666666,0.0,22.0,0.3181818181818182,3,Diverse Basket • Frequent
16657,2011-11-30 11:48:00,10.0,4.0,933.62,0.0,0.0,158.0,0.0,1,High Recency • High Frequency
16658,2010-12-06 13:47:00,368.0,6.0,814.07,0.0,0.0,49.0,0.3333333333333333,5,High Returns
16659,2011-06-03 15:03:00,189.0,1.0,39.12,0.0,0.0,2.0,0.0,1,High Recency • High Frequency
16660,2011-11-23 14:53:00,16.0,7.0,1879.55,0.0,0.0,20.0,0.125,1,High Recency • High Frequency
16661,2010-06-17 15:24:00,540.0,4.0,986.63,0.0,0.0,50.0,0.2,1,High Recency • High Frequency
16662,2010-11-10 16:56:00,394.0,1.0,163.8,0.0,0.0,28.0,0.0,1,High Recency • High Frequency
16663,2009-12-10 13:12:00,729.0,1.0,165.0,0.0,0.0,1.0,0.0,1,High Recency • High Frequency
16664,2010-05-19 17:11:00,569.0,1.0,109.2,0.0,0.0,8.0,0.0,1,High Recency • High Frequency
16665,2010-12-12 14:03:00,362.0,1.0,135.39999999999998,1.0,0.0,9.0,0.0,4,Weekend Shoppers
16666,2011-11-20 14:01:00,19.0,2.0,225.94,1.0,0.0,42.0,0.0,4,Weekend Shoppers
16667,2011-10-02 15:26:00,68.0,2.0,570.13,0.5,0.0,52.0,0.0,4,Weekend Shoppers
16668,2011-11-24 17:43:00,15.0,13.0,862.42,0.0769230769230769,0.0,28.0,0.0,1,High Recency • High Frequency
16669,2011-11-16 12:26:00,24.0,3.0,1374.87,0.0,0.0,141.0,0.4,5,High Returns
16670,2011-11-23 09:34:00,17.0,20.0,8030.150000000001,0.0,0.0,258.0,0.3939393939393939,3,Diverse Basket • Frequent
16671,2011-11-11 13:40:00,28.0,3.0,1692.2700000000002,0.0,0.0,3.0,0.0,1,High Recency • High Frequency
16672,2011-12-07 16:29:00,2.0,20.0,8134.94,0.0,0.0,22.0,0.1304347826086956,1,High Recency • High Frequency
16673,2010-01-29 14:22:00,679.0,1.0,188.83,0.0,0.0,19.0,0.0,1,High Recency • High Frequency
16674,2011-10-16 11:31:00,55.0,2.0,319.61,0.5,0.0,89.0,0.0,4,Weekend Shoppers
16675,2010-09-24 12:15:00,442.0,2.0,608.8599999999999,0.0,0.0,21.0,0.0,1,High Recency • High Frequency
16676,2011-11-06 12:01:00,34.0,6.0,2361.9,0.3333333333333333,0.0,106.0,0.1428571428571428,1,High Recency • High Frequency
16677,2010-10-24 14:53:00,411.0,2.0,880.62,0.5,0.0,45.0,0.3333333333333333,4,Weekend Shoppers
16678,2011-12-07 12:17:00,3.0,12.0,3109.99,0.1666666666666666,0.0,92.0,0.2941176470588235,5,High Returns
16679,2010-12-08 13:51:00,366.0,3.0,793.06,0.0,0.0,15.0,0.0,1,High Recency • High Frequency
16680,2011-10-27 17:35:00,43.0,3.0,821.45,0.0,0.0,24.0,0.0,1,High Recency • High Frequency
16681,2011-09-28 11:11:00,73.0,7.0,1921.84,0.0,0.0,22.0,0.0,1,High Recency • High Frequency
16682,2011-12-05 12:13:00,5.0,5.0,1028.0,0.2,0.0,15.0,0.0,1,High Recency • High Frequency
16683,2010-06-24 10:36:00,534.0,1.0,320.25,0.0,0.0,18.0,0.5,5,High Returns
16684,2011-12-05 14:06:00,4.0,55.0,147142.77,0.1272727272727272,0.0,184.0,0.1538461538461538,3,Diverse Basket • Frequent
16685,2011-10-09 13:58:00,61.0,2.0,324.24,1.0,0.0,60.0,0.0,4,Weekend Shoppers
16686,2011-10-23 13:49:00,47.0,16.0,5070.92,0.625,0.0,549.0,0.1111111111111111,3,Diverse Basket • Frequent
16687,2010-11-14 11:46:00,391.0,1.0,157.63,1.0,0.0,8.0,0.0,4,Weekend Shoppers
16688,2011-12-08 15:24:00,1.0,4.0,1260.86,0.0,0.0,52.0,0.0,1,High Recency • High Frequency
16689,2011-09-25 11:39:00,76.0,2.0,422.6,1.0,0.0,12.0,0.3333333333333333,4,Weekend Shoppers
16690,2011-09-28 15:02:00,72.0,4.0,353.03,0.25,0.0,12.0,0.2,5,High Returns
16691,2010-10-17 15:03:00,418.0,2.0,178.82999999999998,0.5,0.0,11.0,0.0,4,Weekend Shoppers
16692,2011-03-28 14:46:00,256.0,4.0,1914.7,0.0,0.0,3.0,0.0,1,High Recency • High Frequency
16693,2011-10-02 11:10:00,69.0,5.0,1199.46,1.0,0.0,149.0,0.0,4,Weekend Shoppers
16694,2009-12-16 15:45:00,723.0,1.0,98.3,0.0,0.0,3.0,0.0,1,High Recency • High Frequency
16695,2010-05-27 12:36:00,562.0,2.0,193.15,0.0,0.0,30.0,0.0,1,High Recency • High Frequency
16696,2011-07-27 14:23:00,135.0,4.0,657.9000000000001,0.0,0.0,7.0,0.0,1,High Recency • High Frequency
16697,2011-04-12 17:12:00,241.0,1.0,112.75,0.0,0.0,20.0,0.0,1,High Recency • High Frequency
16698,2011-04-27 10:52:00,227.0,2.0,1998.0,0.0,0.0,4.0,0.0,1,High Recency • High Frequency
16699,2010-11-24 14:38:00,380.0,7.0,994.6,0.0,0.0,51.0,0.125,1,High Recency • High Frequency
16700,2011-12-01 11:00:00,9.0,25.0,9167.71,0.08,0.0,263.0,0.1935483870967742,3,Diverse Basket • Frequent
16701,2011-12-01 11:10:00,9.0,26.0,9916.73,0.1923076923076923,0.0,154.0,0.2352941176470588,3,Diverse Basket • Frequent
16702,2010-10-20 14:10:00,415.0,4.0,1110.83,0.25,0.0,84.0,0.2,1,High Recency • High Frequency
16704,2010-03-31 14:02:00,618.0,2.0,695.66,0.0,0.0,50.0,0.0,1,High Recency • High Frequency
16705,2011-12-09 12:08:00,1.0,42.0,43515.051,0.0476190476190476,0.0,400.0,0.3114754098360656,3,Diverse Basket • Frequent
16706,2011-11-02 13:50:00,37.0,3.0,531.3499999999999,0.0,0.0,108.0,0.0,1,High Recency • High Frequency
16707,2010-11-04 14:39:00,400.0,4.0,551.11,0.0,0.0,64.0,0.0,1,High Recency • High Frequency
16708,2011-10-25 12:20:00,46.0,1.0,656.63,0.0,0.0,27.0,0.0,1,High Recency • High Frequency
16709,2011-09-16 10:56:00,85.0,14.0,9087.46,0.2142857142857142,0.0,220.0,0.0,3,Diverse Basket • Frequent
16710,2011-11-20 14:50:00,19.0,22.0,6349.09,0.4545454545454545,0.0,541.0,0.0434782608695652,3,Diverse Basket • Frequent
16711,2011-12-06 16:32:00,3.0,9.0,2868.48,0.1111111111111111,0.0,26.0,0.1,1,High Recency • High Frequency
16712,2011-11-30 13:48:00,9.0,13.0,4266.99,0.0,0.0,301.0,0.0,3,Diverse Basket • Frequent
16713,2011-11-21 12:36:00,19.0,32.0,14560.69,0.0625,0.0,541.0,0.2195121951219512,3,Diverse Basket • Frequent
16714,2011-05-05 11:09:00,219.0,4.0,1529.8,0.25,0.0,95.0,0.4285714285714285,5,High Returns
16715,2011-09-22 18:15:00,78.0,2.0,625.52,0.0,0.0,27.0,0.0,1,High Recency • High Frequency
16716,2011-03-18 10:03:00,267.0,3.0,2149.6800000000003,0.0,0.0,7.0,0.25,5,High Returns
16717,2011-11-16 12:16:00,24.0,14.0,6986.2300000000005,0.0,0.0,274.0,0.3,3,Diverse Basket • Frequent
16718,2010-12-05 13:03:00,369.0,5.0,3647.53,0.6,0.0,123.0,0.0,4,Weekend Shoppers
16719,2011-11-25 09:27:00,15.0,14.0,3973.3,0.1428571428571428,0.0,204.0,0.1764705882352941,3,Diverse Basket • Frequent
16720,2011-11-13 16:22:00,26.0,3.0,795.48,0.6666666666666666,0.0,130.0,0.25,4,Weekend Shoppers
16721,2011-03-22 16:08:00,262.0,1.0,292.47,0.0,0.0,37.0,0.0,1,High Recency • High Frequency
16722,2011-11-22 13:28:00,17.0,22.0,8989.08,0.0,0.0,145.0,0.1538461538461538,3,Diverse Basket • Frequent
16723,2011-09-09 13:01:00,91.0,4.0,1301.63,0.0,0.0,108.0,0.0,1,High Recency • High Frequency
16724,2010-10-31 11:40:00,405.0,1.0,147.35,1.0,0.0,17.0,0.0,4,Weekend Shoppers
16725,2011-02-10 16:52:00,302.0,14.0,1882.11,0.1428571428571428,0.0,242.0,0.125,3,Diverse Basket • Frequent
16726,2011-11-13 14:53:00,26.0,7.0,2088.41,0.4285714285714285,0.0,150.0,0.0,3,Diverse Basket • Frequent
16727,2010-12-10 13:48:00,364.0,4.0,1437.42,0.25,0.0,158.0,0.0,1,High Recency • High Frequency
16728,2011-10-24 14:36:00,46.0,4.0,1054.67,0.75,0.0,218.0,0.0,4,Weekend Shoppers
16729,2011-11-01 14:29:00,38.0,21.0,7239.92,0.0,0.0,234.0,0.1923076923076923,3,Diverse Basket • Frequent
16730,2011-10-18 14:11:00,52.0,3.0,743.11,0.0,0.0,75.0,0.25,5,High Returns
16731,2010-03-01 15:05:00,648.0,1.0,174.05,0.0,0.0,40.0,0.0,1,High Recency • High Frequency
16732,2011-11-08 09:54:00,32.0,4.0,4387.64,0.0,0.0,199.0,0.5555555555555556,5,High Returns
16733,2010-06-28 10:12:00,530.0,1.0,259.68,0.0,0.0,12.0,0.0,1,High Recency • High Frequency
16734,2011-10-18 13:44:00,52.0,3.0,650.51,0.0,0.0,44.0,0.0,1,High Recency • High Frequency
16735,2011-09-22 11:49:00,79.0,14.0,6270.56,0.1428571428571428,0.0,178.0,0.3636363636363636,3,Diverse Basket • Frequent
16736,2010-07-22 10:09:00,506.0,5.0,2956.56,0.0,0.0,116.0,0.375,5,High Returns
16737,2011-10-17 13:03:00,53.0,2.0,835.1999999999999,0.0,0.0,1.0,0.0,1,High Recency • High Frequency
16738,2011-02-15 09:46:00,298.0,1.0,3.75,0.0,0.0,1.0,0.0,1,High Recency • High Frequency
16739,2011-06-16 09:17:00,177.0,2.0,786.4300000000001,0.0,0.0,33.0,0.5,5,High Returns
16740,2010-11-09 13:34:00,395.0,1.0,236.81,0.0,0.0,30.0,0.0,1,High Recency • High Frequency
16741,2010-03-24 15:15:00,625.0,1.0,173.06,0.0,0.0,11.0,0.0,1,High Recency • High Frequency
16742,2011-10-24 12:02:00,47.0,14.0,2852.61,0.0714285714285714,0.0,51.0,0.0666666666666666,1,High Recency • High Frequency
16743,2011-11-10 13:13:00,29.0,14.0,4253.26,0.0,0.0,118.0,0.0666666666666666,3,Diverse Basket • Frequent
16744,2011-11-28 13:06:00,11.0,7.0,1304.7599999999998,0.8571428571428571,0.0,198.0,0.0,4,Weekend Shoppers
16745,2011-09-14 11:58:00,87.0,17.0,7194.3,0.1176470588235294,0.0,148.0,0.0555555555555555,3,Diverse Basket • Frequent
16746,2011-12-05 12:33:00,5.0,42.0,18066.4,0.1904761904761904,0.0,390.0,0.0869565217391304,3,Diverse Basket • Frequent
16747,2011-11-02 11:37:00,38.0,2.0,836.06,0.0,0.0,34.0,0.5,5,High Returns
16748,2011-11-22 10:17:00,18.0,14.0,3637.33,0.0714285714285714,0.0,55.0,0.0666666666666666,1,High Recency • High Frequency
16749,2010-04-27 13:06:00,591.0,2.0,4387.08,0.0,0.0,53.0,0.0,1,High Recency • High Frequency
16750,2011-10-26 12:48:00,45.0,5.0,623.93,0.0,0.0,74.0,0.0,1,High Recency • High Frequency
16751,2011-11-09 10:48:00,31.0,1.0,1764.72,0.0,0.0,24.0,0.0,1,High Recency • High Frequency
16752,2010-12-02 12:18:00,373.0,1.0,415.0,0.0,0.0,9.0,0.0,1,High Recency • High Frequency
16753,2011-10-12 13:14:00,58.0,1.0,223.92,0.0,0.0,34.0,0.0,1,High Recency • High Frequency
16754,2010-12-02 17:38:00,372.0,29.0,67502.47,0.0,0.0,38.0,0.1714285714285714,3,Diverse Basket • Frequent
16755,2011-08-17 13:21:00,114.0,7.0,2900.58,0.1428571428571428,0.0,219.0,0.3,3,Diverse Basket • Frequent
16756,2011-05-09 09:33:00,215.0,7.0,1312.37,0.4285714285714285,0.0,64.0,0.2222222222222222,4,Weekend Shoppers
16757,2011-01-25 11:59:00,319.0,2.0,270.48,0.0,0.0,13.0,0.0,1,High Recency • High Frequency
16758,2011-10-05 14:47:00,65.0,1.0,369.34,0.0,0.0,22.0,0.0,1,High Recency • High Frequency
16759,2011-12-02 12:42:00,8.0,3.0,789.79,0.0,0.0,40.0,0.25,5,High Returns
16760,2010-10-05 15:55:00,430.0,1.0,228.0,0.0,0.0,17.0,0.0,1,High Recency • High Frequency
16761,2011-09-04 11:15:00,97.0,1.0,316.62,1.0,0.0,13.0,0.0,4,Weekend Shoppers
16762,2011-11-20 11:43:00,20.0,3.0,1501.38,0.3333333333333333,0.0,51.0,0.0,1,High Recency • High Frequency
16763,2011-05-25 11:52:00,199.0,2.0,964.7,0.0,0.0,44.0,0.3333333333333333,5,High Returns
16764,2011-12-06 11:41:00,4.0,13.0,2799.25,0.0769230769230769,0.0,209.0,0.2777777777777778,3,Diverse Basket • Frequent
16765,2011-02-18 15:41:00,294.0,2.0,454.75,0.0,0.0,52.0,0.0,1,High Recency • High Frequency
16766,2011-03-11 15:22:00,273.0,2.0,1145.6,0.0,0.0,17.0,0.0,1,High Recency • High Frequency
16767,2011-11-09 09:42:00,31.0,15.0,8073.8,0.0666666666666666,0.0,209.0,0.0625,3,Diverse Basket • Frequent
16768,2011-10-23 10:38:00,48.0,9.0,1708.12,0.6666666666666666,0.0,108.0,0.3571428571428571,4,Weekend Shoppers
16769,2011-03-24 13:41:00,260.0,4.0,1141.75,0.0,0.0,76.0,0.0,1,High Recency • High Frequency
16770,2011-10-13 12:21:00,58.0,9.0,1932.13,0.5555555555555556,0.0,202.0,0.1818181818181818,3,Diverse Basket • Frequent
16771,2011-11-06 13:28:00,33.0,10.0,3967.6,0.3,0.0,303.0,0.0,3,Diverse Basket • Frequent
16772,2010-10-12 13:19:00,423.0,3.0,3723.55,0.0,0.0,54.0,0.4,5,High Returns
16773,2011-10-13 14:37:00,57.0,3.0,421.24,0.3333333333333333,0.0,53.0,0.0,1,High Recency • High Frequency
16774,2011-10-03 12:41:00,68.0,8.0,1594.45,0.0,0.0,89.0,0.1111111111111111,1,High Recency • High Frequency
16775,2011-11-29 15:22:00,10.0,16.0,3056.89,0.0,0.0,132.0,0.0588235294117647,3,Diverse Basket • Frequent
16776,2011-10-10 13:04:00,60.0,2.0,619.8499999999999,0.0,0.0,105.0,0.0,1,High Recency • High Frequency
16777,2011-09-20 13:41:00,80.0,5.0,1307.76,0.4,0.0,125.0,0.1666666666666666,4,Weekend Shoppers
16778,2011-09-26 13:48:00,74.0,2.0,245.94,0.0,0.0,16.0,0.0,1,High Recency • High Frequency
16779,2011-12-07 14:54:00,2.0,53.0,33268.24,0.1132075471698113,0.0,293.0,0.1451612903225806,3,Diverse Basket • Frequent
16780,2011-08-31 16:09:00,100.0,3.0,605.55,0.0,0.0,73.0,0.0,1,High Recency • High Frequency
16781,2010-12-02 14:26:00,372.0,2.0,934.25,0.0,0.0,36.0,0.3333333333333333,5,High Returns
16782,2011-11-29 13:20:00,10.0,38.0,10438.41,0.3684210526315789,0.0,575.0,0.24,3,Diverse Basket • Frequent
16783,2010-09-29 11:53:00,437.0,1.0,391.95,0.0,0.0,25.0,0.0,1,High Recency • High Frequency
16784,2011-11-20 12:20:00,20.0,5.0,896.53,0.8,0.0,138.0,0.0,4,Weekend Shoppers
16785,2010-10-26 10:36:00,410.0,1.0,533.78,0.0,0.0,35.0,0.0,1,High Recency • High Frequency
16786,2010-11-11 08:25:00,394.0,1.0,51.84,0.0,0.0,1.0,0.0,1,High Recency • High Frequency
16787,2010-11-07 11:01:00,398.0,4.0,1035.43,1.0,0.0,102.0,0.0,4,Weekend Shoppers
16788,2011-08-08 14:53:00,123.0,5.0,1950.3,0.4,0.0,348.0,0.0,3,Diverse Basket • Frequent
16789,2011-12-01 15:12:00,8.0,1.0,80.8,0.0,0.0,5.0,0.0,1,High Recency • High Frequency
16790,2011-12-06 11:53:00,4.0,6.0,1545.62,0.1666666666666666,0.0,88.0,0.25,5,High Returns
16791,2011-11-10 19:12:00,29.0,15.0,4038.69,0.2,0.0,393.0,0.1666666666666666,3,Diverse Basket • Frequent
16792,2011-03-02 14:41:00,282.0,5.0,623.46,0.2,0.0,90.0,0.0,1,High Recency • High Frequency
16793,2011-10-13 15:08:00,57.0,1.0,243.84,0.0,0.0,16.0,0.0,1,High Recency • High Frequency
16794,2011-12-08 17:54:00,1.0,15.0,2090.91,0.4666666666666667,0.0,245.0,0.1176470588235294,3,Diverse Basket • Frequent
16795,2010-12-09 14:08:00,365.0,3.0,2492.3900000000003,0.0,0.0,306.0,0.4,5,High Returns
16796,2011-09-11 14:01:00,89.0,1.0,305.62,1.0,0.0,18.0,0.0,4,Weekend Shoppers
16797,2010-11-11 19:14:00,393.0,5.0,1827.77,0.2,0.0,289.0,0.4444444444444444,5,High Returns
16798,2010-06-03 19:01:00,554.0,3.0,848.71,0.3333333333333333,0.0,141.0,0.25,5,High Returns
16799,2010-10-03 14:28:00,432.0,2.0,495.98,1.0,0.0,81.0,0.3333333333333333,4,Weekend Shoppers
16800,2011-11-28 14:06:00,11.0,1.0,1201.49,0.0,0.0,148.0,0.0,1,High Recency • High Frequency
16801,2011-06-29 15:33:00,163.0,4.0,1619.73,0.25,0.0,72.0,0.2,5,High Returns
16802,2010-01-29 13:44:00,679.0,2.0,582.61,0.0,0.0,48.0,0.0,1,High Recency • High Frequency
16803,2011-10-05 14:28:00,65.0,1.0,332.3,0.0,0.0,24.0,0.0,1,High Recency • High Frequency
16804,2011-11-16 16:43:00,23.0,3.0,536.99,0.0,0.0,59.0,0.0,1,High Recency • High Frequency
16805,2011-06-19 11:23:00,174.0,5.0,1097.24,0.2,0.0,213.0,0.0,1,High Recency • High Frequency
16806,2011-08-28 15:27:00,103.0,4.0,801.49,0.25,0.0,68.0,0.0,1,High Recency • High Frequency
16807,2011-07-20 12:00:00,143.0,6.0,2123.88,0.1666666666666666,0.0,107.0,0.25,5,High Returns
16808,2011-09-01 19:34:00,99.0,2.0,288.42,0.0,0.0,21.0,0.0,1,High Recency • High Frequency
16809,2011-11-16 15:45:00,23.0,9.0,1727.43,0.3333333333333333,0.0,113.0,0.1,3,Diverse Basket • Frequent
16810,2011-05-31 15:32:00,192.0,2.0,842.04,0.0,0.0,34.0,0.5,5,High Returns
16811,2011-12-05 11:39:00,5.0,2.0,547.0699999999999,0.0,0.0,26.0,0.0,1,High Recency • High Frequency
16812,2010-12-14 12:35:00,361.0,4.0,2392.0,0.0,0.0,98.0,0.2,1,High Recency • High Frequency
16813,2011-12-01 14:03:00,8.0,10.0,1692.98,0.4,0.0,248.0,0.0,3,Diverse Basket • Frequent
16814,2011-11-25 13:27:00,14.0,36.0,12499.71,0.1111111111111111,0.0,247.0,0.027027027027027,3,Diverse Basket • Frequent
16815,2010-09-12 10:59:00,454.0,2.0,410.97,0.5,0.0,66.0,0.0,4,Weekend Shoppers
16816,2011-08-28 14:16:00,103.0,4.0,417.06,0.5,0.0,28.0,0.0,4,Weekend Shoppers
16817,2011-12-07 11:03:00,3.0,13.0,2804.9,0.0,0.0,107.0,0.2777777777777778,5,High Returns
16818,2011-11-29 10:41:00,11.0,11.0,3349.57,0.0909090909090909,0.0,172.0,0.1538461538461538,3,Diverse Basket • Frequent
16819,2010-08-31 17:37:00,465.0,2.0,182.59,0.0,0.0,17.0,0.0,1,High Recency • High Frequency
16820,2011-09-05 12:06:00,96.0,1.0,497.61,0.0,0.0,26.0,0.0,1,High Recency • High Frequency
16821,2010-11-23 10:04:00,382.0,1.0,113.35,0.0,0.0,7.0,0.0,1,High Recency • High Frequency
16822,2010-01-22 14:22:00,686.0,1.0,181.39,0.0,0.0,11.0,0.6666666666666666,5,High Returns
16823,2011-04-26 15:00:00,227.0,7.0,2260.09,0.1428571428571428,0.0,149.0,0.125,1,High Recency • High Frequency
16824,2011-11-24 12:38:00,16.0,3.0,686.24,0.0,0.0,34.0,0.0,1,High Recency • High Frequency
16825,2011-11-01 11:51:00,39.0,5.0,1826.89,0.0,0.0,48.0,0.0,1,High Recency • High Frequency
16826,2011-10-19 14:05:00,51.0,1.0,341.7,0.0,0.0,22.0,0.0,1,High Recency • High Frequency
16827,2010-11-11 14:04:00,393.0,5.0,392.13,0.0,0.0,10.0,0.0,1,High Recency • High Frequency
16828,2011-09-07 15:10:00,93.0,2.0,128.5,0.0,0.0,8.0,0.0,1,High Recency • High Frequency
16829,2011-07-06 10:48:00,157.0,2.0,513.32,0.0,0.0,25.0,0.0,1,High Recency • High Frequency
16830,2011-11-01 11:35:00,39.0,4.0,1207.5,0.25,0.0,65.0,0.2,5,High Returns
16831,2010-05-24 09:08:00,565.0,1.0,91.8,0.0,0.0,6.0,0.0,1,High Recency • High Frequency
16832,2011-06-08 15:36:00,184.0,5.0,417.61,0.0,0.0,19.0,0.0,1,High Recency • High Frequency
16833,2011-12-08 14:39:00,1.0,6.0,2409.04,0.3333333333333333,0.0,87.0,0.0,1,High Recency • High Frequency
16834,2011-04-26 09:37:00,228.0,2.0,898.96,0.0,0.0,43.0,0.0,1,High Recency • High Frequency
16835,2011-08-03 13:50:00,128.0,6.0,1538.41,0.0,0.0,58.0,0.4,5,High Returns
16836,2011-10-31 10:05:00,40.0,4.0,782.37,0.0,0.0,42.0,0.0,1,High Recency • High Frequency
16837,2011-11-08 14:27:00,31.0,11.0,3170.98,0.0,0.0,123.0,0.0833333333333333,1,High Recency • High Frequency
16838,2011-05-26 13:13:00,197.0,4.0,1159.61,0.5,0.0,53.0,0.3333333333333333,5,High Returns
16839,2011-12-01 09:03:00,9.0,44.0,22310.49,0.0681818181818181,0.0,132.0,0.1372549019607843,3,Diverse Basket • Frequent
16840,2010-04-15 15:48:00,603.0,2.0,139.85,0.0,0.0,9.0,0.3333333333333333,5,High Returns
16841,2011-11-03 11:51:00,37.0,12.0,4006.06,0.0833333333333333,0.0,187.0,0.1428571428571428,3,Diverse Basket • Frequent
16842,2011-08-31 10:42:00,101.0,3.0,1264.19,0.0,0.0,45.0,0.25,5,High Returns
16843,2011-10-28 09:06:00,43.0,35.0,19571.43,0.1428571428571428,0.0,317.0,0.0789473684210526,3,Diverse Basket • Frequent
16844,2010-05-26 10:29:00,563.0,2.0,614.34,0.0,0.0,26.0,0.0,1,High Recency • High Frequency
16845,2010-03-31 13:09:00,618.0,1.0,253.88,0.0,0.0,20.0,0.0,1,High Recency • High Frequency
16846,2011-10-20 13:55:00,50.0,3.0,842.4100000000001,0.0,0.0,47.0,0.0,1,High Recency • High Frequency
16847,2011-10-27 13:29:00,43.0,2.0,614.8900000000001,0.0,0.0,37.0,0.0,1,High Recency • High Frequency
16848,2011-10-18 08:42:00,53.0,4.0,1411.62,0.75,0.0,75.0,0.0,4,Weekend Shoppers
16849,2011-06-06 09:16:00,187.0,1.0,124.57,0.0,0.0,8.0,0.0,1,High Recency • High Frequency
16850,2011-01-10 11:09:00,334.0,1.0,332.41,0.0,0.0,19.0,0.0,1,High Recency • High Frequency
16851,2011-12-05 13:32:00,4.0,3.0,342.45000000000005,0.0,0.0,17.0,0.0,1,High Recency • High Frequency
16852,2011-11-29 13:22:00,10.0,2.0,144.91,0.0,0.0,9.0,0.0,1,High Recency • High Frequency
16854,2010-10-18 16:31:00,417.0,2.0,1408.96,0.0,0.0,72.0,0.0,1,High Recency • High Frequency
16855,2011-11-16 12:03:00,24.0,2.0,328.4,0.0,0.0,19.0,0.0,1,High Recency • High Frequency
16856,2011-11-25 08:59:00,15.0,3.0,358.49,0.0,0.0,16.0,0.0,1,High Recency • High Frequency
16857,2010-09-23 10:49:00,443.0,1.0,352.8,0.0,0.0,11.0,0.0,1,High Recency • High Frequency
16858,2010-12-06 09:52:00,369.0,10.0,4668.28,0.2,0.0,75.0,0.375,5,High Returns
16859,2011-07-18 12:19:00,145.0,7.0,1932.41,0.0,0.0,87.0,0.3,5,High Returns
16860,2010-09-13 10:05:00,453.0,3.0,1610.62,0.0,0.0,35.0,0.25,5,High Returns
16861,2011-10-11 09:05:00,60.0,5.0,946.59,0.2,0.0,39.0,0.1666666666666666,1,High Recency • High Frequency
16862,2010-06-10 13:05:00,547.0,4.0,662.33,0.0,0.0,34.0,0.0,1,High Recency • High Frequency
16863,2011-11-08 15:26:00,31.0,3.0,998.52,0.0,0.0,43.0,0.4,5,High Returns
16864,2010-10-01 16:16:00,434.0,2.0,409.25,0.0,0.0,17.0,0.0,1,High Recency • High Frequency
16865,2010-11-03 11:34:00,402.0,1.0,130.95,0.0,0.0,15.0,0.0,1,High Recency • High Frequency
16866,2011-07-22 10:06:00,141.0,3.0,207.74,0.3333333333333333,0.0,10.0,0.0,1,High Recency • High Frequency
16867,2010-01-19 09:11:00,690.0,1.0,76.74000000000001,0.0,0.0,6.0,0.0,1,High Recency • High Frequency
16868,2010-11-10 13:17:00,394.0,3.0,393.39,0.6666666666666666,0.0,47.0,0.0,4,Weekend Shoppers
16869,2011-11-17 12:02:00,23.0,4.0,825.4200000000001,0.0,0.0,113.0,0.2,5,High Returns
16870,2010-08-27 13:53:00,469.0,1.0,450.16,0.0,0.0,28.0,0.0,1,High Recency • High Frequency
16871,2011-11-17 19:27:00,22.0,6.0,2812.34,0.1666666666666666,0.0,131.0,0.1428571428571428,3,Diverse Basket • Frequent
16872,2011-09-23 16:05:00,77.0,6.0,1213.13,0.1666666666666666,0.0,12.0,0.0,1,High Recency • High Frequency
16873,2011-12-05 12:05:00,5.0,12.0,14617.39,0.25,0.0,252.0,0.2941176470588235,3,Diverse Basket • Frequent
16874,2010-11-25 13:08:00,379.0,1.0,217.74,0.0,0.0,31.0,0.0,1,High Recency • High Frequency
16875,2011-10-03 13:39:00,67.0,11.0,4234.530000000001,0.0,0.0,161.0,0.45,5,High Returns
16876,2010-11-01 11:59:00,404.0,1.0,136.01,0.0,0.0,32.0,0.0,1,High Recency • High Frequency
16877,2011-11-27 13:47:00,12.0,6.0,853.72,1.0,0.0,111.0,0.0,4,Weekend Shoppers
16878,2011-09-16 17:39:00,84.0,1.0,13.3,0.0,0.0,3.0,0.5,5,High Returns
16880,2011-11-09 11:33:00,31.0,8.0,1840.86,0.375,0.0,130.0,0.0,1,High Recency • High Frequency
16881,2011-10-04 10:33:00,67.0,1.0,432.0,0.0,0.0,1.0,0.0,1,High Recency • High Frequency
16882,2011-10-04 10:42:00,67.0,3.0,705.12,0.0,0.0,39.0,0.0,1,High Recency • High Frequency
16883,2011-06-05 12:51:00,187.0,19.0,2396.59,0.2105263157894736,0.0,159.0,0.05,3,Diverse Basket • Frequent
16884,2011-11-02 11:52:00,38.0,4.0,1073.92,0.0,0.0,64.0,0.0,1,High Recency • High Frequency
16885,2011-11-24 13:40:00,15.0,4.0,710.74,0.0,0.0,121.0,0.0,1,High Recency • High Frequency
16886,2010-09-09 15:08:00,456.0,1.0,134.0,0.0,0.0,8.0,0.5,5,High Returns
16887,2011-11-04 14:07:00,35.0,3.0,660.72,0.0,0.0,94.0,0.0,1,High Recency • High Frequency
16888,2010-11-04 12:39:00,401.0,3.0,437.15,0.0,0.0,44.0,0.0,1,High Recency • High Frequency
16889,2011-05-29 11:05:00,195.0,6.0,2530.9,0.8333333333333334,0.0,163.0,0.0,4,Weekend Shoppers
16890,2010-08-20 11:23:00,477.0,3.0,285.41,0.0,0.0,17.0,0.0,1,High Recency • High Frequency
16891,2011-12-08 11:15:00,2.0,11.0,2056.82,0.0,0.0,335.0,0.0,3,Diverse Basket • Frequent
16892,2011-12-08 13:18:00,1.0,7.0,762.1,0.0,0.0,119.0,0.2222222222222222,5,High Returns
16893,2010-12-08 12:06:00,367.0,2.0,401.77,0.5,0.0,80.0,0.0,4,Weekend Shoppers
16894,2010-07-25 15:43:00,502.0,3.0,1324.0600000000002,0.3333333333333333,0.0,186.0,0.4,5,High Returns
16895,2011-10-06 12:15:00,65.0,5.0,1121.42,0.0,0.0,135.0,0.0,1,High Recency • High Frequency
16896,2010-06-02 15:40:00,555.0,1.0,103.95,0.0,0.0,18.0,0.0,1,High Recency • High Frequency
16897,2011-02-13 15:02:00,299.0,2.0,289.78,1.0,0.0,37.0,0.3333333333333333,4,Weekend Shoppers
16898,2011-11-13 15:44:00,26.0,5.0,1016.37,0.2,0.0,223.0,0.1666666666666666,3,Diverse Basket • Frequent
16899,2011-12-02 12:03:00,8.0,8.0,1721.02,0.375,0.0,101.0,0.0,1,High Recency • High Frequency
16900,2011-11-23 10:32:00,17.0,3.0,887.11,0.3333333333333333,0.0,78.0,0.4,5,High Returns
16901,2009-12-10 16:30:00,729.0,1.0,204.26,0.0,0.0,23.0,0.0,1,High Recency • High Frequency
16902,2011-08-15 14:17:00,116.0,1.0,1706.88,0.0,0.0,43.0,0.0,1,High Recency • High Frequency
16903,2011-11-10 15:32:00,29.0,3.0,1062.28,0.0,0.0,148.0,0.25,5,High Returns
16904,2011-12-05 13:10:00,4.0,21.0,5132.37,0.0952380952380952,0.0,484.0,0.0,3,Diverse Basket • Frequent
16905,2011-12-04 14:01:00,5.0,17.0,5034.15,0.2941176470588235,0.0588235294117647,171.0,0.15,3,Diverse Basket • Frequent
16906,2011-09-19 11:49:00,82.0,7.0,1448.8,0.0,0.0,180.0,0.0,1,High Recency • High Frequency
16907,2011-11-10 18:04:00,29.0,9.0,1707.9,0.0,0.0,109.0,0.0,1,High Recency • High Frequency
16908,2009-12-17 13:35:00,722.0,1.0,252.59,0.0,0.0,20.0,0.5,5,High Returns
16909,2011-09-28 16:45:00,72.0,1.0,379.14,0.0,0.0,18.0,0.5,5,High Returns
16910,2011-12-05 12:51:00,4.0,8.0,1510.06,0.0,0.0,318.0,0.0,3,Diverse Basket • Frequent
16911,2010-03-14 12:18:00,636.0,2.0,255.25000000000003,0.5,0.0,30.0,0.3333333333333333,4,Weekend Shoppers
16912,2011-11-11 12:18:00,29.0,15.0,4480.31,0.0666666666666666,0.0,130.0,0.1666666666666666,3,Diverse Basket • Frequent
16913,2011-02-22 12:56:00,290.0,3.0,423.91,0.0,0.0,18.0,0.0,1,High Recency • High Frequency
16914,2011-11-03 15:27:00,36.0,1.0,208.46,0.0,0.0,25.0,0.0,1,High Recency • High Frequency
16915,2011-11-30 16:39:00,9.0,11.0,1543.18,0.0,0.0,54.0,0.0,1,High Recency • High Frequency
16916,2011-11-16 12:08:00,24.0,4.0,1123.4,0.0,0.0,180.0,0.0,1,High Recency • High Frequency
16917,2011-03-08 11:55:00,277.0,2.0,1857.83,0.0,0.0,45.0,0.3333333333333333,5,High Returns
16918,2011-10-21 12:50:00,50.0,16.0,3213.29,0.0625,0.0,280.0,0.1578947368421052,3,Diverse Basket • Frequent
16919,2011-07-06 13:35:00,156.0,24.0,5125.91,0.0,0.0,230.0,0.1428571428571428,3,Diverse Basket • Frequent
16920,2010-10-24 14:07:00,411.0,1.0,355.45,1.0,0.0,23.0,0.0,4,Weekend Shoppers
16921,2011-10-09 16:22:00,61.0,3.0,446.67,0.6666666666666666,0.0,78.0,0.0,4,Weekend Shoppers
16922,2010-05-16 11:24:00,573.0,1.0,611.08,1.0,0.0,122.0,0.0,4,Weekend Shoppers
16923,2011-11-27 13:00:00,12.0,32.0,13378.36,0.78125,0.0,431.0,0.2195121951219512,3,Diverse Basket • Frequent
16924,2011-11-18 12:53:00,21.0,3.0,846.75,0.0,0.0,69.0,0.25,5,High Returns
16925,2010-06-17 15:03:00,540.0,1.0,125.65,0.0,0.0,18.0,0.0,1,High Recency • High Frequency
16926,2010-12-03 13:42:00,371.0,5.0,1421.35,0.0,0.0,63.0,0.1666666666666666,1,High Recency • High Frequency
16927,2011-08-16 11:10:00,116.0,3.0,543.05,0.0,0.0,5.0,0.0,1,High Recency • High Frequency
16928,2011-09-20 15:10:00,80.0,29.0,4113.23,0.1724137931034483,0.0,135.0,0.1212121212121212,3,Diverse Basket • Frequent
16929,2011-12-06 08:37:00,4.0,7.0,1295.39,0.0,0.0,51.0,0.0,1,High Recency • High Frequency
16930,2011-11-13 16:13:00,26.0,3.0,380.55,1.0,0.0,47.0,0.0,4,Weekend Shoppers
16931,2011-12-04 13:15:00,5.0,23.0,5233.62,0.8695652173913043,0.0,466.0,0.0,3,Diverse Basket • Frequent
16932,2011-10-17 14:12:00,53.0,3.0,440.71,0.0,0.0,116.0,0.0,1,High Recency • High Frequency
16933,2011-12-08 12:54:00,1.0,9.0,3181.25,0.0,0.0,213.0,0.4375,5,High Returns
16934,2011-10-16 12:40:00,55.0,6.0,2110.99,0.8333333333333334,0.0,128.0,0.1428571428571428,4,Weekend Shoppers
16935,2010-11-23 09:16:00,382.0,3.0,535.1,0.0,0.0,55.0,0.0,1,High Recency • High Frequency
16936,2011-11-14 11:04:00,26.0,2.0,551.1700000000001,0.0,0.0,122.0,0.0,1,High Recency • High Frequency
16937,2010-07-28 17:56:00,499.0,1.0,202.1,0.0,0.0,49.0,0.0,1,High Recency • High Frequency
16938,2011-12-01 10:20:00,9.0,9.0,7043.18,0.1111111111111111,0.0,547.0,0.1,3,Diverse Basket • Frequent
16939,2010-08-08 12:24:00,489.0,3.0,449.0,1.0,0.0,38.0,0.0,4,Weekend Shoppers
16940,2011-10-18 13:15:00,52.0,8.0,6427.66,0.0,0.0,360.0,0.2727272727272727,3,Diverse Basket • Frequent
16941,2010-04-07 11:13:00,612.0,1.0,33.0,0.0,0.0,2.0,0.0,1,High Recency • High Frequency
16942,2011-11-27 12:40:00,13.0,9.0,1920.59,0.2222222222222222,0.0,159.0,0.1,3,Diverse Basket • Frequent
16943,2011-05-12 11:57:00,212.0,5.0,1299.49,0.0,0.0,24.0,0.2857142857142857,5,High Returns
16944,2010-04-09 11:03:00,610.0,1.0,101.36,0.0,0.0,7.0,0.0,1,High Recency • High Frequency
16945,2011-11-18 11:39:00,22.0,33.0,8548.16,0.1212121212121212,0.0,231.0,0.0571428571428571,3,Diverse Basket • Frequent
16946,2010-11-21 14:06:00,383.0,5.0,1222.04,0.2,0.0,69.0,0.1666666666666666,1,High Recency • High Frequency
16947,2011-04-18 09:38:00,236.0,5.0,955.21,0.0,0.0,50.0,0.5,5,High Returns
16948,2011-07-24 12:46:00,139.0,7.0,868.77,0.2857142857142857,0.0,20.0,0.0,1,High Recency • High Frequency
16949,2011-12-06 11:07:00,4.0,6.0,1286.27,0.1666666666666666,0.0,57.0,0.1428571428571428,1,High Recency • High Frequency
16950,2011-10-14 09:06:00,57.0,10.0,3784.37,0.6,0.0,111.0,0.1666666666666666,4,Weekend Shoppers
16951,2011-07-28 12:05:00,135.0,3.0,1277.75,0.0,0.0,73.0,0.25,5,High Returns
16952,2011-08-22 13:03:00,109.0,5.0,798.78,0.0,0.0,76.0,0.0,1,High Recency • High Frequency
16953,2011-11-09 15:54:00,30.0,1.0,20.8,0.0,0.0,1.0,0.0,1,High Recency • High Frequency
16954,2011-12-09 09:46:00,1.0,20.0,6081.88,0.15,0.0,83.0,0.0476190476190476,3,Diverse Basket • Frequent
16955,2011-06-08 10:36:00,185.0,6.0,1309.41,0.1666666666666666,0.0,33.0,0.3333333333333333,5,High Returns
16956,2011-11-22 08:56:00,18.0,1.0,308.74,0.0,0.0,16.0,0.5,5,High Returns
16957,2011-04-14 13:56:00,239.0,2.0,416.64,0.0,0.0,15.0,0.0,1,High Recency • High Frequency
16958,2010-09-30 14:25:00,435.0,1.0,809.44,0.0,0.0,69.0,0.0,1,High Recency • High Frequency
16959,2011-09-13 15:03:00,87.0,1.0,117.35,0.0,0.0,7.0,0.0,1,High Recency • High Frequency
16960,2011-11-01 11:35:00,39.0,8.0,2043.43,0.125,0.0,334.0,0.1111111111111111,3,Diverse Basket • Frequent
16961,2011-08-15 13:46:00,116.0,3.0,794.56,0.0,0.0,52.0,0.5,5,High Returns
16962,2010-10-26 11:36:00,410.0,1.0,251.04,0.0,0.0,15.0,0.0,1,High Recency • High Frequency
16963,2011-06-05 13:48:00,187.0,1.0,110.55,1.0,0.0,7.0,0.0,4,Weekend Shoppers
16964,2009-12-06 12:53:00,733.0,2.0,207.85,1.0,0.0,6.0,0.0,4,Weekend Shoppers
16965,2011-04-27 12:08:00,227.0,1.0,201.19,0.0,0.0,26.0,0.0,1,High Recency • High Frequency
16966,2011-12-01 13:40:00,8.0,7.0,2154.97,0.0,0.0,8.0,0.3,5,High Returns
16967,2011-06-03 14:24:00,189.0,1.0,319.02,0.0,0.0,21.0,0.0,1,High Recency • High Frequency
16968,2011-12-05 15:02:00,4.0,2.0,439.43,0.0,0.0,31.0,0.0,1,High Recency • High Frequency
16969,2011-10-31 13:12:00,39.0,3.0,650.41,0.0,0.0,42.0,0.0,1,High Recency • High Frequency
16970,2010-03-23 13:50:00,626.0,1.0,71.4,0.0,0.0,2.0,0.0,1,High Recency • High Frequency
16971,2011-11-01 15:06:00,38.0,1.0,357.21,0.0,0.0,40.0,0.5,5,High Returns
16972,2010-11-22 10:59:00,383.0,2.0,786.25,0.0,0.0,54.0,0.0,1,High Recency • High Frequency
16973,2010-11-18 13:56:00,386.0,1.0,127.0,0.0,0.0,6.0,0.0,1,High Recency • High Frequency
16974,2010-07-05 10:18:00,523.0,2.0,365.5,0.0,0.0,5.0,0.0,1,High Recency • High Frequency
16975,2010-10-12 17:53:00,423.0,3.0,926.12,0.0,0.0,44.0,0.4,5,High Returns
16976,2011-03-17 16:33:00,267.0,1.0,251.52,0.0,0.0,2.0,0.0,1,High Recency • High Frequency
16977,2010-11-09 13:17:00,395.0,4.0,496.0,0.5,0.0,25.0,0.0,4,Weekend Shoppers
16978,2011-09-23 12:50:00,78.0,3.0,768.88,0.0,0.0,65.0,0.0,1,High Recency • High Frequency
16979,2011-12-06 12:21:00,4.0,9.0,2859.74,0.2222222222222222,0.0,82.0,0.25,5,High Returns
16980,2011-03-29 16:36:00,255.0,3.0,1473.33,0.0,0.0,91.0,0.0,1,High Recency • High Frequency
16982,2011-10-10 12:28:00,61.0,1.0,384.06,0.0,0.0,22.0,0.0,1,High Recency • High Frequency
16983,2011-11-27 12:10:00,13.0,11.0,3710.22,1.0,0.0,151.0,0.0833333333333333,4,Weekend Shoppers
16984,2011-09-12 13:43:00,88.0,9.0,10754.8,0.3333333333333333,0.0,669.0,0.5263157894736842,3,Diverse Basket • Frequent
16985,2011-11-22 13:33:00,17.0,23.0,10923.16,0.1304347826086956,0.0,130.0,0.1153846153846153,3,Diverse Basket • Frequent
16986,2011-11-10 11:55:00,30.0,11.0,4888.75,0.0,0.0,65.0,0.0,1,High Recency • High Frequency
16987,2011-12-06 17:26:00,3.0,11.0,2535.9,0.2727272727272727,0.0,155.0,0.0833333333333333,3,Diverse Basket • Frequent
16988,2011-12-04 16:02:00,5.0,2.0,382.67,0.5,0.0,20.0,0.0,4,Weekend Shoppers
16989,2011-12-02 16:39:00,7.0,6.0,1133.25,0.0,0.0,7.0,0.0,1,High Recency • High Frequency
16990,2011-05-05 08:30:00,219.0,2.0,344.0,0.0,0.0,1.0,0.0,1,High Recency • High Frequency
16991,2010-10-14 14:08:00,421.0,1.0,1041.21,0.0,0.0,74.0,0.0,1,High Recency • High Frequency
16992,2011-11-29 11:50:00,11.0,13.0,5476.5,0.0,0.0,212.0,0.1333333333333333,3,Diverse Basket • Frequent
16993,2010-09-02 12:16:00,464.0,2.0,1950.95,0.0,0.0,19.0,0.3333333333333333,5,High Returns
16996,2011-11-09 16:43:00,30.0,9.0,2123.61,0.0,0.0,32.0,0.3076923076923077,5,High Returns
16997,2011-02-24 17:28:00,288.0,3.0,702.0,0.0,0.0,7.0,0.0,1,High Recency • High Frequency
16998,2011-07-13 09:44:00,150.0,5.0,402.0,0.0,0.0,2.0,0.2857142857142857,5,High Returns
16999,2011-11-16 13:53:00,23.0,2.0,484.8200000000001,0.0,0.0,21.0,0.0,1,High Recency • High Frequency
17000,2010-11-08 13:35:00,396.0,2.0,406.3,0.0,0.0,26.0,0.0,1,High Recency • High Frequency
17001,2011-12-09 09:38:00,1.0,19.0,6640.8,0.2105263157894736,0.0,108.0,0.0,3,Diverse Basket • Frequent
17002,2011-09-15 12:40:00,86.0,7.0,2571.55,0.1428571428571428,0.0,64.0,0.125,1,High Recency • High Frequency
17003,2010-11-02 13:15:00,402.0,4.0,830.16,0.0,0.0,90.0,0.0,1,High Recency • High Frequency
17004,2011-10-24 14:25:00,46.0,4.0,2425.16,0.0,0.0,48.0,0.0,1,High Recency • High Frequency
17005,2010-08-26 10:57:00,471.0,2.0,742.36,0.0,0.0,14.0,0.3333333333333333,5,High Returns
17006,2011-12-05 12:09:00,5.0,8.0,1636.3200000000002,0.25,0.0,103.0,0.0,1,High Recency • High Frequency
17007,2011-10-20 10:47:00,51.0,7.0,1120.1,0.1428571428571428,0.0,63.0,0.125,1,High Recency • High Frequency
17008,2010-10-06 15:19:00,429.0,1.0,81.36,0.0,0.0,1.0,0.0,1,High Recency • High Frequency
17009,2010-06-06 16:01:00,551.0,1.0,242.06,1.0,0.0,10.0,0.0,4,Weekend Shoppers
17010,2011-11-21 14:49:00,18.0,1.0,195.36,0.0,0.0,11.0,0.5,5,High Returns
17011,2011-11-09 13:30:00,30.0,3.0,671.6999999999999,0.0,0.0,27.0,0.25,5,High Returns
17012,2009-12-14 17:34:00,725.0,1.0,384.16,0.0,0.0,34.0,0.0,1,High Recency • High Frequency
17014,2011-12-01 14:09:00,8.0,3.0,586.33,0.0,0.0,63.0,0.25,5,High Returns
17015,2011-11-11 10:45:00,29.0,3.0,1842.56,0.0,0.0,182.0,0.0,1,High Recency • High Frequency
17016,2010-05-12 12:32:00,577.0,1.0,552.4,0.0,0.0,41.0,0.0,1,High Recency • High Frequency
17017,2011-12-07 09:32:00,3.0,29.0,14110.61,0.0344827586206896,0.0,120.0,0.2926829268292683,3,Diverse Basket • Frequent
17018,2011-10-30 11:42:00,41.0,6.0,2287.7,0.3333333333333333,0.0,26.0,0.0,1,High Recency • High Frequency
17019,2011-11-28 13:06:00,11.0,11.0,4012.2,0.0,0.0,344.0,0.1538461538461538,3,Diverse Basket • Frequent
17020,2010-06-15 13:06:00,542.0,2.0,935.62,0.0,0.0,64.0,0.0,1,High Recency • High Frequency
17021,2010-09-23 20:01:00,442.0,6.0,1182.22,0.3333333333333333,0.5,35.0,0.0,0,Night Shoppers
17022,2011-11-08 17:09:00,31.0,2.0,260.0,0.5,0.0,16.0,0.0,4,Weekend Shoppers
17023,2010-10-18 15:37:00,417.0,3.0,800.1800000000001,0.0,0.0,48.0,0.0,1,High Recency • High Frequency
17024,2011-10-25 13:47:00,45.0,3.0,95.85,0.0,0.0,2.0,0.0,1,High Recency • High Frequency
17025,2011-10-10 09:06:00,61.0,5.0,1510.64,0.0,0.0,31.0,0.0,1,High Recency • High Frequency
17026,2011-06-07 14:28:00,185.0,3.0,208.98,0.3333333333333333,0.0,4.0,0.0,1,High Recency • High Frequency
17027,2011-09-22 12:24:00,79.0,9.0,1327.11,0.1111111111111111,0.0,126.0,0.1,1,High Recency • High Frequency
17028,2010-05-07 15:33:00,581.0,3.0,1593.83,0.0,0.0,85.0,0.0,1,High Recency • High Frequency
17029,2011-08-21 11:06:00,111.0,7.0,2137.3,0.4285714285714285,0.0,19.0,0.0,4,Weekend Shoppers
17030,2011-10-07 08:49:00,64.0,1.0,146.87,0.0,0.0,11.0,0.0,1,High Recency • High Frequency
17031,2011-11-28 10:23:00,12.0,6.0,2773.85,0.0,0.0,34.0,0.0,1,High Recency • High Frequency
17032,2010-06-10 12:16:00,548.0,8.0,3004.6,0.0,0.0,183.0,0.3846153846153846,5,High Returns
17033,2011-09-14 14:34:00,86.0,4.0,1332.79,0.25,0.0,33.0,0.0,1,High Recency • High Frequency
17034,2011-11-23 15:14:00,16.0,5.0,1283.92,0.0,0.0,49.0,0.2857142857142857,5,High Returns
17035,2011-04-08 11:23:00,246.0,4.0,613.59,0.0,0.0,29.0,0.2,1,High Recency • High Frequency
17036,2010-11-21 14:26:00,383.0,1.0,176.9,1.0,0.0,12.0,0.0,4,Weekend Shoppers
17037,2011-09-13 12:49:00,88.0,1.0,1267.32,0.0,0.0,75.0,0.5,5,High Returns
17038,2011-11-09 13:50:00,30.0,2.0,743.17,0.0,0.0,61.0,0.0,1,High Recency • High Frequency
17039,2010-04-14 12:56:00,604.0,1.0,1954.99,0.0,0.0,44.0,0.0,1,High Recency • High Frequency
17040,2011-07-25 10:19:00,138.0,2.0,463.25,0.0,0.0,15.0,0.0,1,High Recency • High Frequency
17041,2011-11-13 11:21:00,27.0,6.0,1686.28,0.6666666666666666,0.0,93.0,0.1428571428571428,4,Weekend Shoppers
17042,2011-12-07 12:26:00,3.0,5.0,1044.38,0.0,0.0,74.0,0.0,1,High Recency • High Frequency
17043,2011-11-07 15:33:00,32.0,8.0,2616.55,0.0,0.0,175.0,0.0,3,Diverse Basket • Frequent
17044,2011-11-14 14:28:00,25.0,12.0,11962.3,0.0,0.0,92.0,0.25,5,High Returns
17045,2011-08-18 17:09:00,113.0,5.0,827.6800000000001,0.2,0.0,44.0,0.0,1,High Recency • High Frequency
17046,2011-07-05 14:24:00,157.0,5.0,1906.07,0.0,0.0,76.0,0.0,1,High Recency • High Frequency
17047,2011-09-15 13:27:00,85.0,6.0,2289.23,0.0,0.0,114.0,0.0,1,High Recency • High Frequency
17048,2011-08-14 11:49:00,118.0,7.0,2071.6800000000003,0.1428571428571428,0.0,88.0,0.3636363636363636,5,High Returns
17049,2011-12-07 10:48:00,3.0,19.0,9947.48,0.0526315789473684,0.0,316.0,0.24,3,Diverse Basket • Frequent
17050,2011-09-04 13:48:00,96.0,11.0,4691.79,0.7272727272727273,0.0,193.0,0.0833333333333333,4,Weekend Shoppers
17051,2011-05-29 14:13:00,194.0,4.0,714.3900000000001,1.0,0.0,107.0,0.0,4,Weekend Shoppers
17052,2011-11-11 14:50:00,28.0,1.0,413.75,0.0,0.0,72.0,0.0,1,High Recency • High Frequency
17053,2011-08-01 10:23:00,131.0,1.0,498.48,0.0,0.0,13.0,0.5,5,High Returns
17054,2011-11-11 12:56:00,28.0,5.0,1356.33,0.0,0.0,64.0,0.1666666666666666,1,High Recency • High Frequency
17055,2010-09-20 12:21:00,446.0,1.0,239.55,0.0,0.0,24.0,0.0,1,High Recency • High Frequency
17056,2009-12-01 12:55:00,738.0,1.0,128.60000000000002,0.0,0.0,8.0,0.0,1,High Recency • High Frequency
17057,2010-04-22 19:21:00,596.0,1.0,294.74,0.0,0.0,48.0,0.0,1,High Recency • High Frequency
17058,2011-09-19 10:13:00,82.0,3.0,1179.89,0.0,0.0,51.0,0.0,1,High Recency • High Frequency
17059,2011-11-10 12:27:00,30.0,9.0,5602.53,0.2222222222222222,0.0,349.0,0.1,3,Diverse Basket • Frequent
17060,2011-03-18 13:27:00,266.0,1.0,234.24,0.0,0.0,5.0,0.0,1,High Recency • High Frequency
17061,2011-09-27 11:24:00,74.0,11.0,5232.2300000000005,0.0909090909090909,0.0,57.0,0.0833333333333333,1,High Recency • High Frequency
17062,2011-01-30 11:01:00,314.0,6.0,1208.22,0.6666666666666666,0.0,82.0,0.1428571428571428,4,Weekend Shoppers
17063,2011-11-18 16:19:00,21.0,13.0,3638.53,0.0769230769230769,0.0,150.0,0.4347826086956521,5,High Returns
17064,2011-10-12 10:18:00,59.0,3.0,859.3500000000001,0.3333333333333333,0.0,53.0,0.0,1,High Recency • High Frequency
17065,2010-03-12 11:41:00,638.0,2.0,194.7,0.0,0.0,6.0,0.3333333333333333,5,High Returns
17066,2009-12-13 13:24:00,726.0,1.0,228.34,1.0,0.0,17.0,0.0,4,Weekend Shoppers
17067,2009-12-15 08:39:00,725.0,3.0,454.54,0.0,0.0,8.0,0.0,1,High Recency • High Frequency
17068,2011-11-27 13:14:00,12.0,47.0,9161.08,0.1914893617021276,0.0,250.0,0.0408163265306122,3,Diverse Basket • Frequent
17069,2011-11-11 17:13:00,28.0,14.0,5794.28,0.0714285714285714,0.0,202.0,0.3333333333333333,3,Diverse Basket • Frequent
17070,2011-08-17 17:01:00,114.0,2.0,445.32,0.0,0.0,102.0,0.0,1,High Recency • High Frequency
17071,2011-11-11 16:31:00,28.0,13.0,3801.2,0.2307692307692307,0.0,141.0,0.35,5,High Returns
17072,2010-03-24 16:33:00,625.0,1.0,282.05,0.0,0.0,20.0,0.0,1,High Recency • High Frequency
17073,2011-11-22 11:47:00,18.0,4.0,1446.09,0.25,0.0,142.0,0.0,1,High Recency • High Frequency
17074,2010-05-26 12:04:00,563.0,1.0,203.05,0.0,0.0,4.0,0.0,1,High Recency • High Frequency
17075,2011-11-22 11:58:00,18.0,10.0,2241.73,0.0,0.0,153.0,0.0909090909090909,3,Diverse Basket • Frequent
17076,2011-11-03 17:53:00,36.0,6.0,1242.75,0.0,0.0,31.0,0.0,1,High Recency • High Frequency
17077,2010-05-10 16:36:00,578.0,1.0,306.0,0.0,0.0,1.0,0.0,1,High Recency • High Frequency
17078,2011-11-03 19:17:00,36.0,2.0,378.2,0.0,0.0,28.0,0.0,1,High Recency • High Frequency
17079,2011-09-22 15:34:00,78.0,1.0,118.8,0.0,0.0,2.0,0.0,1,High Recency • High Frequency
17080,2011-11-17 12:59:00,22.0,7.0,957.53,0.0,0.0,26.0,0.125,1,High Recency • High Frequency
17081,2011-11-14 12:56:00,25.0,6.0,964.39,0.1666666666666666,0.0,166.0,0.0,1,High Recency • High Frequency
17082,2011-11-06 15:17:00,33.0,6.0,4732.030000000001,0.1666666666666666,0.0,117.0,0.0,1,High Recency • High Frequency
17083,2011-08-22 15:43:00,109.0,9.0,4049.79,0.0,0.0,30.0,0.1818181818181818,1,High Recency • High Frequency
17084,2011-11-04 14:54:00,35.0,3.0,5202.969999999999,0.0,0.0,263.0,0.25,3,Diverse Basket • Frequent
17085,2011-08-08 14:15:00,123.0,28.0,7891.41,0.75,0.0,411.0,0.125,3,Diverse Basket • Frequent
17086,2011-12-02 13:54:00,7.0,6.0,2050.08,0.0,0.0,76.0,0.0,1,High Recency • High Frequency
17087,2009-12-02 10:41:00,738.0,1.0,221.53,0.0,0.0,12.0,0.0,1,High Recency • High Frequency
17088,2011-11-11 14:23:00,28.0,4.0,1991.01,0.0,0.0,96.0,0.0,1,High Recency • High Frequency
17089,2010-11-18 15:33:00,386.0,1.0,128.45,0.0,0.0,4.0,0.0,1,High Recency • High Frequency
17090,2011-12-05 13:44:00,4.0,13.0,3149.48,0.0,0.0,54.0,0.1333333333333333,1,High Recency • High Frequency
17091,2011-12-07 10:43:00,3.0,19.0,7811.1,0.0,0.0,242.0,0.1739130434782608,3,Diverse Basket • Frequent
17092,2011-10-20 19:51:00,50.0,11.0,5594.96,0.0,0.0,273.0,0.2142857142857142,3,Diverse Basket • Frequent
17093,2010-04-26 10:22:00,593.0,1.0,235.88,0.0,0.0,13.0,0.0,1,High Recency • High Frequency
17094,2011-01-21 13:09:00,322.0,2.0,402.2,0.0,0.0,18.0,0.3333333333333333,5,High Returns
17095,2011-11-17 12:21:00,23.0,7.0,2572.25,0.4285714285714285,0.0,110.0,0.4166666666666667,5,High Returns
17096,2011-11-24 15:01:00,15.0,11.0,3759.18,0.2727272727272727,0.0,162.0,0.3529411764705882,3,Diverse Basket • Frequent
17097,2011-12-07 17:05:00,2.0,9.0,1340.45,0.1111111111111111,0.0,182.0,0.1,3,Diverse Basket • Frequent
17098,2010-11-23 12:13:00,382.0,3.0,591.07,0.0,0.0,10.0,0.0,1,High Recency • High Frequency
17099,2010-06-24 16:25:00,533.0,1.0,582.17,0.0,0.0,40.0,0.0,1,High Recency • High Frequency
17100,2011-11-21 16:36:00,18.0,2.0,971.74,0.0,0.0,65.0,0.0,1,High Recency • High Frequency
17101,2011-11-29 13:57:00,10.0,7.0,2507.05,0.0,0.0,54.0,0.0,1,High Recency • High Frequency
17102,2011-03-23 10:08:00,262.0,1.0,25.5,0.0,0.0,1.0,0.0,1,High Recency • High Frequency
17103,2009-12-17 14:08:00,722.0,1.0,424.3,0.0,0.0,32.0,0.0,1,High Recency • High Frequency
17104,2010-10-12 12:21:00,424.0,1.0,474.03,0.0,0.0,19.0,0.0,1,High Recency • High Frequency
17105,2011-07-03 15:53:00,159.0,2.0,665.78,1.0,0.0,80.0,0.0,4,Weekend Shoppers
17106,2010-11-15 14:11:00,389.0,1.0,491.23,0.0,0.0,51.0,0.0,1,High Recency • High Frequency
17107,2011-11-06 14:14:00,33.0,10.0,16075.42,0.8,0.0,377.0,0.2307692307692307,3,Diverse Basket • Frequent
17108,2010-02-14 12:22:00,664.0,1.0,174.95,1.0,0.0,9.0,0.0,4,Weekend Shoppers
17109,2011-11-10 16:59:00,29.0,8.0,1295.46,0.0,0.0,124.0,0.2,5,High Returns
17110,2011-06-27 12:58:00,165.0,3.0,510.7,0.0,0.0,38.0,0.0,1,High Recency • High Frequency
17111,2011-10-23 15:59:00,47.0,2.0,476.58,1.0,0.0,44.0,0.0,4,Weekend Shoppers
17112,2010-07-25 11:14:00,503.0,1.0,205.17,1.0,0.0,44.0,0.0,4,Weekend Shoppers
17113,2010-05-14 13:59:00,574.0,6.0,2322.59,0.3333333333333333,0.0,122.0,0.25,5,High Returns
17114,2011-12-04 12:17:00,6.0,8.0,808.62,0.75,0.0,85.0,0.2,4,Weekend Shoppers
17115,2011-12-01 14:30:00,8.0,7.0,2761.49,0.1428571428571428,0.0,102.0,0.4615384615384615,5,High Returns
17116,2010-03-01 16:29:00,648.0,1.0,389.78,0.0,0.0,47.0,0.0,1,High Recency • High Frequency
17117,2011-02-24 13:54:00,288.0,1.0,116.2,0.0,0.0,9.0,0.0,1,High Recency • High Frequency
17118,2011-01-26 12:19:00,318.0,1.0,157.02,0.0,0.0,10.0,0.0,1,High Recency • High Frequency
17119,2011-12-06 14:40:00,3.0,2.0,606.91,0.0,0.0,35.0,0.3333333333333333,5,High Returns
17120,2011-04-20 15:21:00,233.0,1.0,307.46,0.0,0.0,18.0,0.0,1,High Recency • High Frequency
17121,2010-11-02 11:47:00,403.0,1.0,314.74,0.0,0.0,12.0,0.0,1,High Recency • High Frequency
17122,2011-08-12 14:33:00,119.0,4.0,570.5,0.0,0.0,23.0,0.0,1,High Recency • High Frequency
17123,2011-07-01 10:47:00,162.0,3.0,977.17,0.6666666666666666,0.0,37.0,0.0,4,Weekend Shoppers
17124,2011-06-07 14:02:00,185.0,1.0,298.89,0.0,0.0,31.0,0.0,1,High Recency • High Frequency
17125,2011-10-20 14:41:00,50.0,1.0,259.35,0.0,0.0,34.0,0.0,1,High Recency • High Frequency
17126,2011-07-10 13:52:00,152.0,9.0,2070.44,0.6666666666666666,0.0,295.0,0.1818181818181818,4,Weekend Shoppers
17127,2010-10-07 09:54:00,429.0,5.0,1155.0300000000002,0.2,0.0,27.0,0.0,1,High Recency • High Frequency
17128,2011-01-09 12:02:00,335.0,1.0,157.09,1.0,0.0,14.0,0.0,4,Weekend Shoppers
17129,2010-07-07 13:46:00,520.0,1.0,31.85,0.0,0.0,2.0,0.0,1,High Recency • High Frequency
17131,2011-12-04 12:52:00,5.0,5.0,2463.17,1.0,0.0,78.0,0.0,4,Weekend Shoppers
17132,2010-09-13 16:31:00,452.0,2.0,1272.8,0.5,0.0,62.0,0.0,4,Weekend Shoppers
17133,2011-11-24 12:27:00,16.0,12.0,14622.33,0.3333333333333333,0.0,22.0,0.0769230769230769,1,High Recency • High Frequency
17134,2011-08-25 09:53:00,107.0,3.0,637.1,0.3333333333333333,0.0,31.0,0.0,1,High Recency • High Frequency
17135,2011-11-23 16:48:00,16.0,10.0,1954.16,0.2,0.0,98.0,0.0909090909090909,1,High Recency • High Frequency
17136,2010-02-15 13:13:00,662.0,1.0,231.68,0.0,0.0,14.0,0.0,1,High Recency • High Frequency
17137,2010-10-19 14:51:00,416.0,6.0,1133.63,0.5,0.0,125.0,0.0,4,Weekend Shoppers
17138,2011-03-09 11:54:00,276.0,7.0,4417.27,0.0,0.0,234.0,0.0,1,High Recency • High Frequency
17139,2011-11-24 10:12:00,16.0,25.0,19584.46,0.08,0.0,447.0,0.1379310344827586,3,Diverse Basket • Frequent
17140,2011-04-06 13:33:00,247.0,1.0,465.32,0.0,0.0,16.0,0.0,1,High Recency • High Frequency
17141,2010-10-17 14:54:00,418.0,4.0,754.33,1.0,0.0,138.0,0.0,4,Weekend Shoppers
17142,2011-04-14 18:22:00,239.0,4.0,1283.75,0.5,0.0,78.0,0.0,4,Weekend Shoppers
17143,2010-10-18 15:27:00,417.0,2.0,924.11,0.0,0.0,82.0,0.0,1,High Recency • High Frequency
17144,2011-12-08 17:57:00,1.0,2.0,984.57,0.0,0.0,42.0,0.0,1,High Recency • High Frequency
17145,2010-07-15 09:02:00,513.0,4.0,3120.91,0.0,0.0,168.0,0.4285714285714285,5,High Returns
17146,2011-08-26 12:44:00,106.0,13.0,5860.240000000001,0.0769230769230769,0.0,164.0,0.1875,3,Diverse Basket • Frequent
17147,2011-11-17 12:32:00,23.0,9.0,3199.95,0.0,0.0,99.0,0.4375,5,High Returns
17148,2011-10-19 09:59:00,52.0,1.0,124.88,0.0,0.0,9.0,0.0,1,High Recency • High Frequency
17149,2010-09-14 14:56:00,451.0,1.0,143.10000000000002,0.0,0.0,6.0,0.0,1,High Recency • High Frequency
17150,2010-11-28 11:27:00,377.0,6.0,1375.65,0.8333333333333334,0.0,64.0,0.0,4,Weekend Shoppers
17151,2009-12-04 14:56:00,735.0,1.0,231.90000000000003,0.0,0.0,4.0,0.0,1,High Recency • High Frequency
17152,2011-05-29 12:19:00,195.0,4.0,2016.5,0.75,0.0,9.0,0.2,4,Weekend Shoppers
17153,2011-11-15 13:42:00,24.0,1.0,213.78,0.0,0.0,14.0,0.0,1,High Recency • High Frequency
17154,2011-09-25 13:42:00,75.0,1.0,329.34,1.0,0.0,23.0,0.0,4,Weekend Shoppers
17155,2011-11-22 12:38:00,18.0,7.0,892.46,0.1428571428571428,0.0,43.0,0.0,1,High Recency • High Frequency
17156,2010-08-05 11:30:00,492.0,1.0,591.87,0.0,0.0,39.0,0.5,5,High Returns
17157,2011-12-02 09:10:00,8.0,19.0,5151.9,0.1578947368421052,0.0,78.0,0.05,3,Diverse Basket • Frequent
17158,2011-11-07 15:15:00,32.0,5.0,1980.0,0.2,0.0,74.0,0.1666666666666666,1,High Recency • High Frequency
17159,2011-11-18 10:52:00,22.0,5.0,2099.59,0.2,0.0,115.0,0.1666666666666666,1,High Recency • High Frequency
17160,2011-11-08 14:05:00,31.0,17.0,10209.16,0.1176470588235294,0.0,215.0,0.0555555555555555,3,Diverse Basket • Frequent
17161,2010-09-21 16:44:00,444.0,1.0,856.01,0.0,0.0,52.0,0.0,1,High Recency • High Frequency
17162,2011-11-11 11:34:00,29.0,10.0,1715.46,0.1,0.0,81.0,0.0909090909090909,1,High Recency • High Frequency
17163,2011-11-18 08:57:00,22.0,4.0,699.78,0.0,0.0,27.0,0.0,1,High Recency • High Frequency
17164,2011-11-07 09:14:00,33.0,7.0,2467.35,0.0,0.0,92.0,0.125,1,High Recency • High Frequency
17165,2011-02-28 16:39:00,284.0,6.0,1794.3200000000002,0.0,0.0,77.0,0.25,5,High Returns
17166,2011-11-01 09:46:00,39.0,2.0,206.34,0.0,0.0,11.0,0.3333333333333333,5,High Returns
17167,2010-11-25 10:05:00,380.0,3.0,867.11,0.0,0.0,64.0,0.0,1,High Recency • High Frequency
17168,2010-07-29 12:33:00,499.0,1.0,400.2,0.0,0.0,21.0,0.0,1,High Recency • High Frequency
17169,2011-10-13 10:25:00,58.0,3.0,1156.73,0.0,0.0,64.0,0.5,5,High Returns
17170,2010-11-30 15:55:00,374.0,2.0,178.68,0.0,0.0,8.0,0.3333333333333333,5,High Returns
17171,2011-02-23 16:37:00,289.0,2.0,384.59,0.0,0.0,25.0,0.0,1,High Recency • High Frequency
17172,2011-09-22 09:36:00,79.0,3.0,956.57,0.3333333333333333,0.0,39.0,0.5,5,High Returns
17173,2011-12-04 14:40:00,5.0,8.0,3766.6,0.25,0.0,36.0,0.1111111111111111,1,High Recency • High Frequency
17174,2011-05-06 11:47:00,218.0,1.0,59.9,0.0,0.0,4.0,0.0,1,High Recency • High Frequency
17175,2011-10-26 15:31:00,44.0,4.0,1443.69,0.25,0.0,42.0,0.2,5,High Returns
17176,2011-05-22 12:41:00,202.0,3.0,902.32,0.6666666666666666,0.0,37.0,0.0,4,Weekend Shoppers
17177,2010-07-22 14:53:00,505.0,1.0,119.5,0.0,0.0,29.0,0.0,1,High Recency • High Frequency
17178,2009-12-08 16:20:00,731.0,1.0,436.71,0.0,0.0,31.0,0.0,1,High Recency • High Frequency
17179,2011-06-14 16:48:00,178.0,6.0,1507.26,0.0,0.0,75.0,0.0,1,High Recency • High Frequency
17180,2011-10-14 15:46:00,56.0,11.0,2256.98,0.0,0.0,189.0,0.2142857142857142,3,Diverse Basket • Frequent
17181,2011-10-13 14:48:00,57.0,3.0,465.37,0.0,0.0,28.0,0.0,1,High Recency • High Frequency
17182,2010-10-13 10:09:00,423.0,2.0,321.3,0.0,0.0,4.0,0.0,1,High Recency • High Frequency
17183,2011-12-02 10:07:00,8.0,6.0,3347.3100000000004,0.3333333333333333,0.0,42.0,0.25,5,High Returns
17184,2010-05-19 14:24:00,569.0,2.0,198.41000000000005,0.0,0.0,14.0,0.0,1,High Recency • High Frequency
17185,2010-04-27 12:15:00,592.0,3.0,229.46,0.0,0.0,38.0,0.0,1,High Recency • High Frequency
17186,2011-10-24 10:20:00,47.0,2.0,144.0,0.0,0.0,1.0,0.0,1,High Recency • High Frequency
17187,2011-04-27 12:39:00,227.0,2.0,467.71,0.0,0.0,21.0,0.0,1,High Recency • High Frequency
17188,2011-11-28 13:53:00,11.0,13.0,4592.93,0.1538461538461538,0.0,136.0,0.2352941176470588,3,Diverse Basket • Frequent
17189,2011-08-25 19:39:00,106.0,5.0,957.63,0.0,0.2,101.0,0.0,1,High Recency • High Frequency
17190,2011-10-12 11:33:00,59.0,7.0,1743.04,0.0,0.0,160.0,0.125,3,Diverse Basket • Frequent
17191,2011-11-11 16:58:00,28.0,15.0,4836.05,0.0,0.0,269.0,0.0625,3,Diverse Basket • Frequent
17192,2010-06-21 16:07:00,536.0,1.0,77.83,0.0,0.0,20.0,0.0,1,High Recency • High Frequency
17193,2011-11-04 12:47:00,36.0,9.0,2310.04,0.0,0.0,28.0,0.25,5,High Returns
17194,2011-03-11 12:05:00,274.0,3.0,812.5,0.3333333333333333,0.0,57.0,0.0,1,High Recency • High Frequency
17195,2010-02-22 13:05:00,655.0,1.0,562.98,0.0,0.0,31.0,0.0,1,High Recency • High Frequency
17196,2010-10-08 11:31:00,428.0,1.0,352.9,0.0,0.0,84.0,0.0,1,High Recency • High Frequency
17197,2011-11-10 10:32:00,30.0,1.0,1013.01,0.0,0.0,29.0,0.0,1,High Recency • High Frequency
17198,2011-11-16 10:39:00,24.0,3.0,1213.88,0.0,0.0,89.0,0.0,1,High Recency • High Frequency
17199,2010-05-06 13:53:00,582.0,1.0,145.12,0.0,0.0,8.0,0.0,1,High Recency • High Frequency
17200,2010-11-17 13:04:00,387.0,4.0,356.71,0.0,0.0,25.0,0.0,1,High Recency • High Frequency
17201,2011-10-17 11:55:00,54.0,4.0,1242.04,0.25,0.0,154.0,0.2,3,Diverse Basket • Frequent
17202,2010-10-15 11:25:00,421.0,1.0,160.65,0.0,0.0,8.0,0.0,1,High Recency • High Frequency
17203,2011-11-04 12:27:00,36.0,10.0,5575.88,0.0,0.0,195.0,0.0,3,Diverse Basket • Frequent
17204,2011-06-17 14:46:00,175.0,9.0,5504.6900000000005,0.1111111111111111,0.0,110.0,0.4,5,High Returns
17205,2011-10-17 12:46:00,54.0,3.0,999.35,0.0,0.0,27.0,0.0,1,High Recency • High Frequency
17206,2011-10-17 13:25:00,53.0,1.0,204.24,0.0,0.0,7.0,0.0,1,High Recency • High Frequency
17207,2010-02-25 19:08:00,652.0,1.0,303.22,0.0,0.0,55.0,0.0,1,High Recency • High Frequency
17208,2010-11-09 12:50:00,396.0,1.0,115.35,0.0,0.0,21.0,0.0,1,High Recency • High Frequency
17209,2010-02-28 16:01:00,649.0,3.0,611.6,0.3333333333333333,0.0,36.0,0.0,1,High Recency • High Frequency
17210,2010-11-12 12:15:00,393.0,1.0,253.37,0.0,0.0,47.0,0.0,1,High Recency • High Frequency
17211,2011-11-13 12:03:00,27.0,13.0,4046.65,0.7692307692307693,0.0,217.0,0.1333333333333333,4,Weekend Shoppers
17212,2011-03-31 19:42:00,253.0,3.0,794.41,0.0,0.0,29.0,0.0,1,High Recency • High Frequency
17213,2011-10-30 14:53:00,40.0,13.0,5182.3,0.2307692307692307,0.0,130.0,0.35,5,High Returns
17214,2011-10-10 13:17:00,60.0,6.0,1069.12,0.1666666666666666,0.0,79.0,0.1428571428571428,1,High Recency • High Frequency
17215,2010-09-01 13:39:00,464.0,1.0,186.15,0.0,0.0,11.0,0.0,1,High Recency • High Frequency
17216,2010-06-03 13:03:00,554.0,1.0,65.05,0.0,0.0,13.0,0.0,1,High Recency • High Frequency
17217,2011-04-19 17:19:00,234.0,2.0,218.0,0.0,0.0,27.0,0.0,1,High Recency • High Frequency
17218,2011-12-05 13:52:00,4.0,18.0,4192.68,0.3333333333333333,0.0,248.0,0.0,3,Diverse Basket • Frequent
17219,2011-11-08 11:25:00,32.0,2.0,259.13,0.0,0.0,43.0,0.0,1,High Recency • High Frequency
17220,2011-11-15 13:47:00,24.0,21.0,4481.75,0.0,0.0,408.0,0.0,3,Diverse Basket • Frequent
17221,2011-12-02 13:35:00,7.0,5.0,978.52,0.4,0.0,115.0,0.0,1,High Recency • High Frequency
17222,2011-10-05 13:58:00,65.0,6.0,1605.01,0.1666666666666666,0.0,94.0,0.0,1,High Recency • High Frequency
17223,2011-02-02 15:57:00,310.0,3.0,873.53,0.0,0.0,62.0,0.0,1,High Recency • High Frequency
17224,2010-07-26 13:30:00,501.0,1.0,100.86,0.0,0.0,8.0,0.0,1,High Recency • High Frequency
17225,2010-05-07 11:38:00,582.0,1.0,131.15,0.0,0.0,5.0,0.0,1,High Recency • High Frequency
17226,2011-02-04 11:52:00,309.0,3.0,900.12,0.0,0.0,51.0,0.0,1,High Recency • High Frequency
17227,2011-11-21 10:51:00,19.0,12.0,2022.03,0.0,0.0,58.0,0.0,1,High Recency • High Frequency
17228,2011-11-24 10:24:00,16.0,13.0,3177.24,0.0769230769230769,0.0,199.0,0.0,3,Diverse Basket • Frequent
17229,2011-09-04 13:56:00,96.0,2.0,318.76,0.5,0.0,39.0,0.0,4,Weekend Shoppers
17230,2011-03-20 16:12:00,264.0,18.0,9924.95,0.1666666666666666,0.0,141.0,0.217391304347826,3,Diverse Basket • Frequent
17231,2011-11-27 15:18:00,12.0,25.0,7197.04,0.28,0.04,509.0,0.2857142857142857,3,Diverse Basket • Frequent
17232,2011-12-07 12:21:00,3.0,2.0,421.52,0.0,0.0,30.0,0.0,1,High Recency • High Frequency
17233,2011-11-04 14:06:00,35.0,3.0,560.86,0.0,0.0,56.0,0.0,1,High Recency • High Frequency
17234,2011-06-10 11:20:00,183.0,1.0,149.89,0.0,0.0,14.0,0.0,1,High Recency • High Frequency
17235,2011-11-14 15:51:00,25.0,8.0,1904.88,0.0,0.0,52.0,0.0,1,High Recency • High Frequency
17236,2011-11-27 12:00:00,13.0,12.0,1929.26,0.4166666666666667,0.0,123.0,0.0,3,Diverse Basket • Frequent
17237,2011-11-28 15:02:00,11.0,4.0,1002.08,0.0,0.0,76.0,0.0,1,High Recency • High Frequency
17238,2011-12-07 11:35:00,3.0,32.0,7783.1,0.0,0.0,486.0,0.0,3,Diverse Basket • Frequent
17239,2011-01-31 09:41:00,313.0,4.0,1189.45,0.25,0.0,18.0,0.3333333333333333,5,High Returns
17240,2010-04-22 15:44:00,596.0,1.0,130.6,0.0,0.0,7.0,0.0,1,High Recency • High Frequency
17241,2010-11-19 13:01:00,385.0,12.0,2744.1400000000003,0.0,0.0,116.0,0.0,1,High Recency • High Frequency
17242,2011-08-23 14:55:00,108.0,5.0,2889.28,0.4,0.0,44.0,0.0,1,High Recency • High Frequency
17243,2011-12-08 13:26:00,1.0,69.0,20889.86,0.5072463768115942,0.0,359.0,0.1375,3,Diverse Basket • Frequent
17244,2011-10-17 15:19:00,53.0,5.0,1826.04,0.8,0.0,109.0,0.0,4,Weekend Shoppers
17245,2011-05-19 10:43:00,205.0,2.0,371.63,0.0,0.0,24.0,0.0,1,High Recency • High Frequency
17246,2010-06-11 12:36:00,547.0,2.0,38.92,0.0,0.0,6.0,0.0,1,High Recency • High Frequency
17247,2011-11-24 15:21:00,15.0,1.0,282.19,0.0,0.0,53.0,0.0,1,High Recency • High Frequency
17248,2011-08-11 13:34:00,120.0,2.0,546.16,0.5,0.0,85.0,0.0,4,Weekend Shoppers
17249,2010-10-07 11:33:00,429.0,1.0,68.03,0.0,0.0,27.0,0.0,1,High Recency • High Frequency
17250,2011-12-06 12:15:00,4.0,2.0,384.52,0.0,0.0,55.0,0.0,1,High Recency • High Frequency
17251,2010-12-12 11:06:00,363.0,3.0,812.4300000000001,0.3333333333333333,0.0,65.0,0.25,5,High Returns
17252,2011-08-15 09:45:00,117.0,2.0,353.86,0.0,0.0,86.0,0.0,1,High Recency • High Frequency
17253,2011-11-21 12:59:00,18.0,1.0,178.26,0.0,0.0,18.0,0.0,1,High Recency • High Frequency
17254,2011-12-05 12:46:00,5.0,3.0,470.73,0.0,0.0,129.0,0.0,1,High Recency • High Frequency
17255,2011-10-30 12:18:00,41.0,4.0,799.13,1.0,0.0,163.0,0.0,4,Weekend Shoppers
17256,2011-08-24 13:30:00,107.0,5.0,498.93,0.6,0.0,20.0,0.0,4,Weekend Shoppers
17257,2010-09-29 12:51:00,436.0,2.0,192.73,0.0,0.0,14.0,0.0,1,High Recency • High Frequency
17258,2010-11-08 12:37:00,397.0,2.0,417.30000000000007,0.0,0.0,46.0,0.0,1,High Recency • High Frequency
17259,2011-07-14 15:01:00,148.0,6.0,1889.34,0.0,0.0,179.0,0.0,1,High Recency • High Frequency
17260,2010-10-24 13:21:00,411.0,1.0,120.95,1.0,0.0,6.0,0.0,4,Weekend Shoppers
17261,2010-07-18 11:49:00,510.0,1.0,230.44,1.0,0.0,43.0,0.0,4,Weekend Shoppers
17262,2011-10-18 12:56:00,52.0,11.0,2757.62,0.0,0.0,12.0,0.0,1,High Recency • High Frequency
17263,2011-05-15 14:32:00,208.0,1.0,63.440000000000005,1.0,0.0,23.0,0.0,4,Weekend Shoppers
17264,2010-10-11 12:52:00,424.0,1.0,279.59,0.0,0.0,70.0,0.0,1,High Recency • High Frequency
17265,2011-07-24 10:49:00,139.0,2.0,562.9000000000001,1.0,0.0,106.0,0.0,4,Weekend Shoppers
17266,2011-12-07 14:12:00,2.0,5.0,517.73,0.0,0.0,95.0,0.0,1,High Recency • High Frequency
17267,2011-08-04 17:22:00,127.0,2.0,317.62,0.0,0.0,37.0,0.0,1,High Recency • High Frequency
17268,2011-08-24 10:06:00,108.0,11.0,1733.89,0.0909090909090909,0.0,26.0,0.0,1,High Recency • High Frequency
17269,2010-11-19 11:12:00,386.0,1.0,537.46,0.0,0.0,110.0,0.0,1,High Recency • High Frequency
17270,2010-08-27 14:09:00,469.0,2.0,604.4,0.0,0.0,45.0,0.0,1,High Recency • High Frequency
17271,2009-12-03 13:49:00,736.0,1.0,210.39,0.0,0.0,46.0,0.0,1,High Recency • High Frequency
17272,2011-10-28 16:37:00,42.0,4.0,2148.63,0.0,0.0,70.0,0.2,5,High Returns
17273,2010-10-11 15:57:00,424.0,1.0,141.12,0.0,0.0,12.0,0.0,1,High Recency • High Frequency
17274,2011-11-04 13:16:00,35.0,2.0,577.38,0.0,0.0,76.0,0.0,1,High Recency • High Frequency
17275,2010-11-21 13:26:00,383.0,1.0,114.52,1.0,0.0,23.0,0.0,4,Weekend Shoppers
17276,2010-11-02 16:20:00,402.0,1.0,508.39,0.0,0.0,50.0,0.5,5,High Returns
17277,2011-04-26 12:47:00,228.0,2.0,1065.35,0.0,0.0,67.0,0.0,1,High Recency • High Frequency
17278,2011-04-12 13:10:00,241.0,2.0,271.24,0.5,0.0,17.0,0.0,4,Weekend Shoppers
17279,2011-10-13 11:58:00,58.0,1.0,187.83,0.0,0.0,8.0,0.0,1,High Recency • High Frequency
17280,2010-09-27 16:46:00,438.0,1.0,118.86,0.0,0.0,6.0,0.0,1,High Recency • High Frequency
17281,2010-11-30 18:05:00,374.0,6.0,797.8499999999999,0.0,0.0,2.0,0.0,1,High Recency • High Frequency
17282,2011-08-01 14:29:00,130.0,5.0,2339.66,0.4,0.0,168.0,0.0,1,High Recency • High Frequency
17283,2010-11-26 11:53:00,379.0,1.0,188.46,0.0,0.0,15.0,0.0,1,High Recency • High Frequency
17284,2011-10-10 14:38:00,60.0,8.0,2793.16,0.125,0.0,285.0,0.2727272727272727,3,Diverse Basket • Frequent
17285,2010-03-21 13:38:00,628.0,2.0,428.34,1.0,0.0,41.0,0.0,4,Weekend Shoppers
17286,2011-11-18 12:47:00,22.0,3.0,395.48,0.0,0.0,89.0,0.0,1,High Recency • High Frequency
17287,2011-11-13 13:27:00,26.0,21.0,4111.96,0.1904761904761904,0.0,279.0,0.0869565217391304,3,Diverse Basket • Frequent
17288,2011-11-30 16:09:00,9.0,11.0,2499.98,0.3636363636363636,0.0,233.0,0.0,3,Diverse Basket • Frequent
17289,2011-11-08 12:01:00,32.0,9.0,2079.39,0.4444444444444444,0.0,202.0,0.1818181818181818,3,Diverse Basket • Frequent
17290,2011-12-06 12:38:00,4.0,8.0,1501.44,0.125,0.0,184.0,0.0,3,Diverse Basket • Frequent
17291,2011-02-04 13:04:00,308.0,1.0,550.8000000000001,0.0,0.0,1.0,0.0,1,High Recency • High Frequency
17292,2010-08-24 17:14:00,472.0,2.0,271.75,0.5,0.0,14.0,0.0,4,Weekend Shoppers
17293,2011-12-01 14:37:00,8.0,17.0,3774.23,0.0,0.0,148.0,0.0,3,Diverse Basket • Frequent
17294,2010-02-08 16:12:00,669.0,2.0,467.79,0.0,0.0,17.0,0.0,1,High Recency • High Frequency
17295,2011-11-11 10:49:00,29.0,3.0,556.95,0.0,0.0,53.0,0.0,1,High Recency • High Frequency
17296,2009-12-09 14:01:00,730.0,1.0,338.13,0.0,0.0,32.0,0.0,1,High Recency • High Frequency
17297,2011-11-22 14:43:00,17.0,1.0,131.78,0.0,0.0,49.0,0.0,1,High Recency • High Frequency
17298,2011-08-30 16:43:00,101.0,5.0,957.56,0.2,0.0,61.0,0.1666666666666666,1,High Recency • High Frequency
17299,2011-11-28 12:01:00,12.0,6.0,1016.08,0.6666666666666666,0.0,96.0,0.0,4,Weekend Shoppers
17300,2010-11-14 10:56:00,391.0,2.0,393.64,1.0,0.0,37.0,0.0,4,Weekend Shoppers
17301,2011-11-18 13:43:00,21.0,2.0,330.43,0.0,0.0,107.0,0.0,1,High Recency • High Frequency
17302,2011-11-25 09:36:00,15.0,5.0,1135.63,0.2,0.0,68.0,0.1666666666666666,1,High Recency • High Frequency
17303,2010-12-13 13:32:00,361.0,1.0,250.04,0.0,0.0,53.0,0.0,1,High Recency • High Frequency
17304,2010-06-23 16:23:00,534.0,1.0,111.5,0.0,0.0,5.0,0.0,1,High Recency • High Frequency
17305,2010-03-01 12:47:00,649.0,1.0,2135.46,0.0,0.0,9.0,0.0,1,High Recency • High Frequency
17306,2011-11-29 12:14:00,11.0,21.0,9782.35,0.0,0.0,17.0,0.0869565217391304,1,High Recency • High Frequency
17307,2010-11-09 13:40:00,395.0,11.0,3999.89,0.0,0.0,22.0,0.2666666666666666,5,High Returns
17308,2010-11-11 13:19:00,393.0,2.0,4511.76,0.0,0.0,5.0,0.0,1,High Recency • High Frequency
17309,2011-09-05 15:20:00,95.0,3.0,330.59000000000003,0.0,0.0,33.0,0.0,1,High Recency • High Frequency
17310,2010-11-17 16:00:00,387.0,2.0,1025.1,0.0,0.0,1.0,0.0,1,High Recency • High Frequency
17311,2011-09-22 14:11:00,78.0,6.0,3566.56,0.0,0.0,124.0,0.1428571428571428,1,High Recency • High Frequency
17312,2011-07-24 11:52:00,139.0,3.0,644.3,0.6666666666666666,0.3333333333333333,11.0,0.0,4,Weekend Shoppers
17313,2011-11-08 15:45:00,31.0,1.0,2328.84,0.0,0.0,24.0,0.5,5,High Returns
17314,2011-11-15 09:41:00,25.0,17.0,4904.43,0.1176470588235294,0.0,200.0,0.2272727272727272,3,Diverse Basket • Frequent
17315,2011-12-08 12:15:00,2.0,43.0,9650.6,0.0697674418604651,0.0,385.0,0.1224489795918367,3,Diverse Basket • Frequent
17316,2010-10-15 14:35:00,420.0,1.0,124.45,0.0,0.0,35.0,0.0,1,High Recency • High Frequency
17317,2011-10-24 17:19:00,46.0,3.0,2600.34,0.3333333333333333,0.0,8.0,0.4,5,High Returns
17318,2009-12-14 13:11:00,725.0,1.0,164.28,0.0,0.0,17.0,0.0,1,High Recency • High Frequency
17319,2010-02-08 15:47:00,669.0,1.0,29.1,0.0,0.0,3.0,0.0,1,High Recency • High Frequency
17320,2011-08-31 13:31:00,100.0,6.0,2895.77,0.1666666666666666,0.0,86.0,0.0,1,High Recency • High Frequency
17321,2011-12-01 13:41:00,8.0,6.0,1741.18,0.0,0.0,241.0,0.0,3,Diverse Basket • Frequent
17322,2010-11-28 14:41:00,376.0,5.0,922.59,0.4,0.0,115.0,0.2857142857142857,5,High Returns
17323,2011-11-24 17:29:00,15.0,12.0,1565.59,0.5833333333333334,0.0,168.0,0.1428571428571428,4,Weekend Shoppers
17324,2011-11-22 10:34:00,18.0,12.0,2301.87,0.0,0.0,111.0,0.0769230769230769,1,High Recency • High Frequency
17325,2011-03-04 13:09:00,280.0,3.0,609.5699999999999,0.0,0.0,39.0,0.0,1,High Recency • High Frequency
17326,2010-10-27 15:38:00,408.0,2.0,321.95,0.0,0.0,82.0,0.0,1,High Recency • High Frequency
17327,2010-10-26 09:54:00,410.0,2.0,152.35,0.0,0.0,3.0,0.0,1,High Recency • High Frequency
17328,2010-02-04 17:11:00,673.0,1.0,104.7,0.0,0.0,6.0,0.0,1,High Recency • High Frequency
17329,2011-11-25 14:24:00,14.0,5.0,1004.43,0.0,0.0,80.0,0.0,1,High Recency • High Frequency
17330,2011-11-17 08:56:00,23.0,4.0,423.8,0.25,0.0,7.0,0.0,1,High Recency • High Frequency
17331,2011-08-08 11:55:00,124.0,1.0,175.2,0.0,0.0,1.0,0.0,1,High Recency • High Frequency
17332,2010-06-29 16:10:00,528.0,5.0,838.27,0.6,0.0,82.0,0.0,4,Weekend Shoppers
17333,2011-09-15 10:11:00,86.0,1.0,494.25,0.0,0.0,28.0,0.0,1,High Recency • High Frequency
17334,2011-02-10 14:59:00,302.0,3.0,635.15,0.0,0.0,20.0,0.25,5,High Returns
17335,2010-11-21 10:17:00,384.0,2.0,508.0,1.0,0.0,34.0,0.0,4,Weekend Shoppers
17336,2010-08-24 15:37:00,472.0,1.0,81.12,0.0,0.0,1.0,0.0,1,High Recency • High Frequency
17337,2011-07-11 14:55:00,151.0,4.0,2027.87,0.25,0.25,421.0,0.4285714285714285,3,Diverse Basket • Frequent
17338,2011-11-22 14:23:00,17.0,17.0,12142.57,0.0,0.0,590.0,0.15,3,Diverse Basket • Frequent
17339,2011-09-06 13:29:00,94.0,3.0,362.36,0.3333333333333333,0.0,10.0,0.25,5,High Returns
17340,2011-11-10 10:45:00,30.0,18.0,22404.82,0.1666666666666666,0.0,322.0,0.4,3,Diverse Basket • Frequent
17341,2011-07-06 12:33:00,157.0,5.0,1889.83,0.0,0.0,200.0,0.0,1,High Recency • High Frequency
17342,2010-11-25 11:07:00,380.0,4.0,1227.54,0.0,0.0,31.0,0.4285714285714285,5,High Returns
17343,2010-12-19 15:07:00,355.0,6.0,1259.94,0.6666666666666666,0.0,61.0,0.0,4,Weekend Shoppers
17344,2011-10-24 12:56:00,46.0,2.0,468.11,0.0,0.0,64.0,0.3333333333333333,5,High Returns
17345,2011-11-24 15:03:00,15.0,10.0,1604.68,0.0,0.0,174.0,0.1666666666666666,3,Diverse Basket • Frequent
17346,2011-12-06 12:18:00,4.0,26.0,5323.0,0.1538461538461538,0.0,517.0,0.037037037037037,3,Diverse Basket • Frequent
17347,2011-09-14 13:12:00,86.0,1.0,228.96,0.0,0.0,1.0,0.0,1,High Recency • High Frequency
17348,2011-11-25 11:25:00,15.0,9.0,2476.41,0.0,0.0,326.0,0.0,3,Diverse Basket • Frequent
17349,2011-06-13 14:29:00,179.0,5.0,852.25,0.0,0.0,74.0,0.0,1,High Recency • High Frequency
17350,2011-12-01 15:47:00,8.0,7.0,1906.041,0.0,0.0,124.0,0.125,1,High Recency • High Frequency
17351,2011-11-03 18:45:00,36.0,12.0,1988.23,0.0833333333333333,0.0,45.0,0.0,1,High Recency • High Frequency
17352,2010-01-12 16:13:00,696.0,1.0,36.25,0.0,0.0,5.0,0.0,1,High Recency • High Frequency
17353,2011-08-02 17:19:00,129.0,4.0,3242.0,0.0,0.0,7.0,0.4285714285714285,5,High Returns
17354,2011-10-20 10:34:00,51.0,4.0,3143.46,0.0,0.0,85.0,0.0,1,High Recency • High Frequency
17355,2010-11-18 13:18:00,386.0,1.0,285.11,0.0,0.0,28.0,0.0,1,High Recency • High Frequency
17356,2011-02-01 11:07:00,312.0,5.0,946.47,0.0,0.0,73.0,0.0,1,High Recency • High Frequency
17357,2011-11-15 16:30:00,24.0,2.0,388.14,0.0,0.0,41.0,0.0,1,High Recency • High Frequency
17358,2011-02-09 16:57:00,303.0,5.0,866.05,0.6,0.0,126.0,0.0,4,Weekend Shoppers
17359,2011-11-28 14:37:00,11.0,2.0,284.46,0.0,0.0,36.0,0.0,1,High Recency • High Frequency
17360,2011-11-22 13:11:00,17.0,6.0,1231.38,0.0,0.0,189.0,0.1428571428571428,3,Diverse Basket • Frequent
17361,2011-10-21 15:43:00,49.0,5.0,880.64,0.0,0.0,51.0,0.0,1,High Recency • High Frequency
17362,2011-04-14 14:43:00,239.0,7.0,1024.04,0.0,0.0,99.0,0.125,1,High Recency • High Frequency
17363,2010-11-09 17:11:00,395.0,3.0,940.86,0.0,0.0,34.0,0.0,1,High Recency • High Frequency
17364,2011-12-09 09:00:00,1.0,28.0,12070.42,0.0714285714285714,0.0,513.0,0.0967741935483871,3,Diverse Basket • Frequent
17365,2011-11-27 12:13:00,13.0,15.0,8224.98,0.1333333333333333,0.0,395.0,0.0625,3,Diverse Basket • Frequent
17366,2010-10-03 16:04:00,432.0,2.0,1096.24,0.5,0.0,120.0,0.3333333333333333,4,Weekend Shoppers
17367,2011-04-15 14:21:00,238.0,1.0,168.4,0.0,0.0,33.0,0.0,1,High Recency • High Frequency
17368,2011-11-16 15:26:00,23.0,14.0,2826.14,0.2142857142857142,0.0,195.0,0.125,3,Diverse Basket • Frequent
17369,2010-09-10 09:49:00,456.0,1.0,979.2,0.0,0.0,1.0,0.0,1,High Recency • High Frequency
17370,2011-09-28 10:14:00,73.0,4.0,446.18,0.0,0.0,31.0,0.0,1,High Recency • High Frequency
17371,2011-11-22 13:30:00,17.0,6.0,662.55,0.0,0.0,135.0,0.0,1,High Recency • High Frequency
17372,2011-10-30 11:37:00,41.0,28.0,4377.56,0.6428571428571429,0.0,412.0,0.0967741935483871,3,Diverse Basket • Frequent
17373,2011-10-30 15:28:00,40.0,7.0,1167.5,0.4285714285714285,0.0,65.0,0.0,4,Weekend Shoppers
17374,2011-05-05 09:05:00,219.0,3.0,727.11,0.0,0.0,34.0,0.25,5,High Returns
17375,2011-05-24 15:45:00,199.0,4.0,660.55,0.0,0.0,77.0,0.2,1,High Recency • High Frequency
17376,2011-09-30 12:36:00,71.0,4.0,453.64,0.25,0.0,41.0,0.0,1,High Recency • High Frequency
17377,2011-11-16 11:17:00,24.0,78.0,18319.41,0.1538461538461538,0.0,505.0,0.1428571428571428,3,Diverse Basket • Frequent
17378,2010-11-30 18:46:00,374.0,1.0,10.95,0.0,0.0,1.0,0.5,5,High Returns
17379,2011-11-28 13:56:00,11.0,1.0,404.66,0.0,0.0,71.0,0.0,1,High Recency • High Frequency
17380,2010-10-01 16:42:00,434.0,3.0,645.0,0.0,0.0,5.0,0.25,5,High Returns
17381,2011-12-01 11:59:00,9.0,38.0,40002.37,0.0526315789473684,0.0,50.0,0.0256410256410256,3,Diverse Basket • Frequent
17382,2011-10-05 13:05:00,65.0,8.0,902.28,0.0,0.0,16.0,0.0,1,High Recency • High Frequency
17383,2011-12-05 17:36:00,4.0,2.0,309.99,0.5,0.0,51.0,0.0,4,Weekend Shoppers
17384,2011-11-20 15:48:00,19.0,3.0,507.55,0.6666666666666666,0.0,15.0,0.0,4,Weekend Shoppers
17385,2011-11-25 11:02:00,15.0,1.0,261.11,0.0,0.0,42.0,0.0,1,High Recency • High Frequency
17386,2011-12-02 11:28:00,8.0,7.0,2812.7700000000004,0.0,0.0,32.0,0.0,1,High Recency • High Frequency
17387,2011-11-20 11:00:00,20.0,2.0,784.11,1.0,0.0,71.0,0.0,4,Weekend Shoppers
17388,2011-09-23 10:31:00,78.0,11.0,2691.57,0.0909090909090909,0.0,41.0,0.0,1,High Recency • High Frequency
17389,2011-12-09 09:38:00,1.0,61.0,57224.68,0.081967213114754,0.0,63.0,0.2077922077922078,3,Diverse Basket • Frequent
17390,2010-10-15 11:29:00,421.0,1.0,149.3,0.0,0.0,12.0,0.0,1,High Recency • High Frequency
17391,2011-06-29 09:58:00,164.0,2.0,508.8,0.0,0.0,2.0,0.0,1,High Recency • High Frequency
17392,2011-02-06 12:48:00,307.0,3.0,626.56,0.3333333333333333,0.0,66.0,0.0,1,High Recency • High Frequency
17393,2010-10-25 11:10:00,411.0,2.0,381.15,0.5,0.0,45.0,0.0,4,Weekend Shoppers
17394,2011-05-04 13:22:00,219.0,1.0,203.87,0.0,0.0,4.0,0.0,1,High Recency • High Frequency
17395,2010-07-19 15:34:00,508.0,1.0,97.5,0.0,0.0,3.0,0.0,1,High Recency • High Frequency
17396,2011-10-31 14:12:00,39.0,14.0,8807.1,0.0,0.0,29.0,0.125,1,High Recency • High Frequency
17397,2011-11-17 14:08:00,22.0,3.0,1233.1799999999998,0.0,0.0,132.0,0.0,1,High Recency • High Frequency
17398,2011-08-17 09:48:00,115.0,3.0,653.38,0.0,0.0,30.0,0.0,1,High Recency • High Frequency
17400,2011-08-05 15:38:00,126.0,8.0,4677.05,0.0,0.0,345.0,0.0,3,Diverse Basket • Frequent
17401,2010-06-16 16:54:00,541.0,1.0,114.85,0.0,0.0,11.0,0.0,1,High Recency • High Frequency
17402,2011-12-05 10:15:00,5.0,23.0,5096.18,0.1739130434782608,0.0,105.0,0.1153846153846153,3,Diverse Basket • Frequent
17403,2011-11-03 15:18:00,36.0,2.0,400.57,0.0,0.0,45.0,0.0,1,High Recency • High Frequency
17404,2011-12-05 16:26:00,4.0,23.0,47781.12,0.0434782608695652,0.0,126.0,0.1785714285714285,3,Diverse Basket • Frequent
17405,2011-12-08 17:12:00,1.0,3.0,1031.41,0.0,0.0,77.0,0.4,5,High Returns
17406,2011-01-10 15:07:00,333.0,13.0,4905.05,0.1538461538461538,0.0,155.0,0.2777777777777778,5,High Returns
17407,2010-10-24 11:57:00,412.0,1.0,552.9,1.0,0.0,23.0,0.0,4,Weekend Shoppers
17408,2011-06-29 12:53:00,163.0,3.0,316.09000000000003,0.0,0.0,7.0,0.25,5,High Returns
17409,2011-06-08 10:36:00,185.0,10.0,7793.51,0.0,0.0,50.0,0.0,1,High Recency • High Frequency
17410,2011-11-23 15:46:00,16.0,5.0,1214.72,0.4,0.0,57.0,0.0,1,High Recency • High Frequency
17411,2011-11-27 14:25:00,12.0,5.0,1425.38,0.4,0.0,69.0,0.4444444444444444,5,High Returns
17412,2011-12-07 11:36:00,3.0,16.0,4417.52,0.1875,0.0,161.0,0.1578947368421052,3,Diverse Basket • Frequent
17413,2010-10-31 12:33:00,405.0,2.0,560.14,0.5,0.0,10.0,0.0,4,Weekend Shoppers
17414,2011-10-27 12:13:00,44.0,6.0,2249.52,0.0,0.0,6.0,0.0,1,High Recency • High Frequency
17415,2011-09-21 12:50:00,80.0,1.0,507.84,0.0,0.0,14.0,0.0,1,High Recency • High Frequency
17416,2011-11-10 12:47:00,30.0,22.0,17298.45,0.0,0.0,324.0,0.12,3,Diverse Basket • Frequent
17417,2010-06-09 10:00:00,549.0,1.0,164.18,0.0,0.0,16.0,0.0,1,High Recency • High Frequency
17418,2011-10-28 13:00:00,42.0,3.0,670.0600000000001,0.0,0.0,40.0,0.0,1,High Recency • High Frequency
17419,2011-11-28 13:47:00,11.0,18.0,6500.52,0.0,0.0,203.0,0.1,3,Diverse Basket • Frequent
17420,2011-10-20 14:52:00,50.0,6.0,1084.43,0.1666666666666666,0.0,43.0,0.25,5,High Returns
17421,2010-11-18 16:57:00,386.0,3.0,1059.41,0.0,0.0,46.0,0.0,1,High Recency • High Frequency
17422,2011-11-23 13:27:00,16.0,11.0,3594.76,0.0909090909090909,0.0,149.0,0.45,5,High Returns
17423,2011-10-24 13:36:00,46.0,3.0,1118.95,0.0,0.0,39.0,0.4,5,High Returns
17425,2011-11-20 15:30:00,19.0,2.0,759.1700000000001,0.5,0.0,42.0,0.0,4,Weekend Shoppers
17426,2011-12-01 18:07:00,8.0,13.0,8077.77,0.0,0.0,248.0,0.2352941176470588,3,Diverse Basket • Frequent
17427,2011-09-29 11:29:00,72.0,1.0,100.8,0.0,0.0,2.0,0.0,1,High Recency • High Frequency
17428,2011-12-09 09:45:00,1.0,45.0,31819.76,0.0444444444444444,0.0,422.0,0.1176470588235294,3,Diverse Basket • Frequent
17429,2011-08-03 13:22:00,128.0,5.0,1357.46,0.0,0.0,80.0,0.2857142857142857,5,High Returns
17430,2011-11-07 09:24:00,33.0,4.0,735.17,0.0,0.0,30.0,0.0,1,High Recency • High Frequency
17431,2011-01-30 14:36:00,313.0,1.0,403.3,1.0,0.0,41.0,0.0,4,Weekend Shoppers
17432,2011-11-21 17:33:00,18.0,9.0,1751.39,0.0,0.0,213.0,0.0,3,Diverse Basket • Frequent
17433,2011-09-12 14:24:00,88.0,2.0,569.96,0.0,0.0,81.0,0.0,1,High Recency • High Frequency
17434,2011-12-07 13:16:00,2.0,7.0,2373.82,0.0,0.0,100.0,0.2222222222222222,5,High Returns
17435,2010-10-24 13:55:00,411.0,1.0,331.35,1.0,0.0,15.0,0.0,4,Weekend Shoppers
17436,2011-12-08 12:30:00,2.0,5.0,534.06,0.2,0.0,8.0,0.2857142857142857,5,High Returns
17437,2010-06-28 11:11:00,530.0,1.0,373.17,0.0,0.0,52.0,0.0,1,High Recency • High Frequency
17438,2011-03-31 10:26:00,254.0,5.0,1422.77,0.0,0.0,49.0,0.1666666666666666,1,High Recency • High Frequency
17439,2010-02-22 12:48:00,656.0,1.0,325.74,0.0,0.0,8.0,0.0,1,High Recency • High Frequency
17440,2011-07-06 11:54:00,157.0,4.0,323.58,0.0,0.0,4.0,0.3333333333333333,5,High Returns
17441,2009-12-07 13:32:00,732.0,1.0,293.35,0.0,0.0,21.0,0.0,1,High Recency • High Frequency
17442,2011-11-03 09:17:00,37.0,15.0,4620.3,0.0666666666666666,0.0,188.0,0.3478260869565217,3,Diverse Basket • Frequent
17443,2011-05-04 10:47:00,220.0,1.0,534.24,0.0,0.0,1.0,0.0,1,High Recency • High Frequency
17444,2011-07-15 12:05:00,148.0,3.0,2940.04,0.0,0.0,132.0,0.0,1,High Recency • High Frequency
17446,2011-06-16 10:42:00,177.0,2.0,120.9,0.0,0.0,6.0,0.0,1,High Recency • High Frequency
17447,2011-10-30 14:18:00,40.0,2.0,541.53,0.5,0.0,33.0,0.0,4,Weekend Shoppers
17448,2010-07-30 14:07:00,497.0,46.0,14556.97,0.0869565217391304,0.0,569.0,0.1481481481481481,3,Diverse Basket • Frequent
17449,2011-12-07 16:56:00,2.0,13.0,4951.15,0.1538461538461538,0.0,292.0,0.0714285714285714,3,Diverse Basket • Frequent
17450,2011-12-01 13:29:00,8.0,51.0,246973.09,0.0,0.0196078431372549,144.0,0.1639344262295081,2,High Spend • Frequent
17451,2011-12-08 15:02:00,1.0,7.0,1721.4,0.0,0.0,83.0,0.3,5,High Returns
17453,2011-11-22 09:42:00,18.0,2.0,486.7199999999999,0.0,0.0,19.0,0.0,1,High Recency • High Frequency
17454,2011-05-31 13:58:00,192.0,10.0,1547.94,0.1,0.0,98.0,0.0909090909090909,1,High Recency • High Frequency
17455,2011-05-20 12:31:00,204.0,1.0,131.7,0.0,0.0,8.0,0.0,1,High Recency • High Frequency
17456,2010-12-09 15:23:00,365.0,2.0,1225.42,0.0,0.0,59.0,0.0,1,High Recency • High Frequency
17457,2011-08-05 12:48:00,127.0,14.0,5984.81,0.0,0.0,30.0,0.2222222222222222,5,High Returns
17458,2011-11-24 13:01:00,15.0,2.0,529.58,0.0,0.0,81.0,0.0,1,High Recency • High Frequency
17459,2011-10-27 13:25:00,43.0,2.0,657.3,0.0,0.0,88.0,0.0,1,High Recency • High Frequency
17460,2011-09-06 15:04:00,94.0,16.0,2228.27,0.0625,0.0,93.0,0.238095238095238,5,High Returns
17461,2011-11-17 10:21:00,23.0,3.0,757.46,0.0,0.0,104.0,0.0,1,High Recency • High Frequency
17462,2011-10-10 13:56:00,60.0,2.0,675.6899999999999,0.0,0.0,25.0,0.3333333333333333,5,High Returns
17463,2011-11-23 13:40:00,16.0,7.0,2557.91,0.1428571428571428,0.0,234.0,0.2222222222222222,3,Diverse Basket • Frequent
17464,2011-07-04 13:19:00,158.0,3.0,1000.94,0.0,0.0,35.0,0.25,5,High Returns
17465,2010-10-10 11:56:00,426.0,7.0,2542.79,0.2857142857142857,0.0,103.0,0.2222222222222222,5,High Returns
17466,2011-11-29 13:15:00,10.0,2.0,763.28,0.0,0.0,41.0,0.0,1,High Recency • High Frequency
17467,2010-11-09 12:58:00,395.0,1.0,102.6,0.0,0.0,4.0,0.0,1,High Recency • High Frequency
17468,2011-11-29 15:33:00,10.0,3.0,194.8,0.0,0.0,8.0,0.0,1,High Recency • High Frequency
17469,2011-11-23 13:15:00,16.0,17.0,5051.25,0.0,0.0,165.0,0.2272727272727272,3,Diverse Basket • Frequent
17470,2011-10-26 12:42:00,45.0,11.0,2804.87,0.0909090909090909,0.0,111.0,0.0,1,High Recency • High Frequency
17471,2010-08-22 11:53:00,475.0,1.0,321.65000000000003,1.0,0.0,19.0,0.0,4,Weekend Shoppers
17472,2011-06-01 14:57:00,191.0,4.0,935.1,0.5,0.0,183.0,0.0,4,Weekend Shoppers
17473,2010-10-27 11:45:00,409.0,2.0,607.0,0.0,0.0,33.0,0.3333333333333333,5,High Returns
17474,2010-04-19 10:43:00,600.0,1.0,1047.0,0.0,0.0,6.0,0.0,1,High Recency • High Frequency
17475,2011-09-21 14:55:00,79.0,1.0,194.37,0.0,0.0,14.0,0.0,1,High Recency • High Frequency
17476,2010-11-09 10:21:00,396.0,2.0,489.86,0.0,0.0,29.0,0.5,5,High Returns
17477,2010-04-06 10:06:00,613.0,2.0,1144.3,0.0,0.0,44.0,0.6,5,High Returns
17478,2010-10-27 15:01:00,408.0,2.0,1272.8000000000002,0.0,0.0,40.0,0.0,1,High Recency • High Frequency
17479,2010-03-17 09:26:00,633.0,1.0,389.2600000000001,0.0,0.0,18.0,0.0,1,High Recency • High Frequency
17480,2011-09-23 11:39:00,78.0,2.0,902.03,0.0,0.0,50.0,0.3333333333333333,5,High Returns
17481,2011-12-06 12:28:00,4.0,4.0,1255.59,0.0,0.0,69.0,0.2,5,High Returns
17482,2010-08-09 15:33:00,487.0,2.0,778.19,0.0,0.0,50.0,0.0,1,High Recency • High Frequency
17483,2011-10-05 13:10:00,65.0,4.0,591.73,0.0,0.0,23.0,0.0,1,High Recency • High Frequency
17484,2010-05-12 15:41:00,576.0,2.0,209.57,0.0,0.0,14.0,0.0,1,High Recency • High Frequency
17486,2011-03-23 14:00:00,261.0,1.0,396.87,0.0,0.0,24.0,0.0,1,High Recency • High Frequency
17487,2009-12-11 15:06:00,728.0,1.0,160.55,0.0,0.0,8.0,0.0,1,High Recency • High Frequency
17488,2010-03-08 14:07:00,641.0,1.0,336.5,0.0,0.0,18.0,0.0,1,High Recency • High Frequency
17489,2011-10-12 08:56:00,59.0,2.0,376.64,0.0,0.0,28.0,0.0,1,High Recency • High Frequency
17490,2011-12-09 09:08:00,1.0,9.0,2750.5,0.0,0.0,93.0,0.3076923076923077,5,High Returns
17491,2011-12-08 16:18:00,1.0,17.0,5981.07,0.0588235294117647,0.0,105.0,0.0555555555555555,3,Diverse Basket • Frequent
17492,2011-04-05 15:21:00,248.0,3.0,1122.42,0.0,0.0,32.0,0.0,1,High Recency • High Frequency
17493,2010-11-19 16:57:00,385.0,1.0,100.91,0.0,0.0,8.0,0.0,1,High Recency • High Frequency
17494,2010-07-26 10:06:00,502.0,1.0,54.7,0.0,0.0,3.0,0.0,1,High Recency • High Frequency
17495,2011-12-02 12:08:00,8.0,3.0,806.72,0.3333333333333333,0.0,38.0,0.25,5,High Returns
17496,2010-12-16 08:39:00,359.0,4.0,1412.89,0.0,0.0,54.0,0.2,1,High Recency • High Frequency
17497,2010-11-14 14:17:00,390.0,2.0,287.25,0.5,0.0,7.0,0.0,4,Weekend Shoppers
17498,2011-09-25 12:25:00,76.0,1.0,272.22,1.0,0.0,17.0,0.0,4,Weekend Shoppers
17499,2011-02-23 09:14:00,290.0,2.0,1341.39,0.0,0.0,66.0,0.3333333333333333,5,High Returns
17500,2011-11-22 14:25:00,17.0,3.0,1138.0,0.0,0.0,3.0,0.0,1,High Recency • High Frequency
17501,2011-05-03 09:47:00,221.0,2.0,288.6,0.0,0.0,18.0,0.0,1,High Recency • High Frequency
17502,2011-11-30 13:13:00,9.0,4.0,689.1,0.0,0.0,25.0,0.0,1,High Recency • High Frequency
17503,2011-12-07 09:18:00,3.0,2.0,558.96,0.0,0.0,36.0,0.0,1,High Recency • High Frequency
17504,2011-05-17 12:59:00,206.0,18.0,9565.12,0.1666666666666666,0.0,244.0,0.0526315789473684,3,Diverse Basket • Frequent
17505,2011-07-01 12:50:00,162.0,5.0,2435.48,0.0,0.0,83.0,0.0,1,High Recency • High Frequency
17506,2011-09-25 11:39:00,76.0,1.0,302.2,1.0,0.0,14.0,0.5,4,Weekend Shoppers
17507,2011-03-23 11:48:00,262.0,2.0,605.5799999999999,0.0,0.0,79.0,0.0,1,High Recency • High Frequency
17508,2011-03-04 08:10:00,281.0,8.0,4579.23,0.0,0.0,199.0,0.1111111111111111,1,High Recency • High Frequency
17509,2011-10-13 10:26:00,58.0,8.0,6115.14,0.0,0.0,75.0,0.2727272727272727,5,High Returns
17510,2011-11-15 10:00:00,25.0,2.0,514.56,0.0,0.0,28.0,0.0,1,High Recency • High Frequency
17511,2011-12-07 10:12:00,3.0,60.0,175603.55,0.0,0.0,657.0,0.2941176470588235,2,High Spend • Frequent
17512,2011-11-11 12:11:00,29.0,18.0,5467.82,0.0,0.0,102.0,0.1,3,Diverse Basket • Frequent
17513,2011-09-28 16:42:00,72.0,3.0,1158.8000000000002,0.0,0.0,18.0,0.0,1,High Recency • High Frequency
17514,2011-08-03 15:45:00,128.0,2.0,542.83,0.0,0.0,72.0,0.0,1,High Recency • High Frequency
17515,2011-11-08 14:04:00,31.0,9.0,1617.46,0.0,0.0,91.0,0.0,1,High Recency • High Frequency
17516,2011-11-24 16:51:00,15.0,6.0,957.55,0.3333333333333333,0.0,150.0,0.0,3,Diverse Basket • Frequent
17517,2011-02-04 11:48:00,309.0,1.0,153.94,0.0,0.0,11.0,0.0,1,High Recency • High Frequency
17518,2010-10-10 12:40:00,426.0,2.0,329.42,1.0,0.0,71.0,0.0,4,Weekend Shoppers
17519,2011-11-22 16:43:00,17.0,15.0,5109.47,0.1333333333333333,0.0,142.0,0.1176470588235294,3,Diverse Basket • Frequent
17520,2011-10-17 12:04:00,54.0,1.0,546.81,0.0,0.0,30.0,0.0,1,High Recency • High Frequency
17521,2011-11-10 11:22:00,30.0,5.0,1278.06,0.0,0.0,65.0,0.1666666666666666,1,High Recency • High Frequency
17522,2011-12-08 12:31:00,2.0,5.0,1070.71,0.2,0.0,59.0,0.0,1,High Recency • High Frequency
17523,2011-11-28 13:20:00,11.0,4.0,652.74,0.5,0.0,25.0,0.0,4,Weekend Shoppers
17524,2010-12-13 14:32:00,361.0,3.0,539.14,0.0,0.0,37.0,0.25,5,High Returns
17525,2010-12-15 12:05:00,360.0,3.0,1161.9,0.3333333333333333,0.0,19.0,0.0,1,High Recency • High Frequency
17526,2011-12-05 11:05:00,5.0,12.0,4166.04,0.1666666666666666,0.0,67.0,0.25,5,High Returns
17527,2011-10-17 12:32:00,54.0,4.0,939.37,0.0,0.0,45.0,0.3333333333333333,5,High Returns
17528,2011-12-08 13:27:00,1.0,8.0,3628.5,0.0,0.0,183.0,0.2727272727272727,3,Diverse Basket • Frequent
17529,2010-04-08 17:51:00,610.0,2.0,1240.25,0.0,0.0,78.0,0.0,1,High Recency • High Frequency
17530,2011-12-08 18:42:00,1.0,12.0,3141.51,0.0833333333333333,0.25,359.0,0.0769230769230769,3,Diverse Basket • Frequent
17531,2011-06-02 19:17:00,190.0,3.0,1266.82,0.0,0.0,54.0,0.6666666666666666,5,High Returns
17532,2010-11-19 08:13:00,386.0,1.0,65.34,0.0,0.0,4.0,0.0,1,High Recency • High Frequency
17533,2010-10-01 09:14:00,435.0,1.0,34.8,0.0,0.0,1.0,0.0,1,High Recency • High Frequency
17534,2011-10-17 12:47:00,54.0,5.0,1668.83,0.2,0.0,76.0,0.0,1,High Recency • High Frequency
17535,2011-03-04 15:20:00,280.0,1.0,164.4,0.0,0.0,13.0,0.0,1,High Recency • High Frequency
17536,2011-06-15 13:23:00,177.0,3.0,364.83,0.0,0.0,16.0,0.0,1,High Recency • High Frequency
17537,2011-11-10 10:56:00,30.0,2.0,897.6200000000001,0.0,0.0,74.0,0.0,1,High Recency • High Frequency
17538,2011-11-14 12:12:00,26.0,1.0,98.42,0.0,0.0,9.0,0.0,1,High Recency • High Frequency
17539,2010-04-01 12:07:00,618.0,4.0,1226.5700000000002,0.75,0.0,132.0,0.4285714285714285,4,Weekend Shoppers
17540,2011-11-15 11:56:00,25.0,6.0,1590.6,0.1666666666666666,0.0,41.0,0.1428571428571428,1,High Recency • High Frequency
17541,2010-07-18 11:36:00,510.0,1.0,124.46,1.0,0.0,31.0,0.0,4,Weekend Shoppers
17542,2011-03-15 11:45:00,270.0,3.0,341.70000000000005,0.0,0.0,57.0,0.0,1,High Recency • High Frequency
17543,2010-06-08 12:41:00,550.0,1.0,120.05,0.0,0.0,13.0,0.0,1,High Recency • High Frequency
17544,2010-11-14 15:08:00,390.0,3.0,960.69,1.0,0.0,80.0,0.0,4,Weekend Shoppers
17545,2011-10-27 14:04:00,43.0,6.0,1448.54,0.3333333333333333,0.0,204.0,0.0,3,Diverse Basket • Frequent
17547,2010-11-29 09:41:00,376.0,2.0,727.85,0.0,0.0,22.0,0.5,5,High Returns
17548,2011-04-20 12:01:00,234.0,4.0,731.26,0.25,0.0,22.0,0.3333333333333333,5,High Returns
17549,2011-11-16 09:59:00,24.0,2.0,148.86,0.0,0.0,5.0,0.0,1,High Recency • High Frequency
17550,2011-05-26 14:09:00,197.0,9.0,2547.64,0.5555555555555556,0.0,250.0,0.1,4,Weekend Shoppers
17551,2010-12-15 14:12:00,359.0,1.0,306.84,0.0,0.0,39.0,0.0,1,High Recency • High Frequency
17552,2011-10-10 17:00:00,60.0,12.0,3085.29,0.0,0.0,78.0,0.25,5,High Returns
17553,2011-08-02 10:00:00,130.0,4.0,3757.6,0.0,0.0,2.0,0.0,1,High Recency • High Frequency
17554,2011-12-08 14:15:00,1.0,5.0,1952.45,0.0,0.2,58.0,0.0,1,High Recency • High Frequency
17555,2011-11-20 12:22:00,20.0,5.0,1057.74,0.8,0.0,220.0,0.0,4,Weekend Shoppers
17556,2011-05-18 10:48:00,206.0,2.0,300.67,0.0,0.0,13.0,0.0,1,High Recency • High Frequency
17557,2011-11-25 12:57:00,14.0,4.0,575.46,0.0,0.0,28.0,0.0,1,High Recency • High Frequency
17558,2010-11-11 14:36:00,393.0,1.0,259.17,0.0,0.0,28.0,0.0,1,High Recency • High Frequency
17559,2010-07-15 12:02:00,513.0,1.0,167.62,0.0,0.0,12.0,0.0,1,High Recency • High Frequency
17560,2011-09-06 09:18:00,95.0,8.0,1895.8,0.0,0.0,37.0,0.0,1,High Recency • High Frequency
17561,2011-11-20 12:53:00,19.0,4.0,722.3399999999999,1.0,0.0,163.0,0.0,4,Weekend Shoppers
17562,2011-11-25 14:21:00,14.0,7.0,1122.38,0.1428571428571428,0.0,48.0,0.125,1,High Recency • High Frequency
17563,2010-05-10 14:54:00,578.0,2.0,392.38,0.0,0.0,27.0,0.6,5,High Returns
17564,2011-11-15 13:27:00,24.0,3.0,454.01,0.0,0.0,38.0,0.0,1,High Recency • High Frequency
17565,2010-05-02 11:54:00,587.0,1.0,131.83,1.0,0.0,30.0,0.0,4,Weekend Shoppers
17566,2011-12-01 19:54:00,8.0,2.0,901.21,0.0,0.0,113.0,0.0,1,High Recency • High Frequency
17567,2011-12-02 15:48:00,7.0,9.0,5356.03,0.0,0.0,128.0,0.1818181818181818,3,Diverse Basket • Frequent
17568,2010-03-16 16:45:00,633.0,1.0,382.79,0.0,0.0,61.0,0.0,1,High Recency • High Frequency
17569,2011-01-11 14:15:00,332.0,1.0,344.14,0.0,0.0,29.0,0.0,1,High Recency • High Frequency
17570,2010-11-23 11:56:00,382.0,1.0,100.0,0.0,0.0,1.0,0.5,5,High Returns
17571,2011-10-20 15:57:00,50.0,5.0,1703.75,0.2,0.0,290.0,0.0,3,Diverse Basket • Frequent
17572,2011-09-29 17:53:00,71.0,10.0,723.0100000000001,0.0,0.0,14.0,0.0,1,High Recency • High Frequency
17573,2011-11-10 13:01:00,29.0,3.0,380.6,0.0,0.0,24.0,0.25,5,High Returns
17574,2011-04-11 09:47:00,243.0,1.0,185.65,0.0,0.0,8.0,0.0,1,High Recency • High Frequency
17575,2010-02-10 13:48:00,667.0,1.0,171.7,0.0,0.0,5.0,0.0,1,High Recency • High Frequency
17576,2011-12-01 17:56:00,8.0,41.0,9056.81,0.0,0.0,417.0,0.0888888888888888,3,Diverse Basket • Frequent
17577,2010-03-04 13:01:00,645.0,2.0,348.75,0.0,0.0,20.0,0.0,1,High Recency • High Frequency
17578,2011-05-05 18:38:00,218.0,7.0,1047.33,0.1428571428571428,0.0,57.0,0.3,5,High Returns
17579,2011-12-05 12:28:00,5.0,4.0,753.28,0.0,0.0,89.0,0.2,5,High Returns
17580,2011-04-01 12:41:00,253.0,5.0,545.27,0.2,0.0,78.0,0.0,1,High Recency • High Frequency
17581,2011-12-09 12:21:00,1.0,43.0,18757.75,0.1395348837209302,0.0,387.0,0.1886792452830188,3,Diverse Basket • Frequent
17582,2011-04-17 13:18:00,236.0,5.0,1450.7,0.6,0.0,92.0,0.1666666666666666,4,Weekend Shoppers
17583,2010-05-28 14:24:00,560.0,1.0,135.95,0.0,0.0,7.0,0.0,1,High Recency • High Frequency
17584,2011-12-02 17:12:00,7.0,6.0,5309.42,0.1666666666666666,0.0,85.0,0.1428571428571428,1,High Recency • High Frequency
17585,2011-08-22 13:30:00,109.0,7.0,2093.3,0.0,0.0,295.0,0.0,3,Diverse Basket • Frequent
17586,2010-03-30 13:12:00,619.0,1.0,167.4,0.0,0.0,8.0,0.0,1,High Recency • High Frequency
17587,2010-03-21 14:16:00,628.0,1.0,181.66,1.0,0.0,42.0,0.0,4,Weekend Shoppers
17588,2011-08-31 13:37:00,100.0,7.0,2939.55,0.0,0.0,35.0,0.2222222222222222,5,High Returns
17589,2011-10-10 16:58:00,60.0,18.0,14049.87,0.2777777777777778,0.0,601.0,0.1428571428571428,3,Diverse Basket • Frequent
17590,2011-12-07 12:55:00,2.0,3.0,1479.22,0.3333333333333333,0.0,162.0,0.0,3,Diverse Basket • Frequent
17591,2011-09-27 13:42:00,73.0,8.0,2776.67,0.125,0.0,93.0,0.1111111111111111,1,High Recency • High Frequency
17592,2009-12-01 10:49:00,739.0,1.0,148.3,0.0,0.0,13.0,0.5,5,High Returns
17593,2011-12-06 10:30:00,4.0,11.0,8095.8,0.2727272727272727,0.0,311.0,0.2666666666666666,3,Diverse Basket • Frequent
17594,2011-09-15 16:34:00,85.0,4.0,2497.88,0.0,0.0,70.0,0.0,1,High Recency • High Frequency
17595,2011-11-27 16:08:00,12.0,2.0,388.79,0.5,0.0,68.0,0.0,4,Weekend Shoppers
17596,2011-11-16 14:11:00,23.0,13.0,4920.67,0.1538461538461538,0.0,274.0,0.0714285714285714,3,Diverse Basket • Frequent
17597,2011-05-10 11:54:00,214.0,5.0,3484.09,0.4,0.0,109.0,0.2857142857142857,5,High Returns
17598,2010-11-23 17:43:00,381.0,1.0,409.98,0.0,0.0,10.0,0.0,1,High Recency • High Frequency
17599,2010-08-19 12:50:00,478.0,1.0,52.05,0.0,0.0,3.0,0.6666666666666666,5,High Returns
17600,2011-11-22 09:43:00,18.0,1.0,161.67000000000002,0.0,0.0,13.0,0.0,1,High Recency • High Frequency
17601,2011-04-14 18:02:00,239.0,2.0,421.48,0.0,0.0,69.0,0.0,1,High Recency • High Frequency
17602,2011-12-07 13:53:00,2.0,14.0,7451.13,0.0714285714285714,0.0714285714285714,450.0,0.2222222222222222,3,Diverse Basket • Frequent
17603,2011-09-22 14:18:00,78.0,4.0,1793.48,0.0,0.0,104.0,0.6363636363636364,5,High Returns
17604,2011-05-06 13:43:00,217.0,6.0,945.93,0.0,0.0,142.0,0.0,1,High Recency • High Frequency
17605,2010-04-28 14:45:00,590.0,1.0,160.75,0.0,0.0,13.0,0.0,1,High Recency • High Frequency
17606,2009-12-02 13:32:00,737.0,1.0,87.30000000000001,0.0,0.0,6.0,0.0,1,High Recency • High Frequency
17607,2010-11-28 13:11:00,376.0,1.0,333.81,1.0,0.0,22.0,0.0,4,Weekend Shoppers
17608,2011-11-06 13:06:00,33.0,4.0,498.53,0.75,0.0,134.0,0.0,4,Weekend Shoppers
17609,2011-10-30 12:28:00,41.0,11.0,1894.34,0.4545454545454545,0.0,317.0,0.2142857142857142,3,Diverse Basket • Frequent
17610,2010-06-17 16:34:00,540.0,5.0,1529.49,0.2,0.0,114.0,0.375,5,High Returns
17611,2011-12-02 13:29:00,7.0,28.0,8371.98,0.25,0.0,722.0,0.2,3,Diverse Basket • Frequent
17612,2011-10-17 14:59:00,53.0,18.0,5394.86,0.0,0.0,213.0,0.4375,3,Diverse Basket • Frequent
17613,2011-11-17 10:51:00,23.0,14.0,4559.150000000001,0.2142857142857142,0.0,211.0,0.1764705882352941,3,Diverse Basket • Frequent
17614,2011-10-13 16:01:00,57.0,1.0,390.07,0.0,0.0,97.0,0.0,1,High Recency • High Frequency
17615,2011-08-01 14:06:00,130.0,6.0,733.1999999999999,0.1666666666666666,0.0,47.0,0.1428571428571428,1,High Recency • High Frequency
17616,2011-06-19 10:11:00,174.0,4.0,1060.8,0.25,0.0,1.0,0.0,1,High Recency • High Frequency
17617,2010-05-30 12:48:00,559.0,1.0,395.33,1.0,0.0,18.0,0.5,4,Weekend Shoppers
17618,2011-12-04 11:50:00,6.0,11.0,4073.24,0.9090909090909092,0.0,202.0,0.1538461538461538,4,Weekend Shoppers
17619,2011-01-31 14:18:00,312.0,1.0,218.52,0.0,0.0,71.0,0.0,1,High Recency • High Frequency
17620,2011-10-11 12:08:00,60.0,1.0,81.44,0.0,0.0,4.0,0.0,1,High Recency • High Frequency
17621,2011-11-18 17:11:00,21.0,6.0,3175.12,0.1666666666666666,0.0,61.0,0.25,5,High Returns
17622,2010-04-21 12:36:00,598.0,2.0,1130.21,0.0,0.0,19.0,0.3333333333333333,5,High Returns
17623,2011-11-07 11:32:00,33.0,7.0,2383.67,0.1428571428571428,0.0,130.0,0.0,1,High Recency • High Frequency
17624,2011-11-25 10:52:00,15.0,4.0,1568.63,0.25,0.0,91.0,0.0,1,High Recency • High Frequency
17625,2011-11-21 13:36:00,18.0,8.0,6067.8,0.5,0.0,429.0,0.0,3,Diverse Basket • Frequent
17626,2010-04-16 12:15:00,603.0,1.0,254.0,0.0,0.0,18.0,0.0,1,High Recency • High Frequency
17627,2010-08-18 11:27:00,479.0,1.0,296.36,0.0,0.0,10.0,0.5,5,High Returns
17628,2011-09-19 15:21:00,81.0,1.0,75.75,0.0,0.0,5.0,0.0,1,High Recency • High Frequency
17629,2011-12-04 10:56:00,6.0,10.0,2455.52,0.2,0.0,129.0,0.0909090909090909,3,Diverse Basket • Frequent
17630,2011-06-23 11:58:00,170.0,2.0,503.6,0.0,0.0,24.0,0.0,1,High Recency • High Frequency
17631,2011-12-08 09:47:00,2.0,7.0,998.49,0.0,0.0,66.0,0.0,1,High Recency • High Frequency
17633,2011-11-08 13:25:00,31.0,7.0,2057.39,0.1428571428571428,0.0,84.0,0.2222222222222222,5,High Returns
17634,2011-11-03 13:09:00,36.0,9.0,2361.97,0.1111111111111111,0.0,209.0,0.0,3,Diverse Basket • Frequent
17635,2010-10-11 15:12:00,424.0,3.0,1265.58,0.0,0.0,60.0,0.25,5,High Returns
17636,2011-11-20 14:40:00,19.0,1.0,285.56,1.0,0.0,20.0,0.5,4,Weekend Shoppers
17637,2011-11-08 12:51:00,31.0,2.0,547.06,0.0,0.0,35.0,0.0,1,High Recency • High Frequency
17638,2010-03-02 14:32:00,647.0,2.0,842.4,0.0,0.0,2.0,0.0,1,High Recency • High Frequency
17639,2011-03-08 15:22:00,276.0,6.0,615.17,0.1666666666666666,0.0,59.0,0.0,1,High Recency • High Frequency
17640,2011-09-14 09:13:00,87.0,6.0,3168.94,0.3333333333333333,0.0,48.0,0.25,5,High Returns
17642,2011-08-12 09:11:00,120.0,5.0,1824.49,0.2,0.0,88.0,0.0,1,High Recency • High Frequency
17643,2010-12-01 14:38:00,373.0,2.0,541.25,0.0,0.0,30.0,0.0,1,High Recency • High Frequency
17644,2011-12-08 13:43:00,1.0,20.0,6028.6,0.05,0.0,160.0,0.2857142857142857,3,Diverse Basket • Frequent
17646,2011-05-04 13:17:00,219.0,12.0,4149.79,0.0,0.0,124.0,0.25,5,High Returns
17647,2011-10-05 15:38:00,65.0,3.0,331.66,0.0,0.0,12.0,0.0,1,High Recency • High Frequency
17648,2011-10-10 09:41:00,61.0,5.0,2216.37,0.0,0.0,114.0,0.1666666666666666,1,High Recency • High Frequency
17649,2011-07-24 15:53:00,138.0,3.0,1578.89,0.3333333333333333,0.0,88.0,0.4,5,High Returns
17650,2011-11-18 14:52:00,21.0,1.0,166.08,0.0,0.0,8.0,0.0,1,High Recency • High Frequency
17651,2011-11-28 10:29:00,12.0,16.0,5703.52,0.0625,0.0,198.0,0.2727272727272727,3,Diverse Basket • Frequent
17652,2011-11-14 12:55:00,25.0,12.0,4867.72,0.0,0.0,118.0,0.3333333333333333,5,High Returns
17653,2011-11-03 12:46:00,37.0,4.0,1207.5600000000002,0.0,0.0,44.0,0.2,5,High Returns
17654,2011-03-07 13:17:00,277.0,1.0,117.55,0.0,0.0,22.0,0.0,1,High Recency • High Frequency
17655,2011-11-29 11:34:00,11.0,9.0,3652.48,0.1111111111111111,0.0,75.0,0.1,1,High Recency • High Frequency
17656,2011-09-27 13:04:00,73.0,5.0,1674.69,0.0,0.0,67.0,0.0,1,High Recency • High Frequency
17657,2010-10-05 14:52:00,430.0,1.0,126.0,0.0,0.0,7.0,0.0,1,High Recency • High Frequency
17658,2011-11-14 12:07:00,26.0,2.0,595.42,0.0,0.0,17.0,0.3333333333333333,5,High Returns
17659,2011-11-22 13:29:00,17.0,14.0,3834.79,0.0,0.0,150.0,0.1764705882352941,3,Diverse Basket • Frequent
17660,2011-07-21 13:37:00,141.0,2.0,359.47,0.0,0.0,75.0,0.0,1,High Recency • High Frequency
17662,2010-02-16 09:38:00,662.0,2.0,412.92,0.0,0.0,14.0,0.0,1,High Recency • High Frequency
17663,2011-11-14 08:56:00,26.0,17.0,5175.83,0.0,0.0,153.0,0.2608695652173913,3,Diverse Basket • Frequent
17664,2011-11-21 11:29:00,19.0,4.0,1166.23,0.25,0.0,68.0,0.0,1,High Recency • High Frequency
17665,2010-08-03 13:12:00,493.0,1.0,563.1,0.0,0.0,19.0,0.0,1,High Recency • High Frequency
17666,2011-12-06 09:06:00,4.0,5.0,2047.8,0.0,0.0,30.0,0.0,1,High Recency • High Frequency
17667,2011-10-04 14:32:00,66.0,9.0,3950.7,0.0,0.0,140.0,0.25,5,High Returns
17668,2011-12-08 13:25:00,1.0,2.0,347.75,0.0,0.0,14.0,0.0,1,High Recency • High Frequency
17669,2011-10-28 08:53:00,43.0,10.0,6142.35,0.0,0.0,85.0,0.0,1,High Recency • High Frequency
17670,2011-04-26 09:12:00,228.0,1.0,205.7,0.0,0.0,11.0,0.0,1,High Recency • High Frequency
17671,2011-11-24 12:21:00,16.0,5.0,2403.34,0.0,0.0,54.0,0.2857142857142857,5,High Returns
17672,2011-10-20 14:18:00,50.0,7.0,5778.63,0.0,0.0,179.0,0.2222222222222222,3,Diverse Basket • Frequent
17673,2011-12-08 12:50:00,2.0,13.0,4233.58,0.0769230769230769,0.0,195.0,0.1333333333333333,3,Diverse Basket • Frequent
17674,2011-09-26 13:35:00,74.0,2.0,851.7,0.0,0.0,19.0,0.0,1,High Recency • High Frequency
17675,2011-12-08 18:03:00,1.0,70.0,38259.6,0.1,0.0,345.0,0.2222222222222222,3,Diverse Basket • Frequent
17676,2011-12-05 15:16:00,4.0,10.0,2765.84,0.0,0.0,85.0,0.2307692307692307,5,High Returns
17677,2011-12-08 09:56:00,2.0,54.0,36692.91,0.0555555555555555,0.0,346.0,0.4065934065934066,3,Diverse Basket • Frequent
17678,2011-03-21 11:52:00,264.0,2.0,599.76,0.0,0.0,27.0,0.3333333333333333,5,High Returns
17679,2011-10-18 07:43:00,53.0,7.0,3577.61,0.0,0.0,70.0,0.3636363636363636,5,High Returns
17680,2011-11-16 12:42:00,24.0,3.0,497.4500000000001,0.3333333333333333,0.0,20.0,0.25,5,High Returns
17681,2010-04-21 17:22:00,597.0,5.0,731.2,0.2,0.0,12.0,0.1666666666666666,1,High Recency • High Frequency
17682,2011-11-29 15:59:00,10.0,11.0,4456.78,0.0909090909090909,0.0,85.0,0.0833333333333333,1,High Recency • High Frequency
17683,2010-11-19 10:11:00,386.0,3.0,819.01,0.0,0.0,41.0,0.0,1,High Recency • High Frequency
17684,2011-10-27 11:10:00,44.0,1.0,239.41,0.0,0.0,15.0,0.0,1,High Recency • High Frequency
17685,2011-11-23 11:36:00,17.0,12.0,5943.17,0.0,0.0,124.0,0.1428571428571428,3,Diverse Basket • Frequent
17686,2011-12-02 15:39:00,7.0,9.0,8296.81,0.0,0.0,283.0,0.0,3,Diverse Basket • Frequent
17687,2010-10-15 12:30:00,421.0,1.0,432.68,0.0,0.0,26.0,0.0,1,High Recency • High Frequency
17688,2010-11-11 10:41:00,394.0,1.0,304.2,0.0,0.0,19.0,0.5,5,High Returns
17689,2010-11-16 13:22:00,388.0,2.0,317.08000000000004,0.5,0.0,17.0,0.0,4,Weekend Shoppers
17690,2011-11-09 15:17:00,30.0,20.0,7448.1,0.15,0.0,237.0,0.0476190476190476,3,Diverse Basket • Frequent
17691,2010-12-16 17:20:00,358.0,4.0,780.05,0.0,0.0,37.0,0.2,1,High Recency • High Frequency
17692,2011-08-04 14:01:00,127.0,12.0,2975.8,0.0833333333333333,0.0,90.0,0.1428571428571428,1,High Recency • High Frequency
17693,2011-07-25 15:48:00,137.0,1.0,200.47,0.0,0.0,16.0,0.6666666666666666,5,High Returns
17694,2011-07-21 12:00:00,142.0,3.0,1695.97,0.0,0.0,54.0,0.0,1,High Recency • High Frequency
17695,2011-07-31 10:40:00,132.0,5.0,1746.04,0.2,0.0,46.0,0.1666666666666666,1,High Recency • High Frequency
17696,2011-11-01 13:43:00,38.0,27.0,7679.59,0.074074074074074,0.0,191.0,0.4375,3,Diverse Basket • Frequent
17697,2011-04-17 15:40:00,236.0,1.0,338.95,1.0,0.0,19.0,0.0,4,Weekend Shoppers
17698,2011-03-24 11:34:00,261.0,1.0,154.95,0.0,0.0,8.0,0.0,1,High Recency • High Frequency
17699,2010-08-20 09:39:00,477.0,2.0,442.0,0.0,0.0,17.0,0.0,1,High Recency • High Frequency
17700,2011-11-23 11:51:00,17.0,14.0,6679.97,0.0,0.0,259.0,0.1764705882352941,3,Diverse Basket • Frequent
17701,2011-04-01 12:25:00,253.0,1.0,417.95,0.0,0.0,24.0,0.0,1,High Recency • High Frequency
17702,2011-11-09 16:03:00,30.0,6.0,3144.04,0.1666666666666666,0.0,120.0,0.3333333333333333,5,High Returns
17703,2011-11-04 15:51:00,35.0,4.0,1094.84,0.5,0.0,63.0,0.0,4,Weekend Shoppers
17704,2011-06-24 09:40:00,169.0,2.0,885.19,0.0,0.0,27.0,0.0,1,High Recency • High Frequency
17705,2011-12-06 13:45:00,3.0,11.0,2083.9,0.0909090909090909,0.0,74.0,0.0833333333333333,1,High Recency • High Frequency
17706,2011-12-05 13:34:00,4.0,31.0,20749.98,0.064516129032258,0.0,408.0,0.2790697674418604,3,Diverse Basket • Frequent
17707,2011-06-07 15:03:00,185.0,8.0,609.3000000000001,0.25,0.0,9.0,0.1111111111111111,1,High Recency • High Frequency
17708,2011-06-05 10:12:00,188.0,4.0,887.9300000000001,0.25,0.0,57.0,0.0,1,High Recency • High Frequency
17709,2011-06-23 11:55:00,170.0,5.0,671.01,0.2,0.0,37.0,0.0,1,High Recency • High Frequency
17710,2010-10-12 07:49:00,424.0,1.0,293.5,0.0,0.0,20.0,0.0,1,High Recency • High Frequency
17711,2011-11-29 11:40:00,11.0,2.0,385.1,0.0,0.0,22.0,0.0,1,High Recency • High Frequency
17712,2011-10-26 12:28:00,45.0,1.0,522.91,0.0,0.0,29.0,0.0,1,High Recency • High Frequency
17713,2010-11-22 16:50:00,382.0,4.0,1198.09,0.0,0.0,55.0,0.0,1,High Recency • High Frequency
17714,2011-01-23 10:32:00,321.0,5.0,1410.18,0.2,0.0,69.0,0.4444444444444444,5,High Returns
17715,2011-05-23 12:32:00,201.0,2.0,489.6,0.0,0.0,1.0,0.0,1,High Recency • High Frequency
17716,2011-11-17 12:00:00,23.0,24.0,15956.97,0.0416666666666666,0.0,334.0,0.1111111111111111,3,Diverse Basket • Frequent
17717,2010-10-14 12:54:00,421.0,1.0,376.92,0.0,0.0,26.0,0.0,1,High Recency • High Frequency
17718,2011-04-21 13:39:00,232.0,2.0,439.18,0.0,0.0,22.0,0.3333333333333333,5,High Returns
17719,2011-11-02 10:36:00,38.0,15.0,5396.04,0.0666666666666666,0.0,111.0,0.1666666666666666,3,Diverse Basket • Frequent
17720,2011-11-13 15:04:00,26.0,10.0,2768.91,0.1,0.0,81.0,0.1666666666666666,1,High Recency • High Frequency
17721,2010-02-18 15:18:00,659.0,1.0,307.21000000000004,0.0,0.0,11.0,0.0,1,High Recency • High Frequency
17722,2011-09-04 15:22:00,96.0,5.0,4430.360000000001,0.2,0.0,163.0,0.2857142857142857,5,High Returns
17723,2011-08-04 18:37:00,127.0,7.0,3378.4000000000005,0.0,0.0,6.0,0.0,1,High Recency • High Frequency
17724,2011-09-29 15:26:00,71.0,3.0,1033.0,0.3333333333333333,0.0,38.0,0.25,5,High Returns
17725,2011-11-23 16:34:00,16.0,11.0,3439.08,0.1818181818181818,0.0,115.0,0.2142857142857142,3,Diverse Basket • Frequent
17726,2010-11-09 13:37:00,395.0,7.0,1092.0600000000002,0.0,0.0,52.0,0.125,1,High Recency • High Frequency
17727,2011-11-24 17:06:00,15.0,1.0,1060.25,0.0,0.0,66.0,0.5,5,High Returns
17728,2011-12-06 08:52:00,4.0,5.0,4238.76,0.4,0.0,196.0,0.375,3,Diverse Basket • Frequent
17729,2010-04-22 15:03:00,596.0,1.0,438.65,0.0,0.0,23.0,0.0,1,High Recency • High Frequency
17730,2011-12-06 15:43:00,3.0,20.0,7773.8,0.05,0.0,177.0,0.1304347826086956,3,Diverse Basket • Frequent
17731,2011-09-21 15:02:00,79.0,6.0,1708.99,0.1666666666666666,0.0,82.0,0.1428571428571428,1,High Recency • High Frequency
17732,2010-12-02 09:29:00,373.0,8.0,2470.3900000000003,0.0,0.0,90.0,0.2,1,High Recency • High Frequency
17733,2011-11-01 08:16:00,39.0,2.0,692.19,0.0,0.0,33.0,0.0,1,High Recency • High Frequency
17734,2011-10-17 12:33:00,54.0,6.0,1442.3200000000002,0.3333333333333333,0.0,76.0,0.0,1,High Recency • High Frequency
17735,2011-12-07 16:47:00,2.0,26.0,17244.93,0.0769230769230769,0.0,391.0,0.1034482758620689,3,Diverse Basket • Frequent
17736,2011-11-30 15:36:00,9.0,3.0,377.44,0.0,0.0,24.0,0.25,5,High Returns
17737,2011-11-30 15:16:00,9.0,2.0,168.24,0.0,0.0,8.0,0.0,1,High Recency • High Frequency
17738,2011-11-20 15:05:00,19.0,13.0,4183.56,0.0769230769230769,0.0,173.0,0.1333333333333333,3,Diverse Basket • Frequent
17739,2011-11-28 09:12:00,12.0,18.0,7730.59,0.0,0.0,56.0,0.1,1,High Recency • High Frequency
17740,2010-11-15 16:33:00,389.0,6.0,426.9,0.0,0.0,5.0,0.0,1,High Recency • High Frequency
17741,2010-10-29 11:59:00,407.0,2.0,101.1,0.0,0.0,6.0,0.0,1,High Recency • High Frequency
17742,2011-08-18 15:28:00,113.0,11.0,2098.48,0.0,0.0,52.0,0.0,1,High Recency • High Frequency
17743,2010-09-17 14:54:00,448.0,1.0,229.2,0.0,0.0,3.0,0.5,5,High Returns
17744,2011-12-06 12:11:00,4.0,7.0,2649.14,0.1428571428571428,0.0,121.0,0.125,3,Diverse Basket • Frequent
17745,2010-08-19 12:30:00,478.0,2.0,600.34,0.0,0.0,27.0,0.0,1,High Recency • High Frequency
17746,2011-04-13 14:31:00,240.0,4.0,904.18,0.0,0.0,32.0,0.4285714285714285,5,High Returns
17747,2011-08-19 08:13:00,113.0,1.0,71.4,0.0,0.0,1.0,0.5,5,High Returns
17748,2010-06-30 13:49:00,527.0,1.0,358.15,0.0,0.0,17.0,0.0,1,High Recency • High Frequency
17749,2011-06-14 15:45:00,178.0,3.0,1026.18,0.0,0.0,52.0,0.0,1,High Recency • High Frequency
17750,2011-12-04 14:09:00,5.0,9.0,1797.57,0.2222222222222222,0.1111111111111111,101.0,0.0,1,High Recency • High Frequency
17751,2010-10-14 13:57:00,421.0,1.0,157.86,0.0,0.0,31.0,0.0,1,High Recency • High Frequency
17752,2010-12-15 16:19:00,359.0,1.0,80.64,0.0,0.0,1.0,0.0,1,High Recency • High Frequency
17753,2010-09-01 15:49:00,464.0,4.0,390.56,0.0,0.0,63.0,0.2,1,High Recency • High Frequency
17754,2011-12-09 11:20:00,1.0,13.0,4577.53,0.0,0.0,185.0,0.1875,3,Diverse Basket • Frequent
17756,2010-11-29 12:20:00,376.0,3.0,733.7,0.0,0.0,54.0,0.0,1,High Recency • High Frequency
17757,2011-12-08 15:31:00,1.0,56.0,9422.45,0.1071428571428571,0.0,362.0,0.0666666666666666,3,Diverse Basket • Frequent
17758,2011-11-20 14:45:00,19.0,12.0,5012.53,0.5,0.0,403.0,0.0,3,Diverse Basket • Frequent
17759,2011-11-22 16:02:00,17.0,5.0,1276.91,0.0,0.0,114.0,0.0,1,High Recency • High Frequency
17760,2011-11-18 10:56:00,22.0,6.0,918.93,0.1666666666666666,0.0,58.0,0.1428571428571428,1,High Recency • High Frequency
17761,2011-11-07 10:23:00,33.0,1.0,712.78,0.0,0.0,19.0,0.0,1,High Recency • High Frequency
17762,2010-09-09 17:40:00,456.0,1.0,129.75,0.0,0.0,16.0,0.0,1,High Recency • High Frequency
17763,2011-03-21 14:25:00,263.0,4.0,86.15,0.0,0.0,11.0,0.2,1,High Recency • High Frequency
17764,2011-10-20 11:03:00,51.0,5.0,1623.64,0.0,0.0,126.0,0.0,1,High Recency • High Frequency
17765,2011-07-04 12:41:00,159.0,4.0,530.8,0.0,0.0,71.0,0.0,1,High Recency • High Frequency
17766,2010-11-23 14:29:00,381.0,2.0,299.61,0.0,0.0,21.0,0.0,1,High Recency • High Frequency
17767,2011-11-24 14:42:00,15.0,2.0,413.05,0.0,0.0,35.0,0.0,1,High Recency • High Frequency
17768,2011-12-01 13:22:00,8.0,7.0,3509.51,0.2857142857142857,0.0,134.0,0.125,3,Diverse Basket • Frequent
17769,2011-11-27 11:18:00,13.0,17.0,7103.08,0.7647058823529411,0.0,330.0,0.1904761904761904,3,Diverse Basket • Frequent
17770,2011-05-25 12:34:00,199.0,5.0,1143.27,0.0,0.0,33.0,0.0,1,High Recency • High Frequency
17771,2011-10-14 11:43:00,57.0,4.0,387.41,0.0,0.0,63.0,0.0,1,High Recency • High Frequency
17772,2011-11-29 11:05:00,11.0,3.0,384.77,0.0,0.0,94.0,0.0,1,High Recency • High Frequency
17773,2010-07-13 14:07:00,514.0,2.0,585.27,0.0,0.0,48.0,0.0,1,High Recency • High Frequency
17774,2011-09-04 12:49:00,97.0,9.0,3328.05,0.3333333333333333,0.0,286.0,0.3076923076923077,3,Diverse Basket • Frequent
17775,2011-03-30 10:50:00,255.0,1.0,56.4,0.0,0.0,3.0,0.0,1,High Recency • High Frequency
17776,2010-11-18 12:14:00,387.0,2.0,338.56,0.0,0.0,74.0,0.3333333333333333,5,High Returns
17777,2011-11-15 12:02:00,25.0,3.0,665.86,0.0,0.0,141.0,0.0,1,High Recency • High Frequency
17778,2010-02-16 12:44:00,662.0,1.0,197.7,0.0,0.0,10.0,0.0,1,High Recency • High Frequency
17779,2011-11-18 14:15:00,21.0,3.0,658.5699999999999,0.0,0.0,73.0,0.4,5,High Returns
17780,2010-02-10 13:43:00,667.0,3.0,352.91,0.3333333333333333,0.0,76.0,0.0,1,High Recency • High Frequency
17781,2011-07-03 16:00:00,159.0,2.0,188.02,0.5,0.0,12.0,0.0,4,Weekend Shoppers
17782,2010-11-22 11:15:00,383.0,2.0,679.02,0.0,0.0,29.0,0.0,1,High Recency • High Frequency
17783,2011-09-28 16:07:00,72.0,3.0,379.91,0.0,0.0,91.0,0.0,1,High Recency • High Frequency
17784,2010-06-07 16:08:00,550.0,1.0,112.86,0.0,0.0,19.0,0.0,1,High Recency • High Frequency
17785,2011-10-17 13:43:00,53.0,3.0,403.38,0.3333333333333333,0.0,48.0,0.0,1,High Recency • High Frequency
17786,2011-09-15 12:51:00,85.0,2.0,278.74,0.0,0.0,57.0,0.0,1,High Recency • High Frequency
17787,2011-07-10 11:24:00,153.0,4.0,2601.47,0.25,0.0,94.0,0.0,1,High Recency • High Frequency
17788,2011-09-27 10:09:00,74.0,2.0,1117.9,0.0,0.0,3.0,0.0,1,High Recency • High Frequency
17789,2011-03-03 13:14:00,281.0,2.0,397.15,0.0,0.0,27.0,0.0,1,High Recency • High Frequency
17790,2011-11-13 11:30:00,27.0,20.0,2783.61,0.2,0.0,188.0,0.0,3,Diverse Basket • Frequent
17791,2011-11-10 12:09:00,30.0,1.0,106.1,0.0,0.0,10.0,0.0,1,High Recency • High Frequency
17792,2010-08-29 14:30:00,467.0,2.0,370.05,0.5,0.0,45.0,0.0,4,Weekend Shoppers
17793,2011-11-14 14:24:00,25.0,1.0,323.04,0.0,0.0,49.0,0.0,1,High Recency • High Frequency
17794,2010-01-22 10:18:00,687.0,2.0,147.3,0.0,0.0,7.0,0.0,1,High Recency • High Frequency
17795,2011-06-13 12:36:00,180.0,2.0,350.39,0.5,0.0,43.0,0.0,4,Weekend Shoppers
17796,2011-10-30 15:38:00,40.0,7.0,1361.99,0.7142857142857143,0.0,149.0,0.0,4,Weekend Shoppers
17797,2011-11-17 13:21:00,22.0,8.0,1985.87,0.0,0.0,222.0,0.0,3,Diverse Basket • Frequent
17798,2010-05-07 11:42:00,582.0,1.0,183.09,0.0,0.0,43.0,0.0,1,High Recency • High Frequency
17799,2011-11-17 15:16:00,22.0,20.0,6341.889999999999,0.05,0.0,478.0,0.1304347826086956,3,Diverse Basket • Frequent
17800,2011-11-02 12:57:00,37.0,9.0,1199.01,0.3333333333333333,0.0,51.0,0.0,1,High Recency • High Frequency
17801,2010-09-14 14:32:00,451.0,3.0,798.3299999999999,0.3333333333333333,0.0,66.0,0.25,5,High Returns
17802,2011-09-18 14:56:00,82.0,10.0,5053.12,0.8,0.0,283.0,0.375,4,Weekend Shoppers
17803,2010-11-12 13:53:00,392.0,1.0,184.66,0.0,0.0,27.0,0.0,1,High Recency • High Frequency
17804,2010-11-28 14:01:00,376.0,3.0,385.23,0.3333333333333333,0.0,82.0,0.25,5,High Returns
17805,2011-09-27 11:49:00,74.0,2.0,927.03,0.0,0.0,10.0,0.0,1,High Recency • High Frequency
17806,2011-11-28 14:12:00,11.0,1.0,546.04,0.0,0.0,43.0,0.0,1,High Recency • High Frequency
17807,2010-11-09 16:21:00,395.0,3.0,437.87,0.3333333333333333,0.0,88.0,0.0,1,High Recency • High Frequency
17808,2010-06-09 10:44:00,549.0,4.0,262.64,0.25,0.0,29.0,0.0,1,High Recency • High Frequency
17809,2011-11-23 12:59:00,16.0,20.0,11337.39,0.0,0.0,59.0,0.1666666666666666,3,Diverse Basket • Frequent
17810,2010-02-09 10:47:00,669.0,2.0,374.81,0.0,0.0,51.0,0.3333333333333333,5,High Returns
17811,2011-12-05 13:46:00,4.0,47.0,9609.8,0.1702127659574468,0.0,538.0,0.2166666666666666,3,Diverse Basket • Frequent
17812,2011-11-27 11:47:00,13.0,7.0,1165.89,0.2857142857142857,0.0,162.0,0.0,3,Diverse Basket • Frequent
17813,2011-11-25 16:13:00,14.0,5.0,1770.88,0.0,0.0,297.0,0.2857142857142857,3,Diverse Basket • Frequent
17814,2010-11-29 14:21:00,375.0,2.0,1617.3200000000002,0.0,0.0,112.0,0.0,1,High Recency • High Frequency
17815,2010-11-11 14:39:00,393.0,1.0,591.96,0.0,0.0,13.0,0.0,1,High Recency • High Frequency
17816,2011-11-03 11:34:00,37.0,6.0,112.32,0.0,0.0,41.0,0.0,1,High Recency • High Frequency
17817,2011-12-05 14:39:00,4.0,6.0,807.85,0.0,0.0,115.0,0.1428571428571428,1,High Recency • High Frequency
17818,2009-12-02 11:34:00,738.0,1.0,130.18,0.0,0.0,42.0,0.0,1,High Recency • High Frequency
17819,2011-09-29 10:52:00,72.0,12.0,6612.52,0.3333333333333333,0.0,66.0,0.0769230769230769,1,High Recency • High Frequency
17820,2010-11-30 17:43:00,374.0,1.0,183.56,0.0,0.0,39.0,0.6666666666666666,5,High Returns
17821,2010-10-29 13:20:00,406.0,1.0,334.62,0.0,0.0,6.0,0.0,1,High Recency • High Frequency
17822,2010-10-15 13:47:00,420.0,5.0,2188.5,0.0,0.0,152.0,0.0,1,High Recency • High Frequency
17823,2010-10-14 16:24:00,421.0,2.0,494.25,0.0,0.0,88.0,0.0,1,High Recency • High Frequency
17824,2011-10-19 14:14:00,51.0,1.0,298.4,0.0,0.0,13.0,0.0,1,High Recency • High Frequency
17825,2010-04-20 12:01:00,599.0,4.0,731.96,0.0,0.0,24.0,0.0,1,High Recency • High Frequency
17826,2010-11-30 13:23:00,374.0,1.0,134.59,0.0,0.0,33.0,0.0,1,High Recency • High Frequency
17827,2011-12-04 15:00:00,5.0,6.0,2388.05,0.3333333333333333,0.0,240.0,0.1428571428571428,3,Diverse Basket • Frequent
17828,2011-11-17 08:41:00,23.0,4.0,1820.09,0.0,0.0,54.0,0.5555555555555556,5,High Returns
17829,2011-02-14 12:46:00,299.0,5.0,4756.74,0.0,0.0,121.0,0.1666666666666666,1,High Recency • High Frequency
17830,2011-12-08 12:28:00,2.0,3.0,398.7,0.0,0.0,18.0,0.0,1,High Recency • High Frequency
17831,2011-11-06 15:09:00,33.0,1.0,35.400000000000006,1.0,0.0,2.0,0.0,4,Weekend Shoppers
17832,2011-10-21 11:43:00,50.0,1.0,155.37,0.0,0.0,61.0,0.0,1,High Recency • High Frequency
17833,2009-12-16 13:40:00,723.0,1.0,342.36,0.0,0.0,28.0,0.0,1,High Recency • High Frequency
17834,2010-10-21 12:09:00,415.0,2.0,730.47,0.0,0.0,54.0,0.0,1,High Recency • High Frequency
17835,2011-12-07 11:48:00,3.0,3.0,350.64,0.0,0.0,45.0,0.0,1,High Recency • High Frequency
17836,2011-10-23 16:13:00,47.0,1.0,110.21,1.0,0.0,23.0,0.0,4,Weekend Shoppers
17837,2011-10-28 16:13:00,42.0,8.0,1593.38,0.125,0.0,110.0,0.2,5,High Returns
17838,2011-11-13 11:20:00,27.0,13.0,6722.900000000001,0.3076923076923077,0.0,141.0,0.1333333333333333,3,Diverse Basket • Frequent
17839,2011-10-28 17:27:00,42.0,1.0,338.8,0.0,0.0,50.0,0.0,1,High Recency • High Frequency
17840,2010-09-22 12:24:00,444.0,1.0,185.72,0.0,0.0,44.0,0.0,1,High Recency • High Frequency
17841,2011-12-08 12:07:00,2.0,211.0,70884.07,0.1469194312796208,0.0,2116.0,0.2698961937716263,2,High Spend • Frequent
17842,2010-04-16 14:23:00,602.0,1.0,430.69,0.0,0.0,18.0,0.0,1,High Recency • High Frequency
17843,2011-02-09 15:33:00,303.0,2.0,326.23,0.5,0.0,58.0,0.0,4,Weekend Shoppers
17844,2011-08-25 11:27:00,107.0,1.0,51.56,0.0,0.0,5.0,0.0,1,High Recency • High Frequency
17845,2010-06-02 15:20:00,555.0,4.0,598.19,0.0,0.0,42.0,0.0,1,High Recency • High Frequency
17846,2011-09-15 15:20:00,85.0,1.0,2033.1,0.0,0.0,1.0,0.0,1,High Recency • High Frequency
17847,2010-07-12 10:00:00,516.0,2.0,129.69,0.0,0.0,9.0,0.0,1,High Recency • High Frequency
17848,2011-09-19 16:49:00,81.0,30.0,3650.9,0.1333333333333333,0.0,105.0,0.032258064516129,3,Diverse Basket • Frequent
17849,2011-05-05 13:46:00,218.0,8.0,1063.76,0.25,0.0,24.0,0.0,1,High Recency • High Frequency
17850,2010-12-02 15:27:00,372.0,155.0,56600.08,0.1096774193548387,0.0,100.0,0.0251572327044025,3,Diverse Basket • Frequent
17851,2010-10-13 15:13:00,422.0,6.0,1563.34,0.1666666666666666,0.0,185.0,0.0,1,High Recency • High Frequency
17852,2011-11-28 12:36:00,12.0,5.0,663.21,0.0,0.0,82.0,0.0,1,High Recency • High Frequency
17853,2010-10-28 15:29:00,407.0,3.0,1608.19,0.0,0.0,84.0,0.0,1,High Recency • High Frequency
17854,2011-06-07 16:21:00,185.0,6.0,1071.45,0.0,0.0,113.0,0.0,1,High Recency • High Frequency
17855,2010-12-02 09:44:00,373.0,1.0,417.94,0.0,0.0,17.0,0.0,1,High Recency • High Frequency
17856,2011-12-08 09:40:00,2.0,4.0,1418.03,0.25,0.0,12.0,0.3333333333333333,5,High Returns
17857,2011-12-05 13:13:00,4.0,24.0,28682.24,0.0,0.0,21.0,0.0769230769230769,3,Diverse Basket • Frequent
17858,2011-12-04 11:56:00,6.0,30.0,12797.65,0.4666666666666667,0.0,173.0,0.0625,3,Diverse Basket • Frequent
17859,2011-02-08 10:32:00,305.0,1.0,148.21,0.0,0.0,23.0,0.0,1,High Recency • High Frequency
17860,2010-12-06 12:41:00,369.0,4.0,1015.54,0.0,0.0,127.0,0.0,1,High Recency • High Frequency
17861,2011-12-06 16:21:00,3.0,18.0,5127.69,0.0,0.0,329.0,0.1818181818181818,3,Diverse Basket • Frequent
17862,2011-01-20 12:23:00,324.0,4.0,1279.09,0.0,0.0,90.0,0.0,1,High Recency • High Frequency
17863,2011-10-11 13:45:00,59.0,12.0,5745.2,0.3333333333333333,0.0,154.0,0.0,3,Diverse Basket • Frequent
17864,2011-11-27 11:15:00,13.0,5.0,924.32,0.4,0.0,93.0,0.0,1,High Recency • High Frequency
17865,2011-11-09 12:08:00,31.0,46.0,26374.39,0.0434782608695652,0.0,391.0,0.2580645161290322,3,Diverse Basket • Frequent
17866,2011-07-20 11:07:00,143.0,3.0,1134.95,0.0,0.0,20.0,0.25,5,High Returns
17867,2011-11-09 14:15:00,30.0,15.0,1621.28,0.0,0.0,119.0,0.25,3,Diverse Basket • Frequent
17868,2010-11-18 18:55:00,386.0,1.0,234.65,0.0,0.0,18.0,0.0,1,High Recency • High Frequency
17869,2011-08-24 16:16:00,107.0,7.0,1036.16,0.1428571428571428,0.0,72.0,0.0,1,High Recency • High Frequency
17870,2011-12-07 15:07:00,2.0,13.0,3108.15,0.0,0.0,215.0,0.0714285714285714,3,Diverse Basket • Frequent
17871,2011-05-19 11:32:00,205.0,5.0,1118.99,0.4,0.0,64.0,0.0,1,High Recency • High Frequency
17872,2010-11-23 12:02:00,382.0,1.0,235.87,0.0,0.0,15.0,0.0,1,High Recency • High Frequency
17873,2011-09-20 16:41:00,80.0,18.0,6515.88,0.0,0.0,65.0,0.1,1,High Recency • High Frequency
17874,2011-06-07 12:54:00,185.0,6.0,683.46,0.0,0.0,37.0,0.1428571428571428,1,High Recency • High Frequency
17875,2010-01-20 15:30:00,688.0,1.0,167.1,0.0,0.0,25.0,0.0,1,High Recency • High Frequency
17876,2010-11-05 10:52:00,400.0,3.0,3424.02,0.0,0.0,3.0,0.0,1,High Recency • High Frequency
17877,2011-06-22 13:00:00,170.0,1.0,237.61,0.0,0.0,12.0,0.0,1,High Recency • High Frequency
17878,2011-10-27 11:24:00,44.0,3.0,1412.33,0.0,0.0,82.0,0.0,1,High Recency • High Frequency
17879,2011-06-19 12:36:00,174.0,1.0,178.51999999999998,1.0,0.0,6.0,0.0,4,Weekend Shoppers
17880,2010-12-10 10:21:00,365.0,3.0,824.9200000000001,0.0,0.0,43.0,0.0,1,High Recency • High Frequency
17881,2011-02-08 17:16:00,304.0,1.0,133.35000000000002,0.0,0.0,8.0,0.0,1,High Recency • High Frequency
17882,2010-11-25 14:40:00,379.0,2.0,313.46,0.0,0.0,47.0,0.0,1,High Recency • High Frequency
17883,2011-12-06 17:49:00,3.0,7.0,995.85,0.0,0.1428571428571428,155.0,0.125,3,Diverse Basket • Frequent
17884,2011-12-06 11:33:00,4.0,20.0,3072.89,0.0,0.1,305.0,0.1304347826086956,3,Diverse Basket • Frequent
17885,2011-11-27 14:40:00,12.0,1.0,190.19,1.0,0.0,50.0,0.0,4,Weekend Shoppers
17886,2011-11-08 10:09:00,32.0,6.0,1608.38,0.0,0.0,138.0,0.1428571428571428,1,High Recency • High Frequency
17887,2011-08-02 17:29:00,129.0,1.0,111.35,0.0,0.0,10.0,0.0,1,High Recency • High Frequency
17888,2011-11-18 13:45:00,21.0,25.0,1820.44,0.0,0.0,145.0,0.1935483870967742,3,Diverse Basket • Frequent
17889,2011-05-11 16:26:00,212.0,7.0,774.87,0.0,0.0,97.0,0.0,1,High Recency • High Frequency
17890,2011-01-21 11:19:00,323.0,2.0,602.0899999999999,0.0,0.0,88.0,0.0,1,High Recency • High Frequency
17891,2011-06-30 20:08:00,162.0,1.0,203.86,0.0,1.0,34.0,0.0,0,Night Shoppers
17892,2011-10-14 16:49:00,56.0,3.0,244.1,0.0,0.0,27.0,0.0,1,High Recency • High Frequency
17893,2011-04-28 13:50:00,225.0,1.0,112.25,0.0,0.0,15.0,0.0,1,High Recency • High Frequency
17894,2011-09-29 09:23:00,72.0,18.0,2453.38,0.1111111111111111,0.0,215.0,0.1,3,Diverse Basket • Frequent
17895,2011-10-26 17:00:00,44.0,1.0,98.0,0.0,0.0,15.0,0.0,1,High Recency • High Frequency
17896,2011-11-16 13:59:00,23.0,1.0,256.32,0.0,0.0,2.0,0.0,1,High Recency • High Frequency
17897,2011-06-20 11:23:00,173.0,9.0,2585.0,0.0,0.0,211.0,0.1,3,Diverse Basket • Frequent
17898,2011-09-15 14:56:00,85.0,4.0,299.18,0.0,0.0,48.0,0.0,1,High Recency • High Frequency
17899,2011-07-03 14:58:00,159.0,1.0,155.8,1.0,0.0,29.0,0.0,4,Weekend Shoppers
17900,2011-06-02 14:38:00,190.0,2.0,112.2,0.0,0.0,4.0,0.5,5,High Returns
17901,2011-11-10 17:29:00,29.0,3.0,260.08,0.0,0.0,22.0,0.0,1,High Recency • High Frequency
17902,2010-06-11 12:25:00,547.0,1.0,216.4,0.0,0.0,24.0,0.0,1,High Recency • High Frequency
17903,2010-11-10 15:39:00,394.0,1.0,381.09,0.0,0.0,44.0,0.0,1,High Recency • High Frequency
17904,2011-11-18 12:57:00,21.0,1.0,191.67,0.0,0.0,33.0,0.5,5,High Returns
17905,2011-09-29 17:33:00,71.0,13.0,2383.52,0.2307692307692307,0.0,129.0,0.0714285714285714,3,Diverse Basket • Frequent
17906,2011-04-06 17:25:00,247.0,1.0,72.9,0.0,0.0,12.0,0.0,1,High Recency • High Frequency
17907,2010-03-09 12:33:00,641.0,1.0,291.76,0.0,0.0,13.0,0.0,1,High Recency • High Frequency
17908,2010-12-01 11:45:00,374.0,5.0,1411.54,0.0,0.0,178.0,0.2857142857142857,5,High Returns
17909,2009-12-02 13:10:00,737.0,1.0,132.55,0.0,0.0,8.0,0.0,1,High Recency • High Frequency
17910,2009-12-13 16:04:00,726.0,1.0,261.7,1.0,0.0,25.0,0.0,4,Weekend Shoppers
17911,2011-11-30 14:52:00,9.0,1.0,366.23,0.0,0.0,39.0,0.0,1,High Recency • High Frequency
17912,2011-02-02 14:25:00,310.0,6.0,375.5,0.0,0.0,48.0,0.1428571428571428,1,High Recency • High Frequency
17913,2011-10-12 10:45:00,59.0,14.0,3479.64,0.2857142857142857,0.0,224.0,0.0,3,Diverse Basket • Frequent
17914,2011-12-06 11:58:00,4.0,1.0,336.43,0.0,0.0,72.0,0.0,1,High Recency • High Frequency
17915,2010-06-06 13:22:00,551.0,1.0,242.13,1.0,0.0,27.0,0.0,4,Weekend Shoppers
17916,2010-03-21 12:26:00,629.0,2.0,43.870000000000005,1.0,0.0,15.0,0.0,4,Weekend Shoppers
17917,2011-10-25 13:20:00,45.0,3.0,341.28,0.3333333333333333,0.0,77.0,0.0,1,High Recency • High Frequency
17918,2010-07-27 11:51:00,501.0,3.0,396.39,0.0,0.0,34.0,0.0,1,High Recency • High Frequency
17919,2011-09-12 13:41:00,88.0,2.0,1840.32,0.0,0.0,37.0,0.0,1,High Recency • High Frequency
17920,2011-12-05 14:29:00,4.0,54.0,24516.46,0.3888888888888889,0.0,715.0,0.0357142857142857,3,Diverse Basket • Frequent
17921,2011-10-06 18:56:00,64.0,10.0,2423.5,0.2,0.1,230.0,0.1666666666666666,3,Diverse Basket • Frequent
17922,2010-06-14 16:32:00,543.0,1.0,170.4,0.0,0.0,8.0,0.0,1,High Recency • High Frequency
17923,2011-03-02 15:15:00,282.0,3.0,497.0,0.3333333333333333,0.0,2.0,0.0,1,High Recency • High Frequency
17924,2011-11-28 09:11:00,12.0,8.0,3536.7000000000003,0.0,0.0,27.0,0.4285714285714285,5,High Returns
17925,2010-12-02 10:10:00,373.0,1.0,488.16,0.0,0.0,1.0,0.0,1,High Recency • High Frequency
17926,2011-07-29 14:39:00,133.0,5.0,1035.49,0.2,0.0,27.0,0.0,1,High Recency • High Frequency
17927,2009-12-18 11:03:00,722.0,1.0,294.0,0.0,0.0,10.0,0.0,1,High Recency • High Frequency
17928,2011-10-25 13:52:00,45.0,3.0,341.24,0.0,0.0,27.0,0.0,1,High Recency • High Frequency
17929,2011-11-28 16:01:00,11.0,12.0,3082.1,0.0833333333333333,0.0,6.0,0.0769230769230769,1,High Recency • High Frequency
17930,2011-11-04 10:23:00,36.0,13.0,4275.22,0.0,0.0,39.0,0.1333333333333333,1,High Recency • High Frequency
17931,2011-07-28 18:33:00,134.0,14.0,3437.29,0.1428571428571428,0.0,274.0,0.2222222222222222,3,Diverse Basket • Frequent
17932,2011-11-10 19:49:00,29.0,3.0,1331.57,0.3333333333333333,0.0,84.0,0.0,1,High Recency • High Frequency
17933,2010-03-17 15:11:00,632.0,1.0,114.69,0.0,0.0,12.0,0.0,1,High Recency • High Frequency
17934,2011-10-19 11:16:00,52.0,3.0,1049.15,0.0,0.0,36.0,0.0,1,High Recency • High Frequency
17935,2011-07-24 13:18:00,138.0,7.0,686.14,0.1428571428571428,0.0,60.0,0.125,1,High Recency • High Frequency
17936,2011-12-04 13:32:00,5.0,1.0,389.84,1.0,0.0,68.0,0.0,4,Weekend Shoppers
17937,2011-12-01 11:45:00,9.0,7.0,4301.22,0.2857142857142857,0.0,19.0,0.0,1,High Recency • High Frequency
17938,2010-10-15 14:27:00,420.0,1.0,144.29,0.0,0.0,29.0,0.0,1,High Recency • High Frequency
17939,2011-07-03 12:27:00,160.0,1.0,99.14,1.0,0.0,12.0,0.0,4,Weekend Shoppers
17940,2011-10-21 13:27:00,49.0,16.0,30393.19,0.0,0.0,11.0,0.2727272727272727,5,High Returns
17941,2011-08-01 08:30:00,131.0,4.0,1433.28,0.0,0.0,5.0,0.0,1,High Recency • High Frequency
17942,2011-12-02 10:45:00,8.0,1.0,77.50000000000001,0.0,0.0,2.0,0.0,1,High Recency • High Frequency
17944,2010-10-12 16:25:00,423.0,1.0,75.41,0.0,0.0,24.0,0.0,1,High Recency • High Frequency
17945,2010-01-12 11:40:00,697.0,3.0,360.35,0.0,0.0,66.0,0.0,1,High Recency • High Frequency
17946,2011-04-20 17:00:00,233.0,2.0,149.57999999999998,0.0,0.0,18.0,0.0,1,High Recency • High Frequency
17947,2011-11-02 13:05:00,37.0,1.0,176.68,0.0,0.0,9.0,0.0,1,High Recency • High Frequency
17948,2011-07-15 12:58:00,147.0,1.0,358.56000000000006,0.0,0.0,1.0,0.0,1,High Recency • High Frequency
17949,2011-12-08 18:46:00,1.0,118.0,118628.08,0.0,0.0,58.0,0.144927536231884,3,Diverse Basket • Frequent
17950,2011-09-28 15:18:00,72.0,7.0,1432.81,0.1428571428571428,0.0,133.0,0.125,1,High Recency • High Frequency
17951,2011-10-31 12:30:00,40.0,4.0,1636.08,0.25,0.0,24.0,0.2,5,High Returns
17952,2010-11-26 13:54:00,378.0,4.0,819.61,0.0,0.0,85.0,0.0,1,High Recency • High Frequency
17953,2010-06-17 15:08:00,540.0,1.0,160.82,0.0,0.0,20.0,0.0,1,High Recency • High Frequency
17954,2011-12-04 14:15:00,5.0,19.0,3966.05,0.2631578947368421,0.0,479.0,0.2692307692307692,3,Diverse Basket • Frequent
17955,2011-05-25 12:00:00,199.0,6.0,949.9,0.0,0.0,16.0,0.0,1,High Recency • High Frequency
17956,2011-04-04 13:47:00,249.0,1.0,12.75,0.0,0.0,1.0,0.0,1,High Recency • High Frequency
17957,2011-10-04 14:58:00,66.0,1.0,111.68,0.0,0.0,31.0,0.0,1,High Recency • High Frequency
17958,2011-08-15 12:19:00,117.0,2.0,973.88,0.0,0.0,35.0,0.0,1,High Recency • High Frequency
17959,2010-04-26 14:12:00,592.0,1.0,140.75,0.0,0.0,2.0,0.0,1,High Recency • High Frequency
17960,2011-06-21 14:15:00,171.0,3.0,135.08,0.0,0.0,37.0,0.0,1,High Recency • High Frequency
17961,2011-11-18 16:55:00,21.0,100.0,2995.54,0.04,0.0,486.0,0.0196078431372549,3,Diverse Basket • Frequent
17962,2011-07-20 14:16:00,142.0,4.0,687.42,0.0,0.0,146.0,0.2,5,High Returns
17963,2010-08-25 15:58:00,471.0,4.0,651.51,0.0,0.0,98.0,0.0,1,High Recency • High Frequency
17964,2011-11-08 10:44:00,32.0,2.0,733.46,0.0,0.0,84.0,0.0,1,High Recency • High Frequency
17965,2011-11-02 09:31:00,38.0,29.0,7240.98,0.0344827586206896,0.0,588.0,0.1212121212121212,3,Diverse Basket • Frequent
17966,2011-11-02 10:26:00,38.0,10.0,1974.42,0.0,0.0,82.0,0.0,1,High Recency • High Frequency
17967,2010-12-03 11:19:00,372.0,2.0,357.29,0.0,0.0,59.0,0.0,1,High Recency • High Frequency
17968,2010-12-01 12:23:00,374.0,4.0,888.04,0.0,0.0,106.0,0.0,1,High Recency • High Frequency
17969,2011-06-26 13:00:00,166.0,20.0,2369.94,0.55,0.0,113.0,0.2592592592592592,4,Weekend Shoppers
17970,2011-05-12 20:03:00,211.0,1.0,582.59,0.0,1.0,27.0,0.0,0,Night Shoppers
17971,2010-06-09 14:04:00,548.0,1.0,161.94,0.0,0.0,21.0,0.0,1,High Recency • High Frequency
17972,2011-04-12 12:16:00,242.0,1.0,136.04,0.0,0.0,30.0,0.0,1,High Recency • High Frequency
17973,2011-10-19 10:34:00,52.0,1.0,337.04,0.0,0.0,15.0,0.0,1,High Recency • High Frequency
17974,2011-11-15 11:37:00,25.0,6.0,1858.06,0.0,0.1666666666666666,279.0,0.0,3,Diverse Basket • Frequent
17975,2011-11-24 13:27:00,15.0,24.0,7028.83,0.0416666666666666,0.0,243.0,0.0769230769230769,3,Diverse Basket • Frequent
17976,2010-12-02 13:49:00,372.0,1.0,706.38,0.0,0.0,56.0,0.0,1,High Recency • High Frequency
17977,2011-11-10 13:28:00,29.0,2.0,1565.63,0.0,0.0,94.0,0.3333333333333333,5,High Returns
17978,2010-12-09 14:05:00,365.0,4.0,1461.7599999999998,0.0,0.0,62.0,0.0,1,High Recency • High Frequency
17979,2011-11-04 12:05:00,36.0,4.0,757.71,0.0,0.0,116.0,0.2,5,High Returns
17980,2011-06-27 12:01:00,166.0,4.0,1033.42,0.0,0.0,41.0,0.0,1,High Recency • High Frequency
17981,2010-10-25 10:40:00,411.0,1.0,239.12,0.0,0.0,17.0,0.0,1,High Recency • High Frequency
17982,2010-01-28 09:38:00,681.0,1.0,138.18,0.0,0.0,13.0,0.0,1,High Recency • High Frequency
17983,2010-11-09 13:24:00,395.0,1.0,171.71,0.0,0.0,23.0,0.0,1,High Recency • High Frequency
17984,2011-07-17 15:59:00,145.0,5.0,1191.27,0.4,0.0,209.0,0.0,3,Diverse Basket • Frequent
17985,2011-11-17 14:24:00,22.0,1.0,634.95,0.0,0.0,20.0,0.0,1,High Recency • High Frequency
17986,2011-10-14 14:22:00,56.0,1.0,20.8,0.0,0.0,1.0,0.0,1,High Recency • High Frequency
17987,2011-06-07 14:22:00,185.0,5.0,1003.64,0.2,0.0,139.0,0.1666666666666666,1,High Recency • High Frequency
17988,2011-11-28 11:00:00,12.0,14.0,489.54,0.2857142857142857,0.0,115.0,0.0666666666666666,3,Diverse Basket • Frequent
17989,2010-11-25 13:49:00,379.0,1.0,228.83,0.0,0.0,26.0,0.0,1,High Recency • High Frequency
17990,2011-04-17 11:44:00,237.0,6.0,1527.61,0.1666666666666666,0.0,40.0,0.1428571428571428,1,High Recency • High Frequency
17991,2011-04-28 15:58:00,225.0,3.0,320.55,0.0,0.0,37.0,0.0,1,High Recency • High Frequency
17992,2010-11-15 13:04:00,389.0,1.0,254.13,0.0,0.0,49.0,0.0,1,High Recency • High Frequency
17993,2010-04-01 14:23:00,617.0,1.0,235.19,0.0,0.0,60.0,0.0,1,High Recency • High Frequency
17994,2011-08-10 11:41:00,122.0,11.0,2313.32,0.0,0.0,227.0,0.2142857142857142,3,Diverse Basket • Frequent
17995,2011-03-03 12:30:00,282.0,3.0,495.48,0.0,0.0,28.0,0.0,1,High Recency • High Frequency
17996,2010-11-25 11:00:00,380.0,3.0,482.33,0.0,0.0,63.0,0.0,1,High Recency • High Frequency
17997,2011-09-26 16:13:00,74.0,8.0,1970.67,0.125,0.0,133.0,0.3333333333333333,5,High Returns
17998,2010-11-24 15:31:00,380.0,3.0,639.24,0.0,0.0,57.0,0.25,5,High Returns
17999,2011-11-02 15:56:00,37.0,3.0,730.9,0.0,0.0,125.0,0.0,1,High Recency • High Frequency
18000,2010-05-24 17:34:00,564.0,1.0,124.25,0.0,0.0,6.0,0.0,1,High Recency • High Frequency
18001,2011-11-27 16:02:00,12.0,6.0,953.84,0.1666666666666666,0.0,120.0,0.0,1,High Recency • High Frequency
18002,2010-11-29 10:57:00,376.0,4.0,249.92,0.0,0.0,52.0,0.0,1,High Recency • High Frequency
18003,2010-11-28 15:09:00,376.0,1.0,358.61,1.0,0.0,23.0,0.0,4,Weekend Shoppers
18004,2010-12-12 13:47:00,362.0,1.0,169.47,1.0,0.0,32.0,0.0,4,Weekend Shoppers
18005,2011-12-06 11:51:00,4.0,2.0,249.72,0.5,0.0,52.0,0.0,4,Weekend Shoppers
18006,2011-11-16 16:52:00,23.0,4.0,997.86,0.0,0.0,57.0,0.0,1,High Recency • High Frequency
18007,2010-11-12 11:08:00,393.0,1.0,220.32,0.0,0.0,46.0,0.0,1,High Recency • High Frequency
18008,2011-09-30 15:17:00,70.0,23.0,19787.13,0.0,0.0,77.0,0.0,3,Diverse Basket • Frequent
18009,2011-04-18 13:36:00,235.0,8.0,2155.83,0.0,0.0,145.0,0.4285714285714285,5,High Returns
18010,2011-03-28 12:27:00,257.0,1.0,174.8,0.0,0.0,14.0,0.0,1,High Recency • High Frequency
18011,2010-12-01 17:35:00,373.0,2.0,527.03,0.0,0.0,63.0,0.0,1,High Recency • High Frequency
18012,2009-12-16 13:16:00,723.0,1.0,115.3,0.0,0.0,13.0,0.0,1,High Recency • High Frequency
18013,2011-07-07 14:11:00,155.0,2.0,187.29,0.0,0.0,31.0,0.0,1,High Recency • High Frequency
18014,2011-11-11 15:28:00,28.0,1.0,166.42,0.0,0.0,29.0,0.0,1,High Recency • High Frequency
18015,2011-12-05 14:49:00,4.0,1.0,120.03,0.0,0.0,46.0,0.0,1,High Recency • High Frequency
18016,2011-11-07 13:25:00,32.0,7.0,1960.46,0.0,0.0,115.0,0.0,1,High Recency • High Frequency
18017,2011-09-19 16:15:00,81.0,4.0,688.0,0.0,0.0,1.0,0.0,1,High Recency • High Frequency
18018,2011-08-23 17:37:00,108.0,4.0,297.99,0.0,0.0,43.0,0.2,1,High Recency • High Frequency
18019,2011-10-19 12:10:00,52.0,1.0,38.45,0.0,0.0,5.0,0.0,1,High Recency • High Frequency
18020,2010-06-14 12:31:00,544.0,1.0,190.48,0.0,0.0,12.0,0.5,5,High Returns
18021,2010-07-18 10:52:00,510.0,2.0,227.06,0.5,0.0,32.0,0.0,4,Weekend Shoppers
18022,2011-11-04 12:45:00,36.0,5.0,1651.79,0.0,0.0,306.0,0.0,3,Diverse Basket • Frequent
18024,2011-07-10 12:40:00,153.0,2.0,389.78,1.0,0.0,21.0,0.3333333333333333,4,Weekend Shoppers
18025,2010-11-25 12:37:00,380.0,6.0,1177.72,0.0,0.0,83.0,0.0,1,High Recency • High Frequency
18026,2010-07-27 10:37:00,501.0,2.0,2074.07,0.0,0.0,12.0,0.0,1,High Recency • High Frequency
18027,2011-09-02 10:38:00,99.0,1.0,115.31,0.0,0.0,21.0,0.0,1,High Recency • High Frequency
18028,2010-05-05 13:28:00,583.0,1.0,192.05,0.0,0.0,4.0,0.0,1,High Recency • High Frequency
18029,2010-03-07 15:30:00,642.0,1.0,433.77,1.0,0.0,18.0,0.0,4,Weekend Shoppers
18030,2011-12-05 16:37:00,4.0,2.0,230.65,0.0,0.0,8.0,0.3333333333333333,5,High Returns
18031,2010-11-26 11:00:00,379.0,1.0,462.1,0.0,0.0,49.0,0.0,1,High Recency • High Frequency
18032,2011-01-09 15:32:00,334.0,1.0,73.5,1.0,0.0,5.0,0.0,4,Weekend Shoppers
18033,2011-10-05 17:28:00,65.0,1.0,97.97,0.0,0.0,32.0,0.0,1,High Recency • High Frequency
18034,2011-11-18 12:22:00,22.0,3.0,793.7,0.0,0.0,182.0,0.0,1,High Recency • High Frequency
18035,2011-11-04 12:39:00,36.0,5.0,1276.74,0.0,0.0,52.0,0.0,1,High Recency • High Frequency
18036,2011-11-07 14:40:00,32.0,11.0,1563.64,0.0,0.0,221.0,0.0,3,Diverse Basket • Frequent
18037,2011-07-08 13:39:00,154.0,15.0,167.42,0.1333333333333333,0.0,31.0,0.0,1,High Recency • High Frequency
18038,2010-06-01 15:59:00,556.0,1.0,149.41,0.0,0.0,25.0,0.0,1,High Recency • High Frequency
18039,2010-11-30 13:07:00,374.0,4.0,579.17,0.25,0.0,137.0,0.0,1,High Recency • High Frequency
18040,2011-11-20 14:20:00,19.0,2.0,357.2,0.5,0.0,18.0,0.0,4,Weekend Shoppers
18041,2011-11-28 11:39:00,12.0,38.0,8752.38,0.0263157894736842,0.0,464.0,0.05,3,Diverse Basket • Frequent
18042,2011-10-17 11:49:00,54.0,2.0,281.15,0.0,0.0,13.0,0.0,1,High Recency • High Frequency
18043,2011-11-15 12:48:00,25.0,3.0,875.9699999999999,0.0,0.0,106.0,0.0,1,High Recency • High Frequency
18044,2011-12-05 14:26:00,4.0,18.0,3505.61,0.0555555555555555,0.0,128.0,0.0526315789473684,3,Diverse Basket • Frequent
18045,2011-10-25 13:07:00,45.0,1.0,189.4,0.0,0.0,43.0,0.0,1,High Recency • High Frequency
18046,2010-02-28 11:36:00,650.0,1.0,189.63,1.0,0.0,26.0,0.0,4,Weekend Shoppers
18047,2010-11-23 13:11:00,381.0,2.0,342.69,0.0,0.0,74.0,0.0,1,High Recency • High Frequency
18048,2011-05-20 14:58:00,203.0,3.0,401.73,0.0,0.0,56.0,0.0,1,High Recency • High Frequency
18049,2010-09-28 14:26:00,437.0,2.0,556.52,0.0,0.0,82.0,0.0,1,High Recency • High Frequency
18050,2010-12-15 14:25:00,359.0,2.0,412.06000000000006,0.0,0.0,22.0,0.0,1,High Recency • High Frequency
18051,2010-03-15 13:58:00,634.0,7.0,2282.28,0.1428571428571428,0.0,41.0,0.125,1,High Recency • High Frequency
18052,2010-05-24 11:11:00,565.0,1.0,10877.18,0.0,0.0,16.0,0.0,1,High Recency • High Frequency
18053,2011-09-30 09:05:00,71.0,3.0,571.0699999999999,0.0,0.0,29.0,0.5,5,High Returns
18054,2010-11-12 08:18:00,393.0,1.0,176.5,0.0,0.0,11.0,0.0,1,High Recency • High Frequency
18055,2011-12-02 14:25:00,7.0,14.0,11195.57,0.0714285714285714,0.0,320.0,0.0666666666666666,3,Diverse Basket • Frequent
18056,2011-02-24 14:27:00,288.0,2.0,554.5999999999999,0.0,0.0,28.0,0.3333333333333333,5,High Returns
18057,2010-11-11 16:55:00,393.0,3.0,1203.56,0.0,0.0,121.0,0.0,1,High Recency • High Frequency
18058,2011-11-30 08:38:00,10.0,3.0,774.06,0.0,0.0,12.0,0.0,1,High Recency • High Frequency
18059,2011-11-16 16:49:00,23.0,3.0,306.46,0.0,0.0,17.0,0.25,5,High Returns
18060,2010-10-27 16:41:00,408.0,2.0,1185.46,0.0,0.0,74.0,0.0,1,High Recency • High Frequency
18061,2011-11-18 11:20:00,22.0,28.0,6488.97,0.0357142857142857,0.0,30.0,0.0344827586206896,3,Diverse Basket • Frequent
18062,2011-06-19 14:47:00,173.0,6.0,1632.67,0.1666666666666666,0.0,46.0,0.3333333333333333,5,High Returns
18063,2010-11-14 10:46:00,391.0,2.0,186.6,0.5,0.0,2.0,0.0,4,Weekend Shoppers
18064,2011-07-29 16:39:00,133.0,11.0,4495.03,0.3636363636363636,0.0,53.0,0.2666666666666666,5,High Returns
18065,2011-12-04 10:30:00,6.0,29.0,5866.63,0.1724137931034483,0.0,193.0,0.09375,3,Diverse Basket • Frequent
18066,2011-09-25 15:30:00,75.0,3.0,1440.4,0.3333333333333333,0.0,37.0,0.0,1,High Recency • High Frequency
18067,2011-10-30 15:58:00,40.0,1.0,396.33,1.0,0.0,36.0,0.0,4,Weekend Shoppers
18068,2011-02-23 14:50:00,289.0,1.0,101.7,0.0,0.0,1.0,0.0,1,High Recency • High Frequency
18069,2011-11-13 16:03:00,26.0,11.0,4540.56,0.7272727272727273,0.0,602.0,0.1538461538461538,3,Diverse Basket • Frequent
18070,2010-02-08 13:28:00,669.0,1.0,314.1,0.0,0.0,9.0,0.5,5,High Returns
18071,2011-03-27 11:59:00,258.0,6.0,1428.63,0.3333333333333333,0.0,52.0,0.0,1,High Recency • High Frequency
18072,2011-06-07 10:44:00,186.0,1.0,247.44,0.0,0.0,18.0,0.5,5,High Returns
18073,2011-08-17 14:02:00,114.0,12.0,3877.52,0.0,0.0,23.0,0.0769230769230769,1,High Recency • High Frequency
18074,2010-12-01 09:53:00,374.0,2.0,1509.04,0.0,0.0,37.0,0.0,1,High Recency • High Frequency
18075,2011-11-16 15:21:00,23.0,20.0,5783.29,0.0,0.0,180.0,0.3548387096774194,3,Diverse Basket • Frequent
18076,2010-11-24 14:02:00,380.0,1.0,151.49,0.0,0.0,8.0,0.0,1,High Recency • High Frequency
18077,2011-12-01 13:32:00,8.0,18.0,4338.56,0.4444444444444444,0.0,141.0,0.0,3,Diverse Basket • Frequent
18078,2011-05-06 14:32:00,217.0,4.0,844.6,0.5,0.0,65.0,0.0,4,Weekend Shoppers
18079,2011-10-25 15:27:00,45.0,5.0,4242.75,0.0,0.0,107.0,0.0,1,High Recency • High Frequency
18080,2011-11-21 08:02:00,19.0,2.0,1231.5,0.0,0.0,2.0,0.0,1,High Recency • High Frequency
18081,2011-11-03 16:30:00,36.0,3.0,343.45000000000005,0.0,0.0,14.0,0.0,1,High Recency • High Frequency
18082,2011-11-14 12:45:00,26.0,1.0,703.37,0.0,0.0,62.0,0.0,1,High Recency • High Frequency
18083,2010-11-07 11:44:00,398.0,1.0,470.73,1.0,0.0,36.0,0.0,4,Weekend Shoppers
18084,2011-11-23 13:57:00,16.0,3.0,812.9300000000001,0.3333333333333333,0.0,7.0,0.4,5,High Returns
18085,2011-01-13 15:17:00,330.0,4.0,1645.75,0.25,0.0,42.0,0.0,1,High Recency • High Frequency
18086,2011-03-10 13:34:00,274.0,1.0,101.34,0.0,0.0,7.0,0.0,1,High Recency • High Frequency
18087,2011-09-02 15:12:00,98.0,17.0,14761.52,0.0,0.0,44.0,0.1904761904761904,1,High Recency • High Frequency
18088,2011-10-09 13:41:00,61.0,1.0,167.67000000000002,1.0,0.0,35.0,0.0,4,Weekend Shoppers
18089,2010-09-19 11:57:00,447.0,1.0,428.45,1.0,0.0,9.0,0.0,4,Weekend Shoppers
18090,2010-10-14 12:32:00,422.0,1.0,349.4,0.0,0.0,47.0,0.0,1,High Recency • High Frequency
18091,2010-04-25 13:18:00,593.0,1.0,360.85,1.0,0.0,25.0,0.0,4,Weekend Shoppers
18092,2011-12-07 13:14:00,2.0,18.0,16179.44,0.0,0.0,42.0,0.1,3,Diverse Basket • Frequent
18093,2011-09-07 15:43:00,93.0,8.0,4452.71,0.0,0.0,43.0,0.1111111111111111,1,High Recency • High Frequency
18094,2011-09-19 09:28:00,82.0,13.0,6391.52,0.2307692307692307,0.0,55.0,0.1333333333333333,1,High Recency • High Frequency
18095,2011-01-31 12:50:00,313.0,5.0,2303.09,0.0,0.0,37.0,0.0,1,High Recency • High Frequency
18096,2011-11-28 12:44:00,12.0,6.0,1805.28,0.0,0.0,299.0,0.0,3,Diverse Basket • Frequent
18097,2011-12-02 11:16:00,8.0,11.0,4663.32,0.0909090909090909,0.0,86.0,0.2142857142857142,5,High Returns
18098,2010-11-08 16:31:00,396.0,1.0,550.84,0.0,0.0,85.0,0.0,1,High Recency • High Frequency
18099,2011-08-04 15:52:00,127.0,1.0,168.31,0.0,0.0,19.0,0.0,1,High Recency • High Frequency
18100,2010-06-07 14:19:00,550.0,1.0,451.56,0.0,0.0,30.0,0.0,1,High Recency • High Frequency
18101,2011-11-28 13:37:00,11.0,5.0,629.16,0.0,0.0,89.0,0.0,1,High Recency • High Frequency
18102,2011-12-09 11:50:00,1.0,145.0,608821.65,0.0137931034482758,0.0275862068965517,382.0,0.0522875816993464,2,High Spend • Frequent
18103,2010-06-08 13:36:00,549.0,1.0,105.8,0.0,0.0,10.0,0.0,1,High Recency • High Frequency
18104,2011-11-02 14:07:00,37.0,1.0,754.64,0.0,0.0,38.0,0.0,1,High Recency • High Frequency
18105,2011-11-02 12:04:00,38.0,1.0,113.48000000000002,0.0,0.0,18.0,0.0,1,High Recency • High Frequency
18106,2011-01-14 12:23:00,330.0,6.0,1461.46,0.1666666666666666,0.0,126.0,0.0,1,High Recency • High Frequency
18107,2010-09-23 13:03:00,442.0,1.0,167.13,0.0,0.0,38.0,0.0,1,High Recency • High Frequency
18108,2011-03-30 13:56:00,254.0,3.0,848.81,0.0,0.0,43.0,0.25,5,High Returns
18109,2011-12-08 11:36:00,2.0,38.0,9893.96,0.2368421052631578,0.0,203.0,0.1555555555555555,3,Diverse Basket • Frequent
18110,2011-11-20 12:34:00,20.0,2.0,435.43,1.0,0.0,58.0,0.3333333333333333,4,Weekend Shoppers
18111,2010-04-29 12:58:00,589.0,1.0,405.85,0.0,0.0,27.0,0.5,5,High Returns
18112,2011-11-27 14:43:00,12.0,4.0,775.96,1.0,0.0,59.0,0.0,4,Weekend Shoppers
18113,2010-12-06 12:31:00,369.0,1.0,152.64,0.0,0.0,1.0,0.0,1,High Recency • High Frequency
18114,2011-02-22 13:20:00,290.0,1.0,220.1,0.0,0.0,28.0,0.0,1,High Recency • High Frequency
18115,2010-01-11 11:57:00,698.0,1.0,9.7,0.0,0.0,3.0,0.0,1,High Recency • High Frequency
18116,2011-10-03 11:00:00,68.0,13.0,2154.3,0.3076923076923077,0.0,311.0,0.0,3,Diverse Basket • Frequent
18117,2011-11-14 12:47:00,26.0,1.0,320.72,0.0,0.0,68.0,0.0,1,High Recency • High Frequency
18118,2011-11-29 11:32:00,11.0,29.0,6733.22,0.1034482758620689,0.0,444.0,0.1714285714285714,3,Diverse Basket • Frequent
18119,2010-12-07 11:59:00,368.0,1.0,362.24,0.0,0.0,29.0,0.0,1,High Recency • High Frequency
18120,2011-05-09 13:45:00,214.0,1.0,111.15,0.0,0.0,17.0,0.0,1,High Recency • High Frequency
18121,2011-07-13 12:53:00,149.0,2.0,673.1,0.0,0.0,28.0,0.0,1,High Recency • High Frequency
18122,2011-12-01 13:08:00,8.0,6.0,1826.21,0.1666666666666666,0.0,239.0,0.0,3,Diverse Basket • Frequent
18123,2011-11-15 14:23:00,24.0,3.0,684.5899999999999,0.0,0.0,53.0,0.0,1,High Recency • High Frequency
18124,2010-08-24 17:21:00,472.0,1.0,111.53,0.0,0.0,20.0,0.0,1,High Recency • High Frequency
18125,2011-11-10 12:29:00,30.0,4.0,1142.99,0.25,0.0,164.0,0.2,3,Diverse Basket • Frequent
18126,2011-10-10 12:19:00,61.0,1.0,206.83,0.0,0.0,52.0,0.0,1,High Recency • High Frequency
18127,2011-11-20 14:05:00,19.0,4.0,561.53,0.5,0.0,56.0,0.0,4,Weekend Shoppers
18128,2010-06-20 13:19:00,537.0,1.0,420.04,1.0,0.0,42.0,0.0,4,Weekend Shoppers
18129,2011-04-10 14:16:00,243.0,1.0,112.55,1.0,0.0,13.0,0.0,4,Weekend Shoppers
18130,2011-11-24 14:40:00,15.0,3.0,1059.39,0.0,0.0,58.0,0.25,5,High Returns
18131,2010-03-18 08:48:00,632.0,1.0,222.96,0.0,0.0,4.0,0.0,1,High Recency • High Frequency
18132,2010-07-23 16:54:00,504.0,1.0,226.9,0.0,0.0,60.0,0.0,1,High Recency • High Frequency
18133,2011-05-11 14:14:00,212.0,1.0,931.5,0.0,0.0,1.0,0.5,5,High Returns
18134,2010-04-20 14:02:00,598.0,2.0,445.0,0.0,0.0,27.0,0.0,1,High Recency • High Frequency
18135,2011-11-10 19:32:00,29.0,10.0,1249.62,0.0,0.0,23.0,0.2307692307692307,5,High Returns
18136,2011-10-07 15:40:00,63.0,5.0,1631.36,0.0,0.0,77.0,0.4444444444444444,5,High Returns
18137,2010-06-06 14:18:00,551.0,2.0,145.99,1.0,0.0,26.0,0.0,4,Weekend Shoppers
18138,2011-02-17 14:51:00,295.0,1.0,152.65,0.0,0.0,8.0,0.0,1,High Recency • High Frequency
18139,2011-11-22 10:44:00,18.0,6.0,8438.34,0.0,0.0,35.0,0.25,5,High Returns
18140,2010-08-23 11:58:00,474.0,1.0,536.41,0.0,0.0,49.0,0.0,1,High Recency • High Frequency
18141,2010-11-03 11:44:00,402.0,2.0,882.47,0.0,0.0,38.0,0.5,5,High Returns
18142,2011-07-05 13:19:00,157.0,2.0,1019.52,0.5,0.0,9.0,0.5,5,High Returns
18143,2011-08-15 12:07:00,117.0,2.0,1000.16,0.0,0.0,59.0,0.0,1,High Recency • High Frequency
18144,2011-12-02 12:46:00,8.0,19.0,5058.0,0.0,0.0,51.0,0.0,1,High Recency • High Frequency
18145,2011-11-27 11:22:00,13.0,11.0,5617.79,0.0909090909090909,0.0,250.0,0.0833333333333333,3,Diverse Basket • Frequent
18146,2011-07-22 12:08:00,141.0,2.0,160.35000000000002,0.0,0.0,10.0,0.0,1,High Recency • High Frequency
18147,2011-10-25 11:46:00,46.0,2.0,179.33999999999995,0.0,0.0,7.0,0.0,1,High Recency • High Frequency
18148,2010-03-03 11:40:00,647.0,1.0,114.1,0.0,0.0,9.0,0.0,1,High Recency • High Frequency
18149,2011-10-20 12:04:00,51.0,7.0,1624.71,0.7142857142857143,0.0,54.0,0.0,4,Weekend Shoppers
18150,2011-11-07 16:49:00,32.0,3.0,566.58,0.3333333333333333,0.0,29.0,0.0,1,High Recency • High Frequency
18151,2011-07-28 11:35:00,135.0,6.0,1879.44,0.1666666666666666,0.0,99.0,0.1428571428571428,1,High Recency • High Frequency
18152,2010-03-03 15:26:00,646.0,1.0,426.69,0.0,0.0,10.0,0.0,1,High Recency • High Frequency
18153,2010-02-18 15:50:00,659.0,1.0,246.22,0.0,0.0,17.0,0.0,1,High Recency • High Frequency
18154,2011-12-06 16:41:00,3.0,5.0,932.6,0.2,0.0,34.0,0.0,1,High Recency • High Frequency
18155,2011-09-25 13:32:00,75.0,3.0,371.62,0.3333333333333333,0.0,19.0,0.25,5,High Returns
18156,2011-11-27 12:24:00,13.0,2.0,941.17,1.0,0.0,100.0,0.0,4,Weekend Shoppers
18157,2010-05-17 14:09:00,571.0,1.0,215.35,0.0,0.0,25.0,0.0,1,High Recency • High Frequency
18158,2011-11-30 16:19:00,9.0,2.0,453.4,0.0,0.0,24.0,0.3333333333333333,5,High Returns
18159,2011-02-11 14:26:00,301.0,1.0,530.15,0.0,0.0,23.0,0.0,1,High Recency • High Frequency
18160,2011-10-13 15:50:00,57.0,3.0,1003.88,0.0,0.0,56.0,0.0,1,High Recency • High Frequency
18161,2011-11-24 16:40:00,15.0,6.0,1803.1,0.0,0.0,57.0,0.1428571428571428,1,High Recency • High Frequency
18162,2009-12-07 13:24:00,732.0,1.0,379.16,0.0,0.0,45.0,0.0,1,High Recency • High Frequency
18163,2010-05-04 14:51:00,584.0,1.0,728.84,0.0,0.0,33.0,0.5,5,High Returns
18164,2011-11-02 12:56:00,37.0,1.0,399.65,0.0,0.0,24.0,0.5,5,High Returns
18165,2011-06-15 13:23:00,177.0,1.0,302.46000000000004,0.0,0.0,10.0,0.0,1,High Recency • High Frequency
18166,2010-03-26 12:26:00,624.0,1.0,175.5,0.0,0.0,10.0,0.0,1,High Recency • High Frequency
18167,2011-11-16 15:56:00,23.0,3.0,1384.86,0.0,0.0,24.0,0.5,5,High Returns
18168,2011-06-16 19:21:00,176.0,16.0,3770.27,0.0625,0.0,209.0,0.2727272727272727,3,Diverse Basket • Frequent
18169,2011-10-10 12:18:00,61.0,1.0,202.65,0.0,0.0,9.0,0.0,1,High Recency • High Frequency
18170,2011-11-06 14:35:00,33.0,9.0,2878.0,0.1111111111111111,0.0,59.0,0.0,1,High Recency • High Frequency
18171,2011-10-12 09:13:00,59.0,9.0,2437.31,0.0,0.0,76.0,0.1818181818181818,1,High Recency • High Frequency
18172,2011-11-25 11:12:00,15.0,52.0,17479.84,0.0576923076923076,0.0,176.0,0.1746031746031746,3,Diverse Basket • Frequent
18173,2011-09-14 11:26:00,87.0,5.0,2696.36,0.0,0.0,34.0,0.0,1,High Recency • High Frequency
18174,2011-12-02 16:56:00,7.0,2.0,162.5,0.0,0.0,1.0,0.0,1,High Recency • High Frequency
18175,2010-02-02 10:25:00,676.0,1.0,176.1,0.0,0.0,7.0,0.0,1,High Recency • High Frequency
18176,2010-12-16 15:45:00,358.0,1.0,476.35,0.0,0.0,30.0,0.5,5,High Returns
18177,2011-11-08 14:44:00,31.0,9.0,2216.87,0.1111111111111111,0.0,66.0,0.1,1,High Recency • High Frequency
18178,2011-08-03 09:30:00,129.0,11.0,6103.740000000001,0.0909090909090909,0.0,204.0,0.2666666666666666,3,Diverse Basket • Frequent
18179,2011-11-30 16:23:00,9.0,8.0,2547.55,0.125,0.0,101.0,0.0,1,High Recency • High Frequency
18180,2011-12-05 08:39:00,5.0,6.0,1843.75,0.0,0.0,108.0,0.0,1,High Recency • High Frequency
18181,2011-11-15 15:08:00,24.0,5.0,1205.94,0.0,0.0,139.0,0.2857142857142857,5,High Returns
18182,2010-09-02 14:25:00,463.0,1.0,291.13,0.0,0.0,10.0,0.0,1,High Recency • High Frequency
18183,2011-04-26 15:26:00,227.0,2.0,632.07,0.0,0.0,36.0,0.6666666666666666,5,High Returns
18184,2011-11-24 15:28:00,15.0,1.0,49.8,0.0,0.0,1.0,0.0,1,High Recency • High Frequency
18185,2011-04-04 13:42:00,249.0,1.0,304.25,0.0,0.0,17.0,0.0,1,High Recency • High Frequency
18186,2009-12-17 10:22:00,723.0,1.0,329.58,0.0,0.0,11.0,0.0,1,High Recency • High Frequency
18187,2010-03-18 09:49:00,632.0,1.0,724.89,0.0,0.0,48.0,0.6666666666666666,5,High Returns
18188,2011-11-24 16:46:00,15.0,6.0,3280.59,0.0,0.0,95.0,0.25,5,High Returns
18189,2011-09-23 12:40:00,78.0,3.0,1403.73,0.0,0.0,79.0,0.4,5,High Returns
18190,2011-05-31 14:48:00,192.0,5.0,745.62,0.0,0.0,34.0,0.1666666666666666,1,High Recency • High Frequency
18191,2011-03-23 12:08:00,262.0,2.0,529.4,0.0,0.0,15.0,0.0,1,High Recency • High Frequency
18192,2011-09-29 09:53:00,72.0,1.0,957.97,0.0,0.0,45.0,0.0,1,High Recency • High Frequency
18193,2011-06-27 13:58:00,165.0,3.0,1207.35,0.0,0.0,66.0,0.4,5,High Returns
18194,2011-09-18 13:29:00,82.0,6.0,4162.04,0.1666666666666666,0.0,23.0,0.1428571428571428,1,High Recency • High Frequency
18195,2010-11-17 15:03:00,387.0,1.0,101.16,0.0,0.0,5.0,0.0,1,High Recency • High Frequency
18196,2011-09-05 16:22:00,95.0,4.0,1464.31,0.0,0.0,210.0,0.0,1,High Recency • High Frequency
18197,2010-05-13 10:46:00,576.0,1.0,230.1,0.0,0.0,9.0,0.5,5,High Returns
18198,2011-12-05 14:49:00,4.0,17.0,5425.56,0.0588235294117647,0.0,81.0,0.1904761904761904,3,Diverse Basket • Frequent
18199,2010-01-25 11:32:00,684.0,1.0,344.75,0.0,0.0,20.0,0.5,5,High Returns
18200,2011-08-25 18:45:00,106.0,1.0,163.8,0.0,0.0,29.0,0.0,1,High Recency • High Frequency
18201,2009-12-17 08:55:00,723.0,1.0,447.53,0.0,0.0,27.0,0.0,1,High Recency • High Frequency
18202,2011-05-24 12:12:00,200.0,3.0,1396.99,0.0,0.0,55.0,0.0,1,High Recency • High Frequency
18203,2011-07-05 13:07:00,157.0,4.0,504.42,0.0,0.0,40.0,0.0,1,High Recency • High Frequency
18204,2011-09-29 16:44:00,71.0,3.0,1993.7,0.0,0.0,159.0,0.25,5,High Returns
18205,2011-11-03 13:22:00,36.0,2.0,517.36,0.0,0.0,30.0,0.0,1,High Recency • High Frequency
18206,2010-06-04 13:47:00,553.0,1.0,314.66,0.0,0.0,19.0,0.0,1,High Recency • High Frequency
18207,2010-07-28 14:26:00,499.0,1.0,544.47,0.0,0.0,31.0,0.6666666666666666,5,High Returns
18208,2010-05-23 11:54:00,566.0,1.0,360.08,1.0,0.0,17.0,0.0,4,Weekend Shoppers
18209,2011-11-11 12:07:00,29.0,1.0,139.10000000000002,0.0,0.0,8.0,0.0,1,High Recency • High Frequency
18210,2011-12-08 11:02:00,2.0,7.0,2768.83,0.0,0.0,116.0,0.0,1,High Recency • High Frequency
18211,2011-11-14 08:10:00,26.0,5.0,600.07,0.2,0.0,37.0,0.0,1,High Recency • High Frequency
18212,2011-01-17 16:14:00,326.0,2.0,546.72,0.5,0.0,40.0,0.0,4,Weekend Shoppers
18213,2011-04-17 10:21:00,237.0,1.0,232.48,1.0,0.0,15.0,0.0,4,Weekend Shoppers
18214,2010-06-27 11:21:00,531.0,4.0,1780.34,0.25,0.0,38.0,0.2,1,High Recency • High Frequency
18215,2011-09-11 16:05:00,89.0,5.0,2247.49,0.2,0.0,53.0,0.1666666666666666,1,High Recency • High Frequency
18216,2011-11-08 16:55:00,31.0,1.0,481.75,0.0,0.0,26.0,0.0,1,High Recency • High Frequency
18217,2011-11-10 13:18:00,29.0,4.0,945.04,0.0,0.0,33.0,0.3333333333333333,5,High Returns
18218,2011-05-12 12:53:00,211.0,4.0,1142.0,0.0,0.0,25.0,0.3333333333333333,5,High Returns
18219,2011-12-07 11:43:00,3.0,17.0,3562.8900000000003,0.0,0.0,87.0,0.1052631578947368,3,Diverse Basket • Frequent
18220,2011-04-27 09:03:00,227.0,6.0,1921.76,0.0,0.0,17.0,0.4545454545454545,5,High Returns
18221,2011-11-17 14:40:00,22.0,6.0,1424.94,0.1666666666666666,0.0,71.0,0.25,5,High Returns
18222,2011-09-08 10:45:00,93.0,1.0,443.0,0.0,0.0,19.0,0.0,1,High Recency • High Frequency
18223,2011-12-05 09:11:00,5.0,26.0,14000.85,0.0769230769230769,0.0,192.0,0.5,3,Diverse Basket • Frequent
18224,2011-03-21 10:30:00,264.0,1.0,158.95000000000002,0.0,0.0,10.0,0.0,1,High Recency • High Frequency
18225,2011-12-06 13:27:00,3.0,26.0,13054.26,0.0384615384615384,0.0,266.0,0.2352941176470588,3,Diverse Basket • Frequent
18226,2011-10-26 13:36:00,44.0,26.0,11878.88,0.1538461538461538,0.0,299.0,0.3157894736842105,3,Diverse Basket • Frequent
18227,2011-05-06 12:23:00,218.0,2.0,388.75,0.0,0.0,6.0,0.3333333333333333,5,High Returns
18228,2011-10-14 09:21:00,57.0,2.0,779.9,0.0,0.0,23.0,0.3333333333333333,5,High Returns
18229,2011-11-28 09:48:00,12.0,28.0,10803.71,0.1071428571428571,0.0,73.0,0.0,3,Diverse Basket • Frequent
18230,2011-11-30 13:22:00,9.0,9.0,4291.06,0.1111111111111111,0.0,42.0,0.25,5,High Returns
18231,2011-05-31 14:18:00,192.0,28.0,6880.97,0.1428571428571428,0.0,218.0,0.0666666666666666,3,Diverse Basket • Frequent
18232,2011-09-19 11:49:00,82.0,4.0,592.97,0.0,0.0,31.0,0.2,5,High Returns
18233,2011-01-18 08:44:00,326.0,1.0,440.0,0.0,0.0,1.0,0.0,1,High Recency • High Frequency
18234,2010-06-06 11:22:00,552.0,1.0,179.6,1.0,0.0,30.0,0.0,4,Weekend Shoppers
18235,2011-09-29 08:27:00,72.0,3.0,1796.48,0.0,0.0,100.0,0.0,1,High Recency • High Frequency
18236,2011-11-10 08:06:00,30.0,12.0,1795.35,0.1666666666666666,0.0,80.0,0.0,1,High Recency • High Frequency
18237,2011-12-07 12:49:00,3.0,5.0,987.1,0.0,0.0,40.0,0.0,1,High Recency • High Frequency
18238,2010-07-12 12:51:00,515.0,1.0,270.92,0.0,0.0,14.0,0.0,1,High Recency • High Frequency
18239,2011-05-05 12:38:00,219.0,6.0,2150.36,0.0,0.0,85.0,0.0,1,High Recency • High Frequency
18240,2011-10-24 13:06:00,46.0,1.0,422.58,0.0,0.0,6.0,0.0,1,High Recency • High Frequency
18241,2011-11-30 12:10:00,10.0,21.0,2986.99,0.0,0.0,101.0,0.0869565217391304,3,Diverse Basket • Frequent
18242,2011-09-28 13:43:00,72.0,8.0,3605.21,0.0,0.0,113.0,0.0,1,High Recency • High Frequency
18243,2010-10-21 14:29:00,414.0,1.0,515.78,0.0,0.0,26.0,0.0,1,High Recency • High Frequency
18244,2010-10-05 11:15:00,431.0,2.0,568.64,0.5,0.0,19.0,0.0,4,Weekend Shoppers
18245,2011-12-02 14:48:00,7.0,20.0,6324.9800000000005,0.15,0.0,336.0,0.1304347826086956,3,Diverse Basket • Frequent
18246,2011-11-16 11:49:00,24.0,3.0,758.8199999999999,0.0,0.0,3.0,0.0,1,High Recency • High Frequency
18247,2010-10-21 09:49:00,415.0,3.0,839.73,0.0,0.0,28.0,0.5,5,High Returns
18248,2011-08-09 10:19:00,123.0,2.0,804.02,0.0,0.0,39.0,0.5,5,High Returns
18249,2011-11-22 15:07:00,17.0,1.0,95.34,0.0,0.0,8.0,0.0,1,High Recency • High Frequency
18250,2011-02-02 13:16:00,310.0,1.0,349.27,0.0,0.0,21.0,0.5,5,High Returns
18251,2011-09-13 15:03:00,87.0,9.0,26278.86,0.0,0.0,87.0,0.0,1,High Recency • High Frequency
18252,2011-10-20 12:43:00,51.0,7.0,1542.09,0.0,0.0,125.0,0.125,1,High Recency • High Frequency
18253,2010-03-07 12:38:00,643.0,1.0,317.88,1.0,0.0,7.0,0.0,4,Weekend Shoppers
18254,2010-05-07 14:37:00,581.0,1.0,267.9,0.0,0.0,16.0,0.0,1,High Recency • High Frequency
18255,2011-09-11 13:16:00,89.0,2.0,303.15,0.5,0.0,16.0,0.0,4,Weekend Shoppers
18256,2010-11-17 08:53:00,388.0,1.0,110.7,0.0,0.0,10.0,0.5,5,High Returns
18257,2011-10-31 14:48:00,39.0,12.0,4600.15,0.0833333333333333,0.0,219.0,0.3333333333333333,3,Diverse Basket • Frequent
18258,2010-09-01 14:20:00,464.0,6.0,2059.67,0.3333333333333333,0.0,30.0,0.25,5,High Returns
18259,2011-11-15 12:34:00,25.0,7.0,4318.200000000001,0.0,0.0,51.0,0.0,1,High Recency • High Frequency
18260,2011-06-20 12:37:00,173.0,23.0,9962.11,0.3043478260869565,0.0,212.0,0.28125,3,Diverse Basket • Frequent
18261,2011-10-27 15:36:00,43.0,2.0,324.24,0.0,0.0,19.0,0.0,1,High Recency • High Frequency
18262,2011-07-22 16:04:00,140.0,3.0,577.54,0.0,0.0,40.0,0.0,1,High Recency • High Frequency
18263,2011-11-14 09:00:00,26.0,3.0,1213.16,0.0,0.0,59.0,0.25,5,High Returns
18264,2010-07-29 10:02:00,499.0,1.0,603.25,0.0,0.0,36.0,0.0,1,High Recency • High Frequency
18265,2011-09-28 14:10:00,72.0,2.0,801.51,0.0,0.0,44.0,0.0,1,High Recency • High Frequency
18266,2010-10-01 15:33:00,434.0,1.0,251.1,0.0,0.0,14.0,0.0,1,High Recency • High Frequency
18267,2010-02-05 08:43:00,673.0,1.0,269.37,0.0,0.0,17.0,0.5,5,High Returns
18268,2011-07-28 19:13:00,134.0,6.0,1490.23,0.0,0.0,36.0,0.25,5,High Returns
18269,2010-12-08 13:53:00,366.0,1.0,337.2,0.0,0.0,7.0,0.5,5,High Returns
18270,2011-11-01 13:57:00,38.0,3.0,444.55,0.3333333333333333,0.0,17.0,0.25,5,High Returns
18271,2010-04-09 09:26:00,610.0,2.0,680.85,0.0,0.0,19.0,0.0,1,High Recency • High Frequency
18272,2011-12-07 12:43:00,3.0,9.0,4385.98,0.0,0.0,145.0,0.1818181818181818,3,Diverse Basket • Frequent
18273,2011-12-07 13:16:00,2.0,4.0,357.0,0.25,0.0,1.0,0.0,1,High Recency • High Frequency
18274,2011-11-09 17:03:00,30.0,1.0,175.92,0.0,0.0,11.0,0.5,5,High Returns
18275,2010-05-10 15:46:00,578.0,2.0,741.85,0.0,0.0,19.0,0.0,1,High Recency • High Frequency
18276,2011-10-27 10:54:00,44.0,6.0,1656.52,0.0,0.0,81.0,0.4,5,High Returns
18277,2011-10-12 15:22:00,58.0,5.0,1180.05,0.2,0.0,53.0,0.375,5,High Returns
18278,2011-09-27 11:58:00,74.0,2.0,414.2000000000001,0.5,0.0,22.0,0.0,4,Weekend Shoppers
18279,2010-07-08 14:48:00,519.0,1.0,231.34,0.0,0.0,13.0,0.0,1,High Recency • High Frequency
18280,2011-03-07 09:52:00,278.0,2.0,488.15,0.0,0.0,28.0,0.3333333333333333,5,High Returns
18281,2011-06-12 10:53:00,181.0,2.0,201.14,0.5,0.0,17.0,0.0,4,Weekend Shoppers
18282,2011-12-02 11:43:00,8.0,2.0,178.05,0.0,0.0,12.0,0.3333333333333333,5,High Returns
18283,2011-12-06 12:02:00,4.0,22.0,2736.65,0.0909090909090909,0.0,352.0,0.0,3,Diverse Basket • Frequent
18284,2010-10-04 11:33:00,432.0,1.0,461.68,0.0,0.0,28.0,0.5,5,High Returns
18285,2010-02-17 10:24:00,661.0,1.0,427.0,0.0,0.0,12.0,0.0,1,High Recency • High Frequency
18286,2010-08-20 11:57:00,477.0,2.0,1296.43,0.0,0.0,67.0,0.3333333333333333,5,High Returns
18287,2011-10-28 09:29:00,43.0,7.0,4182.99,0.1428571428571428,0.0,120.0,0.125,1,High Recency • High Frequency
12382,,0.0,0.0,0.0,0.0,0.0,0.0,1.0,5,High Returns
12706,,0.0,0.0,0.0,0.0,0.0,0.0,1.0,5,High Returns
12896,,0.0,0.0,0.0,0.0,0.0,0.0,1.0,5,High Returns
13054,,0.0,0.0,0.0,0.0,0.0,0.0,1.0,5,High Returns
13100,,0.0,0.0,0.0,0.0,0.0,0.0,1.0,5,High Returns
13231,,0.0,0.0,0.0,0.0,0.0,0.0,1.0,5,High Returns
13256,,0.0,0.0,0.0,0.0,0.0,0.0,0.0,1,High Recency • High Frequency
13335,,0.0,0.0,0.0,0.0,0.0,0.0,1.0,5,High Returns
13342,,0.0,0.0,0.0,0.0,0.0,0.0,1.0,5,High Returns
13353,,0.0,0.0,0.0,0.0,0.0,0.0,1.0,5,High Returns
13378,,0.0,0.0,0.0,0.0,0.0,0.0,1.0,5,High Returns
13401,,0.0,0.0,0.0,0.0,0.0,0.0,1.0,5,High Returns
13409,,0.0,0.0,0.0,0.0,0.0,0.0,1.0,5,High Returns
13463,,0.0,0.0,0.0,0.0,0.0,0.0,1.0,5,High Returns
13528,,0.0,0.0,0.0,0.0,0.0,0.0,1.0,5,High Returns
13633,,0.0,0.0,0.0,0.0,0.0,0.0,1.0,5,High Returns
13664,,0.0,0.0,0.0,0.0,0.0,0.0,1.0,5,High Returns
13749,,0.0,0.0,0.0,0.0,0.0,0.0,1.0,5,High Returns
13910,,0.0,0.0,0.0,0.0,0.0,0.0,1.0,5,High Returns
14103,,0.0,0.0,0.0,0.0,0.0,0.0,0.0,1,High Recency • High Frequency
14120,,0.0,0.0,0.0,0.0,0.0,0.0,1.0,5,High Returns
14313,,0.0,0.0,0.0,0.0,0.0,0.0,1.0,5,High Returns
14337,,0.0,0.0,0.0,0.0,0.0,0.0,1.0,5,High Returns
14763,,0.0,0.0,0.0,0.0,0.0,0.0,1.0,5,High Returns
14781,,0.0,0.0,0.0,0.0,0.0,0.0,1.0,5,High Returns
14827,,0.0,0.0,0.0,0.0,0.0,0.0,0.0,1,High Recency • High Frequency
14864,,0.0,0.0,0.0,0.0,0.0,0.0,1.0,5,High Returns
14914,,0.0,0.0,0.0,0.0,0.0,0.0,1.0,5,High Returns
14925,,0.0,0.0,0.0,0.0,0.0,0.0,1.0,5,High Returns
14939,,0.0,0.0,0.0,0.0,0.0,0.0,1.0,5,High Returns
15357,,0.0,0.0,0.0,0.0,0.0,0.0,1.0,5,High Returns
15383,,0.0,0.0,0.0,0.0,0.0,0.0,1.0,5,High Returns
15767,,0.0,0.0,0.0,0.0,0.0,0.0,1.0,5,High Returns
15849,,0.0,0.0,0.0,0.0,0.0,0.0,1.0,5,High Returns
15896,,0.0,0.0,0.0,0.0,0.0,0.0,1.0,5,High Returns
15997,,0.0,0.0,0.0,0.0,0.0,0.0,1.0,5,High Returns
16151,,0.0,0.0,0.0,0.0,0.0,0.0,1.0,5,High Returns
16154,,0.0,0.0,0.0,0.0,0.0,0.0,1.0,5,High Returns
16220,,0.0,0.0,0.0,0.0,0.0,0.0,1.0,5,High Returns
16512,,0.0,0.0,0.0,0.0,0.0,0.0,1.0,5,High Returns
16514,,0.0,0.0,0.0,0.0,0.0,0.0,1.0,5,High Returns
16575,,0.0,0.0,0.0,0.0,0.0,0.0,1.0,5,High Returns
16580,,0.0,0.0,0.0,0.0,0.0,0.0,1.0,5,High Returns
16703,,0.0,0.0,0.0,0.0,0.0,0.0,1.0,5,High Returns
16853,,0.0,0.0,0.0,0.0,0.0,0.0,1.0,5,High Returns
16879,,0.0,0.0,0.0,0.0,0.0,0.0,1.0,5,High Returns
16981,,0.0,0.0,0.0,0.0,0.0,0.0,1.0,5,High Returns
16994,,0.0,0.0,0.0,0.0,0.0,0.0,1.0,5,High Returns
16995,,0.0,0.0,0.0,0.0,0.0,0.0,1.0,5,High Returns
17013,,0.0,0.0,0.0,0.0,0.0,0.0,1.0,5,High Returns
17130,,0.0,0.0,0.0,0.0,0.0,0.0,1.0,5,High Returns
17399,,0.0,0.0,0.0,0.0,0.0,0.0,1.0,5,High Returns
17424,,0.0,0.0,0.0,0.0,0.0,0.0,1.0,5,High Returns
17445,,0.0,0.0,0.0,0.0,0.0,0.0,1.0,5,High Returns
17452,,0.0,0.0,0.0,0.0,0.0,0.0,1.0,5,High Returns
17485,,0.0,0.0,0.0,0.0,0.0,0.0,1.0,5,High Returns
17546,,0.0,0.0,0.0,0.0,0.0,0.0,1.0,5,High Returns
17632,,0.0,0.0,0.0,0.0,0.0,0.0,1.0,5,High Returns
17641,,0.0,0.0,0.0,0.0,0.0,0.0,1.0,5,High Returns
17645,,0.0,0.0,0.0,0.0,0.0,0.0,1.0,5,High Returns
17661,,0.0,0.0,0.0,0.0,0.0,0.0,1.0,5,High Returns
17755,,0.0,0.0,0.0,0.0,0.0,0.0,1.0,5,High Returns
17943,,0.0,0.0,0.0,0.0,0.0,0.0,1.0,5,High Returns
18023,,0.0,0.0,0.0,0.0,0.0,0.0,1.0,5,High Returns
