ClusterID,Recency,Frequency,Monetary,Weekend_Ratio,Night_Shopper,Basket_Diversity,Return_Rate
0,0.4312529118231034,-0.31042156642914404,-0.1724138150715917,-0.2723613275915475,30.215849803437397,-0.47610222261743773,-0.6762015498960904
1,0.19232035466743438,-0.23213471224233892,-0.13175610095500961,-0.3951416597887068,-0.03866033243588306,-0.33394098127897115,-0.5848251314337753
2,-0.9351020399621146,13.099297143851771,14.349898578310787,-0.3015052676787367,0.09466954918980891,9.092128722647713,0.1924097671693931
3,-0.7780530354982412,0.9894968619721417,0.43928385079769605,0.0035446711112506715,0.0344796590069715,1.4173826845778401,0.16874098372026097
4,0.2729304709487301,-0.2529929150689668,-0.14844366771850956,2.4737285005196132,-0.019525896579596833,-0.17589431413581197,-0.3660133466382277
5,-0.0273150946513996,-0.17414316678400488,-0.08341550182446829,-0.2919770634758952,-0.041419680917658436,-0.23376706124056054,1.4710517347526237
