feature,importance
Weekend_Ratio,0.20377025384422212
Return_Rate,0.17890800987016545
Night_Shopper,0.1598610554819721
Frequency,0.14456255868018184
Basket_Diversity,0.14048125419330787
Monetary,0.12901555018537805
Recency,0.043401317744772586
