class,support,per_class_accuracy
0,1,1.0
1,615,0.9951219512195122
2,3,1.0
3,185,0.9135135135135135
4,129,0.9844961240310077
5,256,0.984375
