fold,accuracy
1,0.9789739276703112
2,0.9789739276703112
3,0.9831649831649831
4,0.9772727272727273
5,0.9823232323232324
